handle,tag,depth,seed,type,language,language_default_policy,lang_confidence,n_msgs,n_posts,n_text_msgs,n_forward_msgs,median_views,subscribers,modal_hour_utc
aeronetnews,cz,0,True,channel,cs,cs,1.0,33,33,33,0,12155,10946,18
casusbellilive,cz,0,True,channel,sk,sk,0.982,4492,3671,3472,971,7184,40463,17
cz24news,cz,0,True,channel,cs,cs,0.991,2914,2718,2675,1,5735,29718,3
dannykollar,cz,0,True,channel,sk,sk,1.0,20,20,18,0,80767,54462,14
datelsk,cz,0,True,empty,unknown,unknown,0.0,0,0,0,0,,7999,
dkbleskovky,cz,0,True,channel,sk,sk,0.904,243,242,210,0,10026,26033,12
ereport,cz,0,True,channel,unknown,unknown,0.0,524,524,524,0,2014,10974,14
harabin,cz,0,True,channel,sk,sk,1.0,758,725,681,576,2610,11308,8
hlavnespravy1,cz,0,True,channel,sk,sk,0.988,1330,1324,1323,1,3521,14319,7
hricalubos,cz,0,True,channel,sk,sk,1.0,5,5,5,0,22111,10281,18
infovojnaofficial,cz,0,True,channel,sk,sk,1.0,357,357,357,0,17876,49790,9
investigativnyblogsk,cz,0,True,channel,sk,sk,0.986,1133,1001,970,250,2847,18115,19
juditalassakova,cz,0,True,channel,sk,sk,1.0,40,39,37,1,14014,17640,8
lenockattt,cz,0,True,empty,unknown,unknown,0.0,0,0,0,0,,21120,
lubosblahasmer,cz,0,True,channel,sk,sk,1.0,75,57,55,0,28924,36065,11
marsalmalinovskij,cz,0,True,channel,cs,cs,0.988,83,69,67,0,5360,20960,16
metapolitika,cz,0,True,channel,sk,sk,1.0,73,67,60,0,9180,15571,19
milan_uhrik,cz,0,True,channel,sk,sk,1.0,70,69,68,7,7675,13002,9
mimisramova,cz,0,True,channel,sk,sk,0.97,586,569,438,0,2201,27578,21
miro_del,cz,0,True,channel,sk,sk,1.0,890,713,713,0,4168,16038,7
miroheredos,cz,0,True,channel,sk,sk,1.0,46,46,40,0,5320,11868,11
miroslavkamensky,cz,0,True,empty,unknown,unknown,0.0,0,0,0,0,,23807,
nect24,cz,0,True,channel,cs,cs,0.997,2217,1855,1837,21,5424,32674,8
otevrisvoumysl,cz,0,True,channel,cs,cs,1.0,25,25,25,2,15059,16747,15
paralelne,cz,0,True,channel,cs,cs,1.0,3,3,3,0,2273,10921,14
pavelkamas,cz,0,True,channel,cs,cs,1.0,23,23,19,1,11962,11897,17
prinasame_nadej,cz,0,True,channel,sk,sk,1.0,34,32,21,1,6959,8700,16
realfikisulik,cz,0,True,empty,unknown,unknown,0.0,0,0,0,0,,22290,
selskyrozum,cz,0,True,channel,cs,cs,0.994,3819,3357,3353,68,2412,12443,19
slobodnyvysielac,cz,0,True,channel,sk,sk,0.993,674,674,419,10,2382,12839,23
slovanskenoviny,cz,0,True,channel,sk,sk,0.991,1912,1822,1793,40,2045,14712,9
slovenskymedved,cz,0,True,empty,unknown,unknown,0.0,0,0,0,0,,17577,
smersd,cz,0,True,channel,sk,sk,1.0,50,49,46,0,7933,14017,17
spravy_slovakia,cz,0,True,empty,unknown,unknown,0.0,0,0,0,0,,11675,
sutajestoksr,cz,0,True,empty,unknown,unknown,0.0,0,0,0,0,,9648,
to_je_nas_svet,cz,0,True,channel,cs,cs,1.0,1301,1254,1254,0,1939,12134,8
tomastaraba,cz,0,True,channel,sk,sk,1.0,8,8,4,0,7023,9046,8
veciverejne,cz,0,True,channel,sk,sk,0.957,224,224,224,0,2670,7716,14
zemavek,cz,0,True,channel,sk,sk,1.0,1808,1733,1731,0,7226,32973,7
zoroslav,cz,0,True,empty,unknown,unknown,0.0,0,0,0,0,,18571,
asupersharij,ru,0,True,channel,ru,ru,0.991,1140,1006,989,0,832194,1598565,8
boris_rozhin,ru,0,True,channel,ru,ru,1.0,2700,1844,1813,895,362946,746799,10
dva_majors,ru,0,True,channel,ru,ru,1.0,1062,879,870,267,80864,1167235,19
karaulny,ru,0,True,channel,ru,ru,1.0,6614,5539,5491,6600,16221,120145,15
legitimniy,ru,0,True,channel,ru,ru,1.0,252,227,227,13,505485,1051272,7
mash,ru,0,True,channel,ru,ru,1.0,570,438,438,110,762887,3120883,11
rvvoenkor,ru,0,True,channel,ru,ru,1.0,2177,1453,1452,65,458812,1470176,19
rybar,ru,0,True,channel,ru,ru,1.0,709,609,586,182,392230,1544655,6
warfakes,ru,0,True,channel,ru,ru,1.0,882,376,371,13,129820,396454,13
wargonzo,ru,0,True,channel,ru,ru,1.0,482,235,235,109,546536,752765,7
africaintel,cz,1,False,channel,en,en,1.0,515,473,466,13,1188,16809,19
akoinak,cz,1,False,empty,unknown,unknown,0.0,0,0,0,0,,14,
akwsk,cz,1,False,channel,sk,sk,0.955,588,587,503,11,4921,10863,20
altimurla,cz,1,False,channel,ru,ru,1.0,69,69,69,51,233,2391,18
anna_news,cz,1,False,channel,ru,ru,1.0,1024,800,791,87,104647,238929,14
aussiecossack,cz,1,False,channel,en,en,1.0,358,276,263,103,12732,79909,11
aviapro1,cz,1,False,channel,ru,ru,0.997,2519,1996,2393,0,9104,44597,12
azovsof,cz,1,False,empty,unknown,unknown,0.0,0,0,0,0,,692,
badhisto,cz,1,False,empty,unknown,unknown,0.0,0,0,0,0,,169,
balkanossiper,cz,1,False,channel,ru,ru,1.0,140,114,114,20,9883,28663,14
bearitarmy,cz,1,False,empty,unknown,unknown,0.0,0,0,0,0,,425,
belarusian_silovik,cz,1,False,channel,ru,ru,0.997,1266,1124,1119,146,14873,449791,7
belta_telegramm,cz,1,False,channel,ru,ru,1.0,5321,4315,4296,220,5786,81404,8
brigade128,cz,1,False,channel,uk,uk,1.0,27,24,16,0,11862,5891,6
bro571,cz,1,False,empty,unknown,unknown,0.0,0,0,0,0,,25,
brussinf,cz,1,False,channel,ru,ru,1.0,150,138,137,40,77237,110039,15
btr80,cz,1,False,channel,ru,ru,0.997,713,542,541,91,53612,146298,17
bulgariaz,cz,1,False,channel,bg,bg,1.0,2072,1895,1779,551,239,4517,14
buntcg,cz,1,False,channel,mk,mk,0.997,796,712,684,34,21889,78854,14
cactus_bielli,cz,1,False,channel,sk,sk,1.0,3559,2584,2581,4,378,1598,22
cactus_bielli_media,cz,1,False,channel,unknown,unknown,0.0,468,227,0,0,14,53,10
casusbelli,cz,1,False,empty,unknown,unknown,0.0,0,0,0,0,,,
casusbellichat,cz,1,False,empty,unknown,unknown,0.0,0,0,0,0,,8591,
casusbellihistory,cz,1,False,channel,sk,sk,0.986,287,260,259,82,550,3146,8
chdambiev,cz,1,False,channel,ru,ru,0.997,618,449,445,129,71200,104514,8
cig_telegram,cz,1,False,channel,en,en,0.991,938,703,662,367,7597,117297,19
code17tv,cz,1,False,channel,hr,hr,0.971,134,128,124,16,7969,18468,21
conematevedet,cz,1,False,channel,cs,cs,0.989,2435,2152,1867,1377,1012,8165,12
deziderhorvath,cz,1,False,channel,sk,sk,0.954,48,47,47,1,419,185,17
dillfrash,cz,1,False,channel,ru,ru,1.0,2123,944,942,548,9255,23057,13
dkdennespravy,cz,1,False,empty,unknown,unknown,0.0,0,0,0,0,,248,
dkulko,cz,1,False,channel,ru,ru,1.0,30,26,25,2,37625,31845,9
donbassdevushka,cz,1,False,empty,unknown,unknown,0.0,0,0,0,0,,333,
dozorbalkan,cz,1,False,channel,ru,ru,1.0,318,258,258,300,153,1338,15
dv_sablin,cz,1,False,channel,ru,ru,1.0,39,26,26,0,17306,5371,18
dvapolypolitiky,cz,1,False,channel,sk,sk,0.976,37,37,33,5,1159,1501,10
econopocalypse,cz,1,False,channel,ru,ru,1.0,11,11,11,5,3319,2492,14
epoddubny,cz,1,False,channel,ru,ru,1.0,324,285,284,78,424467,576438,10
estlatlitv,cz,1,False,channel,ru,ru,1.0,32,32,32,10,3803,3015,11
esttakaiaprofessia,cz,1,False,channel,ru,ru,0.997,79,63,60,1,6818,5906,8
evgeniy_lisitsyn,cz,1,False,channel,ru,ru,0.994,163,131,129,29,35410,57169,14
faceofwar,cz,1,False,channel,ru,ru,1.0,796,633,617,85,39733,97566,5
favelasemrus,cz,1,False,channel,ru,ru,0.997,127,112,112,47,1849,3253,21
fifthrepublic,cz,1,False,channel,ru,ru,0.988,115,54,52,32,1995,4426,13
fighter_bomber,cz,1,False,empty,unknown,unknown,0.0,0,0,0,0,,2245,
genivansevcik,cz,1,False,channel,sk,sk,0.973,347,329,279,145,1378,6378,16
gmail,cz,1,False,empty,unknown,unknown,0.0,0,0,0,0,,6802,
go338,cz,1,False,channel,ru,ru,1.0,391,284,269,89,9394,145268,17
gubernator_46,cz,1,False,channel,ru,ru,1.0,134,37,37,9,64054,184440,13
heilukraine1959serb,cz,1,False,channel,mk,mk,0.988,65,29,29,25,300,385,21
highlylikely20,cz,1,False,channel,ru,ru,1.0,847,766,761,2,2475,9826,6
iii_sestry,cz,1,False,channel,ru,ru,1.0,40,34,34,0,2371,8339,14
imerelgia,cz,1,False,channel,ru,ru,1.0,74,73,73,43,4621,17033,13
infantmilitario,cz,1,False,channel,ru,ru,1.0,1410,1352,1351,3,69245,276971,8
intelslava,cz,1,False,channel,en,en,0.997,1026,890,883,32,115071,398125,6
izabela1,cz,1,False,group,sk,sk,0.955,991,959,794,188,2021,1003,16
jaxtellersk,cz,1,False,channel,sk,sk,0.997,126,126,92,0,328,2785,6
jokerdpr,cz,1,False,channel,ru,ru,1.0,31,27,27,0,536469,182693,4
jsbeznahubku,cz,1,False,channel,sk,sk,1.0,45,44,28,0,4685,7548,7
katya_valya_dnr,cz,1,False,channel,ru,ru,0.983,168,131,130,13,15514,32421,16
kosachev62,cz,1,False,channel,ru,ru,1.0,28,28,28,10,1272,2866,11
kremlebezbashennik,cz,1,False,empty,unknown,unknown,0.0,0,0,0,0,,66835,
ksbspravy,cz,1,False,channel,sk,sk,0.996,2394,2269,2238,254,951,5690,9
kulovy_blesk_cz,cz,1,False,channel,cs,cs,1.0,1049,888,885,1,1499,3299,5
kulturblog,cz,1,False,empty,unknown,unknown,0.0,0,0,0,0,,56,
kyivoperativ,cz,1,False,empty,unknown,unknown,0.0,0,0,0,0,,810,
laprimaveradelpatriarca,cz,1,False,channel,ru,ru,1.0,106,90,88,83,119,439,6
lgbtiqmilitary,cz,1,False,channel,uk,uk,0.976,21,15,15,8,1446,3110,18
lobaev_vlad,cz,1,False,channel,ru,ru,0.994,115,101,99,50,51971,73510,8
lost_armour,cz,1,False,channel,bg,bg,0.984,66,50,50,1,14601,86490,18
marianduris,cz,1,False,empty,unknown,unknown,0.0,0,0,0,0,,2932,
mariavladimirovnazakharova,cz,1,False,channel,ru,ru,1.0,204,168,154,67,231080,469801,16
medvedev_telegram,cz,1,False,channel,ru,ru,1.0,19,19,19,0,2244164,1730126,12
mig41,cz,1,False,channel,ru,ru,1.0,971,925,902,198,178235,490050,12
mikayelbad,cz,1,False,channel,ru,ru,1.0,490,475,465,259,8387,32549,8
milanmazurek,cz,1,False,channel,sk,sk,1.0,48,47,45,38,3886,10328,13
milchronicles,cz,1,False,empty,unknown,unknown,0.0,0,0,0,0,,1107,
milinfolive,cz,1,False,channel,ru,ru,1.0,1208,793,793,28,196307,612820,9
militarymaps,cz,1,False,channel,ru,ru,0.981,621,527,522,478,8539,28049,20
mitopp,cz,1,False,empty,unknown,unknown,0.0,0,0,0,0,,0,
mod_russia,cz,1,False,channel,ru,ru,1.0,792,641,635,35,123865,592928,11
mueslilavrova,cz,1,False,empty,unknown,unknown,0.0,0,0,0,0,,185,
navideovidno,cz,1,False,channel,ru,ru,1.0,931,894,892,929,12206,109733,10
neoficialniybezsonov,cz,1,False,channel,ru,ru,1.0,102,82,82,0,668833,248482,5
new_militarycolumnist,cz,1,False,channel,ru,ru,1.0,1509,1315,1315,7,60020,206656,11
newsfactory_pl,cz,1,False,channel,pl,pl,1.0,2333,1909,1772,0,1010,14926,14
nexta_live,cz,1,False,channel,ru,ru,1.0,1990,1563,1563,27,421754,764402,9
novichokrossiya,cz,1,False,empty,unknown,unknown,0.0,0,0,0,0,,46,
oboronka_channel,cz,1,False,channel,ru,ru,1.0,100,70,70,2,8849,52451,8
oleg_blokhin,cz,1,False,channel,ru,ru,1.0,160,124,123,132,10699,66217,10
ombr47,cz,1,False,channel,uk,uk,1.0,31,28,27,1,25798,23098,8
operline_ru,cz,1,False,channel,ru,ru,1.0,356,356,355,5,11713,40571,16
orchestra_w,cz,1,False,channel,ru,ru,1.0,571,390,389,64,320676,204557,18
parstodayrussian,cz,1,False,channel,ru,ru,0.991,2781,2171,2175,7,1034,29196,19
pavel_kamas,cz,1,False,empty,unknown,unknown,0.0,0,0,0,0,,,
petrburestv,cz,1,False,empty,unknown,unknown,0.0,0,0,0,0,,47,
pl_syrenka,cz,1,False,channel,ru,ru,1.0,210,198,198,81,4523,14597,6
playcivilization,cz,1,False,channel,ru,ru,1.0,52,50,49,28,3900,12202,18
poisk_mil,cz,1,False,channel,ru,ru,1.0,321,193,193,75,10975,29187,5
polkazov,cz,1,False,empty,unknown,unknown,0.0,0,0,0,0,,881,
pqntc1,cz,1,False,channel,ru,ru,0.997,172,160,159,60,1060,5350,19
presstv,cz,1,False,channel,en,en,0.997,1738,1607,1586,101,1142,94090,18
prigozhin_hat,cz,1,False,channel,ru,ru,1.0,216,193,114,0,142872,210351,10
privetfidel,cz,1,False,channel,ru,ru,0.997,108,98,98,42,400,945,8
ptsr_team,cz,1,False,channel,ru,ru,1.0,380,302,288,23,14992,38286,5
qmartincornel,cz,1,False,channel,cs,cs,1.0,789,369,319,32,1566,3915,18
radical_sh8p,cz,1,False,empty,unknown,unknown,0.0,0,0,0,0,,51,
ramzayiegokomanda,cz,1,False,channel,ru,ru,0.981,175,162,159,24,49881,154188,16
razved_dozor,cz,1,False,channel,ru,ru,1.0,279,184,184,161,28145,51552,14
razvedosaa,cz,1,False,channel,ru,ru,0.994,358,204,202,3,68434,137279,4
readovkaru,cz,1,False,empty,unknown,unknown,0.0,0,0,0,0,,73,
rezident_ua,cz,1,False,channel,ru,ru,1.0,437,402,402,66,458101,930714,9
riafan_everywhere,cz,1,False,channel,ru,ru,1.0,760,646,631,185,8282,14952,17
rian_ru,cz,1,False,empty,unknown,unknown,0.0,0,0,0,0,,3038108,
rt_russian,cz,1,False,empty,unknown,unknown,0.0,0,0,0,0,,988802,
rtbalkan_ru,cz,1,False,empty,unknown,unknown,0.0,0,0,0,0,,7025,
rtechnocom,cz,1,False,channel,ru,ru,1.0,144,143,135,66,4101,18459,12
rtrdonetsk,cz,1,False,channel,ru,ru,0.989,133,124,124,2,233473,157576,6
rubej99,cz,1,False,channel,ru,ru,0.994,1762,1417,1362,266,5207,6896,14
rudenko,cz,1,False,empty,unknown,unknown,0.0,0,0,0,0,,,
ruptlyalert,cz,1,False,channel,ru,ru,1.0,535,535,519,0,5443,51904,9
rusich_army,cz,1,False,channel,ru,ru,1.0,276,256,217,30,468309,1038503,11
russkiegramoty,cz,1,False,empty,unknown,unknown,0.0,0,0,0,0,,313,
rusvesnasu,cz,1,False,channel,ru,ru,1.0,473,230,230,155,97806,132937,11
sargon_hadaya,cz,1,False,channel,ru,ru,1.0,14,14,14,0,184428,2841,10
sashakots,cz,1,False,channel,ru,ru,1.0,383,342,342,180,276922,478191,9
sex_drugs_kahlo,cz,1,False,channel,ru,ru,1.0,163,149,147,43,9298,30405,20
sheyhtamir1974,cz,1,False,channel,ru,ru,1.0,2435,2060,2031,878,159698,393407,8
slavyangrad,cz,1,False,channel,en,en,1.0,4363,3455,3429,88,13823,114920,7
solovievlive,cz,1,False,channel,ru,ru,1.0,5841,4814,4628,3012,301172,1103837,12
somslovan,cz,1,False,group,sk,sk,1.0,205,205,41,0,,6182,7
south0wind,cz,1,False,channel,ru,ru,1.0,24,24,24,3,43356,13058,10
sputnikbrasil,cz,1,False,empty,unknown,unknown,0.0,0,0,0,0,,66177,
stranaua,cz,1,False,channel,ru,ru,1.0,5133,3758,3758,0,76992,329760,16
supernova_plus,cz,1,False,channel,ru,ru,0.996,917,902,902,1,26951,281333,6
svsk_archiv,cz,1,False,channel,sk,sk,0.997,115,115,115,0,752,3403,17
swodki,cz,1,False,channel,ru,ru,1.0,11576,8210,7897,146,43335,221636,14
tankist4,cz,1,False,empty,unknown,unknown,0.0,0,0,0,0,,75,
tankworld,cz,1,False,empty,unknown,unknown,0.0,0,0,0,0,,,
tasmanian_diablo,cz,1,False,channel,ru,ru,1.0,74,73,73,10,1446,14337,13
tass_agency,cz,1,False,channel,ru,ru,1.0,4023,3833,3833,0,46928,566079,9
the_wrong_side,cz,1,False,channel,ru,ru,1.0,600,444,443,194,11625,131281,11
trackamerc,cz,1,False,channel,en,en,1.0,761,194,192,28,9946,69673,10
trueshniy,cz,1,False,channel,ru,ru,1.0,45,40,40,25,7643,4323,11
truthsocialappofficial,cz,1,False,channel,en,en,1.0,8,8,8,0,29496,,16
tupireport,cz,1,False,channel,en,en,0.997,608,552,524,40,6875,18248,18
tvrussia1,cz,1,False,empty,unknown,unknown,0.0,0,0,0,0,,67381,
ukraina24tv,cz,1,False,empty,unknown,unknown,0.0,0,0,0,0,,140443,
ukrainehumanrightsabuses,cz,1,False,empty,unknown,unknown,0.0,0,0,0,0,,754,
ukrainian_militant,cz,1,False,channel,uk,uk,0.997,983,805,750,251,16583,62569,10
uranews,cz,1,False,channel,ru,ru,1.0,875,797,793,0,73479,223831,8
v_zelenskiy_official,cz,1,False,channel,en,en,0.845,366,180,180,0,624247,675051,9
vakulinchuk,cz,1,False,channel,es,es,0.994,374,325,322,59,4543,14864,12
vedomostneasocialnekvizyaankety,cz,1,False,channel,unknown,unknown,0.0,1,1,0,0,2548,663,12
venez_ahora,cz,1,False,channel,ru,ru,1.0,183,154,152,128,132,2892,20
vladlentatarsky,cz,1,False,channel,ru,ru,0.985,486,447,415,211,253820,177006,16
voenacher,cz,1,False,channel,ru,ru,0.992,1695,1358,1340,324,253583,660377,7
voenkorkotenok,cz,1,False,channel,ru,ru,1.0,726,585,582,160,185855,316377,18
voin_dv,cz,1,False,channel,ru,ru,1.0,404,320,318,74,17457,147643,16
voynareal,cz,1,False,channel,uk,uk,0.987,2938,2259,2259,4,427100,1526599,11
vysokygovorit,cz,1,False,channel,ru,ru,1.0,216,198,197,88,354915,490711,19
warhistoryalconafter,cz,1,False,channel,ru,ru,0.997,5288,3915,3881,153,80826,484670,15
warjournaltg,cz,1,False,channel,ru,ru,0.991,429,237,237,342,11458,20857,13
wearegruz,cz,1,False,empty,unknown,unknown,0.0,0,0,0,0,,29,
western_trad,cz,1,False,channel,ru,ru,1.0,381,365,341,3,3285,11851,15
wingsofwar,cz,1,False,channel,ru,ru,0.997,117,81,79,42,14045,23893,6
xoxol_uk,cz,1,False,empty,unknown,unknown,0.0,0,0,0,0,,87949,
xronikabpla,cz,1,False,channel,ru,ru,0.997,308,206,196,42,12372,55090,6
yaremshooter,cz,1,False,channel,ru,ru,1.0,218,133,132,177,57206,47259,11
yurasumy,cz,1,False,channel,ru,ru,1.0,451,413,408,140,1856931,2699896,7
z4lpr,cz,1,False,channel,ru,ru,0.993,31,31,29,7,100194,49313,17
za_froht,cz,1,False,channel,ru,ru,1.0,1364,1063,1060,362,5876,85425,15
zastavnyii,cz,1,False,empty,unknown,unknown,0.0,0,0,0,0,,1683,
zlataera,cz,1,False,channel,sk,sk,1.0,29,29,29,1,4216,6551,9
zsu45oabr,cz,1,False,channel,uk,uk,1.0,49,23,21,10,5442,15428,8
zsu_hunter_2_0,cz,1,False,channel,ru,ru,0.997,89,83,82,11,14637,15685,9
zvezdanews,cz,1,False,channel,ru,ru,1.0,2693,2312,2311,63,20567,125683,11
a_gontar,ru,1,False,empty,unknown,unknown,0.0,0,0,0,0,,,
a_s_sukonkin,ru,1,False,channel,ru,ru,0.997,228,223,221,50,14307,40227,9
a_vyshinskiy,ru,1,False,channel,ru,ru,0.991,381,314,314,35,13892,58801,11
aasafov,ru,1,False,channel,ru,ru,1.0,29,22,22,4,1947,7161,12
aavst2022,ru,1,False,channel,ru,ru,0.997,166,166,165,0,131122,178036,7
abbasdjuma,ru,1,False,channel,ru,ru,1.0,244,176,175,36,11678,64818,9
absatzmedia,ru,1,False,channel,ru,ru,1.0,2612,2443,2367,71,14644,124255,14
act_next,ru,1,False,channel,ru,ru,1.0,22,22,18,1,3358,3669,16
adirect,ru,1,False,channel,ru,ru,0.997,285,268,268,140,3041,14776,14
ads_warfakes_bot,ru,1,False,empty,unknown,unknown,0.0,0,0,0,0,,,
agendarussia,ru,1,False,channel,ru,ru,1.0,385,319,312,347,4952,34955,11
agitpropussr,ru,1,False,channel,unknown,unknown,0.0,6,6,6,0,25496,15980,12
ags_donbass,ru,1,False,channel,ru,ru,1.0,6444,5054,4993,4311,49498,193247,12
akashevarova,ru,1,False,channel,ru,ru,1.0,96,93,92,13,133668,247878,10
akcentysp,ru,1,False,channel,ru,ru,1.0,56,56,55,14,13723,3092,10
akhrolenko,ru,1,False,channel,ru,ru,1.0,32,31,31,5,889,1501,17
akimapachev,ru,1,False,channel,ru,ru,0.994,140,125,110,16,34637,48685,13
akitilop,ru,1,False,channel,ru,ru,1.0,142,134,133,36,3313,7747,18
aksenov82,ru,1,False,channel,ru,ru,1.0,101,63,63,0,54156,141602,9
alchemiedeslebens,ru,1,False,channel,ru,ru,1.0,2,2,2,0,3039,717,10
aleksandrsemchenko,ru,1,False,channel,ru,ru,1.0,517,397,395,4,44362,243875,16
aleksandrsokolov43,ru,1,False,channel,ru,ru,1.0,192,53,53,0,14855,22011,14
alekseystefanov,ru,1,False,channel,ru,ru,1.0,226,201,196,121,2288,16210,9
aleshkii,ru,1,False,channel,ru,ru,0.991,184,147,147,34,398,1516,5
alexandr_malkevich,ru,1,False,channel,ru,ru,1.0,411,262,258,101,13681,63078,15
alexey_pushkov,ru,1,False,channel,ru,ru,1.0,216,214,213,36,11843,41891,14
alexeytexlerofficial,ru,1,False,channel,ru,ru,1.0,55,14,14,0,19755,28571,11
alexeytsydenov,ru,1,False,channel,ru,ru,1.0,96,40,37,10,9065,19030,9
always_open_heart,ru,1,False,channel,ru,ru,1.0,167,59,58,0,2244,1814,15
alx_gnt,ru,1,False,channel,ru,ru,1.0,114,88,75,11,304,380,16
amber_mash,ru,1,False,channel,ru,ru,1.0,138,84,84,4,13083,40731,12
anastasiavasillyeva,ru,1,False,channel,ru,ru,1.0,1,1,1,0,19961,361,11
andrafanaslive,ru,1,False,channel,ru,ru,1.0,215,165,162,96,5529,21535,15
andrey_chibis,ru,1,False,channel,ru,ru,0.997,122,66,65,1,8574,31499,15
andrey_yashchenko,ru,1,False,channel,ru,ru,1.0,5,5,5,1,11052,1396,21
andreyklishas,ru,1,False,channel,ru,ru,0.99,87,84,84,31,7539,18223,4
andreykovalev_russia,ru,1,False,channel,ru,ru,0.994,307,254,247,4,64908,72757,7
andreymikheev,ru,1,False,channel,ru,ru,0.993,86,82,82,35,1533,2048,12
andreyvajra,ru,1,False,channel,ru,ru,1.0,841,760,725,0,9260,33399,8
anna_jurjevna,ru,1,False,channel,ru,ru,0.99,217,154,153,91,1457,20657,8
annashafran,ru,1,False,channel,ru,ru,1.0,126,118,118,80,13848,49197,15
anosolidarnost,ru,1,False,channel,ru,ru,1.0,47,35,35,0,1134,1339,10
anzar_helper,ru,1,False,channel,ru,ru,1.0,20,19,17,0,1953,1303,6
apleonkov,ru,1,False,channel,ru,ru,1.0,559,501,495,356,7710,17775,11
arbaletgovorit,ru,1,False,channel,ru,ru,0.997,468,426,417,59,22538,41712,10
arbata,ru,1,False,empty,unknown,unknown,0.0,0,0,0,0,,194,
archivarius_dz,ru,1,False,channel,ru,ru,0.99,68,62,61,24,17045,22684,12
arkhangelsk01,ru,1,False,channel,ru,ru,1.0,295,188,186,1,8368,31243,13
armenian_life,ru,1,False,channel,ru,ru,0.997,1022,914,910,262,2549,11557,9
armenianvendetta,ru,1,False,channel,ru,ru,1.0,649,599,597,187,6647,30724,8
armnewz,ru,1,False,channel,ru,ru,1.0,706,638,635,325,175,1226,17
army_russia,ru,1,False,channel,ru,ru,1.0,889,742,720,434,4730,15316,8
artemyev_tut,ru,1,False,channel,ru,ru,1.0,50,36,35,14,954,3379,12
artyukhov_da,ru,1,False,channel,ru,ru,1.0,106,22,22,5,15173,25238,11
asgasparyan,ru,1,False,channel,ru,ru,0.972,795,729,727,126,86014,177550,7
asphaltt,ru,1,False,channel,ru,ru,0.992,2037,1809,1806,2015,4192,17802,7
astrahandm,ru,1,False,channel,ru,ru,1.0,292,245,244,193,11196,28305,13
astramilitarum,ru,1,False,channel,ru,ru,1.0,343,216,213,326,3031,21540,10
atn_btrc,ru,1,False,empty,unknown,unknown,0.0,0,0,0,0,,0,
auraxchan,ru,1,False,channel,en,en,0.981,1105,955,935,27,2612,13230,11
aurora_media,ru,1,False,channel,ru,ru,1.0,708,487,481,0,10074,47780,8
av_moor,ru,1,False,channel,ru,ru,1.0,53,34,33,0,10307,17271,13
av_uss,ru,1,False,channel,ru,ru,1.0,31,21,21,0,8808,2625,8
avbogomaz,ru,1,False,channel,ru,ru,1.0,148,60,55,0,18167,49390,13
avdeev_o_vazhnom,ru,1,False,channel,ru,ru,0.989,96,41,40,0,6423,17589,13
avdeevkaru,ru,1,False,channel,ru,ru,0.997,2163,1704,1688,602,7825,14657,13
aviadispet4er,ru,1,False,channel,ru,ru,1.0,549,370,364,534,4705,35100,16
avturow,ru,1,False,channel,ru,ru,1.0,69,44,44,50,575,1435,9
awaken_dragon,ru,1,False,channel,ru,ru,1.0,74,66,65,2,2303,7947,11
azatmale02,ru,1,False,empty,unknown,unknown,0.0,0,0,0,0,,6159,
azesputnik,ru,1,False,empty,unknown,unknown,0.0,0,0,0,0,,22428,
badphrase,ru,1,False,channel,ru,ru,0.986,349,285,285,61,8736,53073,19
bagirov,ru,1,False,channel,ru,ru,1.0,3,3,3,1,112056,2874,7
baltnews,ru,1,False,channel,ru,ru,0.997,1184,1125,1120,53,3387,24224,12
bankrollo,ru,1,False,channel,ru,ru,0.994,771,752,752,11,97307,445774,8
banksta,ru,1,False,channel,ru,ru,1.0,835,810,810,32,95527,436733,9
barantchik,ru,1,False,channel,ru,ru,1.0,373,369,361,160,12949,90887,15
barbie_at_war,ru,1,False,channel,ru,ru,1.0,31,21,19,8,4406,5018,11
barkrf_bot,ru,1,False,empty,unknown,unknown,0.0,0,0,0,0,,,
bash_zhalo,ru,1,False,channel,ru,ru,1.0,54,54,54,25,2829,2300,15
bashankaev,ru,1,False,channel,ru,ru,1.0,175,116,113,75,2881,9169,14
bashk01,ru,1,False,channel,ru,ru,0.994,291,180,180,1,6901,11756,6
bastagd,ru,1,False,channel,it,it,0.995,174,130,129,52,427,3055,6
batalyon15,ru,1,False,channel,ru,ru,1.0,171,139,137,139,4986,18474,14
batukhasikov08,ru,1,False,channel,ru,ru,1.0,148,40,40,1,10117,9915,15
bayraktar1070,ru,1,False,channel,ru,ru,0.985,95,73,73,66,42815,83129,15
bazabazon,ru,1,False,channel,ru,ru,1.0,368,272,272,0,426795,1550650,11
bbbreaking,ru,1,False,channel,ru,ru,1.0,2035,1980,1979,0,523473,1970081,9
bear007,ru,1,False,channel,ru,ru,1.0,1402,1180,1176,86,3738,91198,14
belarus_vpo,ru,1,False,channel,ru,ru,1.0,2373,1734,1733,265,5520,24860,11
beldanger,ru,1,False,empty,unknown,unknown,0.0,0,0,0,0,,,
bellchamber,ru,1,False,channel,ru,ru,1.0,130,90,88,6,6861,10895,10
bellumactanews,ru,1,False,channel,en,en,0.997,973,758,752,524,8548,117481,21
beregtime,ru,1,False,channel,ru,ru,0.994,185,150,150,54,36094,21635,15
beshsuper,ru,1,False,channel,ru,ru,0.994,271,254,249,31,1649,5384,8
bezdudnyi,ru,1,False,channel,ru,ru,0.987,81,34,33,0,1324,2042,10
bigtransfer2024,ru,1,False,channel,ru,ru,1.0,388,361,359,289,22686,79033,6
black_list_vsu,ru,1,False,channel,ru,ru,0.997,264,214,197,38,7767,8316,16
blacknapalm75,ru,1,False,channel,ru,ru,0.997,414,382,373,50,4091,12359,8
blogsobyanin,ru,1,False,channel,ru,ru,1.0,41,13,13,0,70024,39262,6
bloknot_rossii,ru,1,False,empty,unknown,unknown,0.0,0,0,0,0,,269,
bloodysx,ru,1,False,channel,ru,ru,1.0,537,384,380,15,507913,1148853,11
bmpd_cast,ru,1,False,channel,ru,ru,1.0,322,220,220,74,14140,46712,22
boilerroomchannel,ru,1,False,channel,ru,ru,1.0,132,130,130,20,59240,225256,8
bolshiepushki,ru,1,False,channel,ru,ru,0.994,135,93,63,1,158033,326032,18
bombora,ru,1,False,channel,ru,ru,1.0,54,14,13,5,26915,56181,12
borischernyshov,ru,1,False,channel,ru,ru,1.0,53,53,52,8,1024,17191,14
boriskorchevnikov,ru,1,False,channel,ru,ru,0.994,124,102,101,28,64593,118806,9
borsograd,ru,1,False,channel,ru,ru,0.99,18,18,18,3,338,109,14
bovtznaet,ru,1,False,channel,ru,ru,0.997,208,206,204,21,7238,55451,8
bponline,ru,1,False,channel,ru,ru,0.988,2719,2589,2515,584,16157,100170,12
brechalov,ru,1,False,channel,ru,ru,0.997,185,73,71,0,4726,60916,15
brnl01,ru,1,False,channel,ru,ru,1.0,240,170,170,1,6908,12882,5
budni_manipulyatora,ru,1,False,channel,ru,ru,0.997,209,204,201,28,866,7126,6
burrowingowl,ru,1,False,channel,ru,ru,1.0,163,139,139,14,3141,7246,11
busargin_r,ru,1,False,channel,ru,ru,1.0,103,49,49,1,34646,121937,5
bye_biden,ru,1,False,channel,ru,ru,1.0,1226,1002,1002,61,23033,88953,5
cabellosfriends,ru,1,False,channel,ru,ru,1.0,322,307,306,224,606,1267,9
cars_for_z,ru,1,False,channel,ru,ru,1.0,159,88,87,91,170,232,18
cassad_media,ru,1,False,channel,ru,ru,1.0,231,127,127,1,7430,10349,6
casual_business,ru,1,False,channel,ru,ru,1.0,7,7,7,0,16779,521,14
channelbel,ru,1,False,channel,ru,ru,1.0,423,182,182,0,3897,7180,13
chelyabinsk01,ru,1,False,channel,ru,ru,1.0,285,156,155,1,8862,22587,7
cherniy_kvartal,ru,1,False,channel,ru,ru,1.0,55,47,47,0,36504,19454,9
china3army,ru,1,False,channel,ru,ru,1.0,626,471,465,30,3959,37617,9
china80s,ru,1,False,channel,ru,ru,1.0,65,53,52,13,3544,19291,13
chpdonetskdnr_bot,ru,1,False,empty,unknown,unknown,0.0,0,0,0,0,,,
chub_detection,ru,1,False,channel,ru,ru,1.0,671,363,363,0,56687,113668,19
chvkmedia,ru,1,False,channel,ru,ru,0.914,2237,1644,1638,2228,8328,25642,13
cis91,ru,1,False,channel,ru,ru,1.0,911,853,851,856,4960,49486,7
climaterus,ru,1,False,channel,ru,ru,1.0,120,104,97,13,2138,9010,9
cmiye,ru,1,False,empty,unknown,unknown,0.0,0,0,0,0,,72,
comicadzeofhumor,ru,1,False,empty,unknown,unknown,0.0,0,0,0,0,,108,
competitionis,ru,1,False,channel,ru,ru,1.0,20,14,13,1,630,7971,15
concordgroup_official,ru,1,False,channel,ru,ru,1.0,142,133,113,0,78998,460697,15
condottieros,ru,1,False,channel,ru,ru,1.0,5,5,5,0,14060,211917,10
contora_pishet,ru,1,False,channel,ru,ru,1.0,132,124,124,10,28046,86416,19
contrudarzv,ru,1,False,channel,ru,ru,0.997,360,299,293,227,431,577,9
cortadorz,ru,1,False,channel,ru,ru,1.0,72,39,37,0,8179,5857,16
creativeadv,ru,1,False,channel,ru,ru,1.0,174,132,132,0,33686,111721,7
creativecontext,ru,1,False,channel,ru,ru,1.0,70,62,60,1,415,6518,7
creativestar,ru,1,False,channel,ru,ru,1.0,212,164,162,2,62333,135505,10
crexcrexcrex,ru,1,False,channel,ru,ru,1.0,68,25,25,5,9665,13252,8
crimeahelpszv,ru,1,False,channel,ru,ru,0.994,88,64,60,8,771,1054,11
cryptografo,ru,1,False,channel,ru,ru,1.0,18,18,18,0,2676,740,11
crystal_book,ru,1,False,channel,ru,ru,1.0,62,11,11,0,498779,59529,4
ctrs2018,ru,1,False,channel,ru,ru,1.0,457,446,444,9,36457,108527,14
cultrassvet,ru,1,False,channel,ru,ru,1.0,48,21,21,0,8754,3342,8
culture,ru,1,False,empty,unknown,unknown,0.0,0,0,0,0,,,
cyber_frontz,ru,1,False,channel,ru,ru,1.0,628,409,397,139,9953,62551,17
cyber_mipz,ru,1,False,channel,ru,ru,1.0,28,28,28,6,1081,2403,9
cynicalcommies,ru,1,False,channel,ru,ru,1.0,92,74,72,53,1375,3582,15
dahluniverlnr,ru,1,False,channel,ru,ru,1.0,143,61,46,15,662,5176,13
dailywar,ru,1,False,channel,ru,ru,1.0,155,127,125,77,3414,6936,15
danerneslys,ru,1,False,channel,da,da,1.0,7,7,7,0,2544,188,9
danilchenkogv,ru,1,False,channel,ru,ru,1.0,38,24,23,1,41744,3383,13
dark_donetskz,ru,1,False,channel,ru,ru,1.0,2404,1634,1618,138,19257,43157,13
dauotkysit,ru,1,False,channel,ru,ru,1.0,96,49,48,0,108909,280857,14
dayafterr,ru,1,False,channel,ru,ru,1.0,78,64,64,0,6127,5664,14
daydaynews,ru,1,False,channel,ru,ru,1.0,65,48,46,5,9005,4580,20
dazbastadraw,ru,1,False,channel,ru,ru,0.994,173,150,117,15,9121,17474,7
dctrkomarovskiy,ru,1,False,channel,ru,ru,0.994,90,87,86,15,1705,6627,12
dddjournalism,ru,1,False,channel,ru,ru,1.0,92,67,67,4,23142,133722,12
dearpassengers,ru,1,False,channel,ru,ru,1.0,210,145,145,51,6858,23408,11
delyagin,ru,1,False,channel,ru,ru,0.994,466,366,351,91,20374,126856,13
demidov_mger,ru,1,False,channel,ru,ru,1.0,18,9,9,0,2093,9306,14
demkovknife,ru,1,False,channel,ru,ru,1.0,1053,829,804,0,5813,39072,12
denazi_ua,ru,1,False,channel,ru,ru,1.0,2623,2319,2311,36,29265,63403,7
designersmil,ru,1,False,channel,ru,ru,1.0,284,258,258,3,3166,12270,10
detektor_tg,ru,1,False,channel,ru,ru,0.991,252,236,233,30,3419,5325,7
dimsmirnov175,ru,1,False,channel,ru,ru,0.997,1129,1020,1020,9,111481,324592,4
directorate4,ru,1,False,channel,ru,ru,1.0,196,84,84,0,17614,77533,12
dirtytatarstan,ru,1,False,channel,ru,ru,1.0,1033,963,961,783,14916,37468,6
dmitriysteshin,ru,1,False,channel,ru,ru,0.994,221,173,165,102,75015,137514,16
dmitrynikotin,ru,1,False,channel,ru,ru,0.995,627,619,600,5,233059,687418,10
dnevnik_pombura,ru,1,False,channel,ru,ru,1.0,56,56,56,20,2072,1686,11
dnevspb,ru,1,False,channel,ru,ru,1.0,518,300,290,42,2145,20319,17
dnkobylkin,ru,1,False,channel,ru,ru,1.0,27,16,14,0,716,2544,15
dnr_sckk,ru,1,False,channel,ru,ru,1.0,469,216,181,4,53334,14843,11
doktorbo,ru,1,False,channel,ru,ru,1.0,156,119,119,69,1495,1704,14
dolg_z,ru,1,False,channel,ru,ru,1.0,146,121,119,65,8592,12046,13
dolgarevaanna,ru,1,False,channel,ru,ru,0.991,217,176,175,71,19566,28808,12
donbassr,ru,1,False,channel,ru,ru,1.0,1140,1078,1071,2,10050,43204,6
donezkiy,ru,1,False,channel,ru,ru,1.0,149,90,88,102,4590,7556,7
dongtu_alchevsk,ru,1,False,channel,ru,ru,1.0,236,116,116,32,589,3322,11
dontstopwar,ru,1,False,channel,ru,ru,0.983,335,283,235,7,146343,253361,13
donvremya,ru,1,False,empty,unknown,unknown,0.0,0,0,0,0,,73,
dopomogage,ru,1,False,channel,ru,ru,1.0,32,13,13,3,3316,2558,8
double_solid,ru,1,False,channel,ru,ru,0.991,151,127,126,2,33285,96554,15
dr_alex_sosnowski,ru,1,False,channel,ru,ru,0.988,488,422,421,233,40918,114321,16
dronecenterdnr,ru,1,False,channel,ru,ru,1.0,59,38,38,25,7468,9092,20
druzhkobka,ru,1,False,group,ru,ru,0.986,14090,13772,12837,582,424500,1478,18
dtroad,ru,1,False,channel,ru,ru,1.0,577,290,271,42,20937,151096,13
dumatv,ru,1,False,channel,ru,ru,1.0,171,130,124,55,41891,81892,12
dumayem,ru,1,False,channel,ru,ru,1.0,489,470,462,130,5692,18988,20
dva_majors_tilovik,ru,1,False,channel,ru,ru,1.0,3,3,2,0,14861,1217,19
dvamayorasekretka,ru,1,False,channel,ru,ru,1.0,111,50,50,66,11009,45323,11
dvpasler,ru,1,False,channel,ru,ru,1.0,82,36,36,0,12472,65437,12
dvrzbr,ru,1,False,empty,unknown,unknown,0.0,0,0,0,0,,22,
east_veter,ru,1,False,channel,ru,ru,1.0,112,86,86,15,1745,4911,20
eastasiaintel,ru,1,False,channel,en,en,1.0,54,53,52,4,1975,943,18
economika,ru,1,False,channel,ru,ru,1.0,302,302,302,10,53414,141094,13
edinayarus,ru,1,False,channel,ru,ru,1.0,178,140,136,102,1009,2932,13
editor_in_chief_dpr,ru,1,False,channel,ru,ru,0.963,114,111,109,4,2311,1908,12
egorovmb,ru,1,False,channel,ru,ru,1.0,154,101,100,12,3772,6033,9
ekat01,ru,1,False,channel,ru,ru,1.0,259,179,179,1,13484,29425,14
ekatskoechtivo,ru,1,False,channel,ru,ru,1.0,1332,763,745,9,14415,58483,15
eliferovair,ru,1,False,channel,ru,ru,1.0,174,139,134,22,31708,2389,10
emigriceps,ru,1,False,channel,ru,ru,1.0,99,95,93,0,28105,70799,6
ermoscow,ru,1,False,channel,ru,ru,1.0,462,224,224,99,30330,41753,9
etosher,ru,1,False,channel,ru,ru,1.0,199,129,123,0,18094,49286,13
etozp,ru,1,False,channel,uk,uk,1.0,1280,936,936,0,41526,75173,8
evgeniy_nifantiev,ru,1,False,channel,ru,ru,1.0,57,25,23,26,1003,8443,18
evgenyprimakov,ru,1,False,channel,ru,ru,0.994,47,40,39,19,8253,20036,9
evkbooks,ru,1,False,channel,ru,ru,1.0,19,19,12,1,1902,3444,15
evorog_bot,ru,1,False,empty,unknown,unknown,0.0,0,0,0,0,,,
evraevmikhail,ru,1,False,channel,ru,ru,1.0,162,79,78,0,3361,17533,13
evrohiz,ru,1,False,channel,ru,ru,0.997,265,214,205,149,1892,3551,18
expensive_hurma,ru,1,False,channel,ru,ru,0.988,487,472,465,55,61827,151989,6
faktologiamedia,ru,1,False,channel,ru,ru,1.0,180,179,179,0,147,3099,13
favt_ru,ru,1,False,channel,ru,ru,1.0,85,61,56,3,672,27787,6
fcpeshka,ru,1,False,channel,ru,ru,1.0,91,88,87,6,12699,33799,13
fdostoevskiy,ru,1,False,channel,ru,ru,1.0,33,29,28,7,4605,11740,5
filatovcorr,ru,1,False,channel,ru,ru,0.994,73,71,70,5,109342,168627,10
filimonov_official,ru,1,False,channel,ru,ru,1.0,210,188,180,73,2367,54232,11
first_political,ru,1,False,channel,ru,ru,0.997,2244,1572,1572,13,110334,119974,8
first_shot_tm,ru,1,False,empty,unknown,unknown,0.0,0,0,0,0,,,
flashpoint_news,ru,1,False,channel,ru,ru,1.0,49,45,45,19,2062,3622,7
flotskiy,ru,1,False,empty,unknown,unknown,0.0,0,0,0,0,,,
foreigncombatants,ru,1,False,channel,ru,ru,1.0,105,54,54,2,948,4900,20
fosfor_95,ru,1,False,empty,unknown,unknown,0.0,0,0,0,0,,4,
freedomf0x,ru,1,False,empty,unknown,unknown,0.0,0,0,0,0,,0,
fridrihshow,ru,1,False,channel,ru,ru,0.994,158,147,142,66,30474,67703,16
fromua_official,ru,1,False,channel,ru,ru,0.991,702,560,559,0,277,613,8
front_narod,ru,1,False,channel,ru,ru,0.997,296,147,138,2,2732,8545,23
full_time_trading,ru,1,False,empty,unknown,unknown,0.0,0,0,0,0,,6936,
g_ekhmo,ru,1,False,channel,ru,ru,0.995,55,38,30,3,1123,1407,12
gardez66,ru,1,False,channel,ru,ru,1.0,374,325,324,29,115905,255767,14
garmaev_alexander,ru,1,False,channel,ru,ru,0.997,342,272,262,188,11158,20097,11
gasconecilexus,ru,1,False,channel,ru,ru,0.994,100,92,90,20,157,269,20
gasification_news,ru,1,False,channel,ru,ru,1.0,99,63,59,4,4553,49407,10
genshtab24,ru,1,False,channel,ru,ru,1.0,2228,1701,1673,126,17205,83990,10
geonrgru,ru,1,False,channel,ru,ru,1.0,29,29,29,0,380251,136752,8
ghost_of_novorossia,ru,1,False,channel,ru,ru,0.991,524,361,358,297,54268,143805,12
ginkontrol,ru,1,False,channel,ru,ru,1.0,37,32,32,1,575,3945,9
gixie_beauty,ru,1,False,empty,unknown,unknown,0.0,0,0,0,0,,,
glavkontrol,ru,1,False,channel,ru,ru,1.0,19,7,6,2,1747,1850,11
glavmedia,ru,1,False,channel,ru,ru,0.997,6394,5271,5133,6232,5188,67013,7
glebnikitin_nn,ru,1,False,channel,ru,ru,1.0,129,48,48,0,25098,49213,10
gnqmdghzwl05ztqy,ru,1,False,channel,ru,ru,1.0,216,97,85,16,945,2649,9
godeye_ru,ru,1,False,channel,ru,ru,1.0,225,208,208,26,13164,24117,9
golosmordora,ru,1,False,empty,unknown,unknown,0.0,0,0,0,0,,658,
gonzomel,ru,1,False,channel,ru,ru,1.0,7,7,7,0,570979,316,15
gonzoop,ru,1,False,empty,unknown,unknown,0.0,0,0,0,0,,,
good_events_russia,ru,1,False,channel,ru,ru,1.0,91,91,91,0,3962,19698,11
gooddbad_bot,ru,1,False,empty,unknown,unknown,0.0,0,0,0,0,,,
goodphrase,ru,1,False,channel,ru,ru,1.0,372,323,323,15,4241,37941,19
government_rus,ru,1,False,channel,ru,ru,1.0,307,209,209,0,33106,169652,9
grantoed_by,ru,1,False,channel,ru,ru,1.0,189,146,146,46,742,2347,9
greatrussia_1,ru,1,False,empty,unknown,unknown,0.0,0,0,0,0,,9,
grechne,ru,1,False,channel,ru,ru,1.0,65,63,63,1,29314,68888,10
grekovodnik,ru,1,False,channel,ru,ru,1.0,56,56,56,20,1740,1611,14
grey_zone,ru,1,False,empty,unknown,unknown,0.0,0,0,0,0,,342307,
grishkafilippov,ru,1,False,channel,ru,ru,1.0,401,348,342,269,9417,35284,7
groks,ru,1,False,channel,ru,ru,1.0,32,31,30,0,18663,42151,10
gtrk75,ru,1,False,channel,ru,ru,1.0,644,609,603,27,354,6797,12
gtrklnr_lugansk24,ru,1,False,channel,ru,ru,1.0,1330,1023,1009,444,1863,23234,11
guberniyatv,ru,1,False,channel,ru,ru,1.0,743,649,625,0,309,5758,7
gubery,ru,1,False,channel,ru,ru,1.0,1081,682,656,894,6571,83361,20
gumomsk55,ru,1,False,channel,ru,ru,1.0,430,213,199,6,4103,5936,18
gunpaw,ru,1,False,channel,ru,ru,1.0,38,36,32,0,12267,14531,16
gusev_36,ru,1,False,channel,ru,ru,1.0,36,34,34,0,15911,126756,6
hackberegini,ru,1,False,channel,ru,ru,1.0,53,25,24,3,72803,85544,14
hanti_mansi,ru,1,False,channel,ru,ru,1.0,107,94,90,23,3785,2452,9
hard_blog_line,ru,1,False,channel,ru,ru,1.0,83,71,69,36,31499,82421,9
harry_homolsky,ru,1,False,channel,ru,ru,0.986,186,183,183,0,15406,25562,18
healertacmed,ru,1,False,channel,ru,ru,0.984,234,206,179,52,13822,131840,21
heroesofz,ru,1,False,channel,ru,ru,1.0,38,32,32,0,272370,37819,7
herson_rus,ru,1,False,channel,ru,ru,0.994,758,572,569,81,7775,13011,12
hersonenot,ru,1,False,channel,ru,ru,0.991,183,130,124,1,58659,35484,9
hersonvestnik,ru,1,False,channel,ru,ru,1.0,924,693,693,362,14716,47492,5
hinshtein,ru,1,False,channel,ru,ru,1.0,107,78,76,8,30003,219056,10
historicalfacts777,ru,1,False,empty,unknown,unknown,0.0,0,0,0,0,,286,
hocenkovp,ru,1,False,channel,ru,ru,1.0,81,59,59,1,27544,56181,8
houseofcardseurope,ru,1,False,channel,ru,ru,1.0,538,369,369,83,4076,12522,9
hrandmuchmore,ru,1,False,channel,ru,ru,1.0,56,47,46,15,1582,15199,3
hrandmuchmoree,ru,1,False,channel,ru,ru,0.997,108,88,84,0,441,905,8
htosho,ru,1,False,channel,ru,ru,1.0,580,501,497,93,14876,101513,21
iamsniper,ru,1,False,channel,ru,ru,0.997,145,106,103,15,6237,139640,7
iefnotes,ru,1,False,channel,ru,ru,1.0,22,22,16,3,1666,3786,11
igor_artamonov48,ru,1,False,channel,ru,ru,1.0,88,41,41,2,17211,191282,14
igorstrelkov,ru,1,False,channel,ru,ru,1.0,469,427,424,77,1919,1724,9
iikhu,ru,1,False,channel,ru,ru,1.0,457,434,405,178,67097,158193,17
ikakprosto,ru,1,False,channel,ru,ru,0.989,53,43,41,3,409428,331341,14
iknowbiz,ru,1,False,channel,ru,ru,1.0,85,79,77,0,3574,5689,17
imaxairu,ru,1,False,channel,ru,ru,1.0,319,309,307,64,6317,27801,11
imi_mgimo,ru,1,False,channel,ru,ru,1.0,36,36,33,0,1496,7277,14
immi_gration,ru,1,False,channel,ru,ru,1.0,53,30,27,6,2673,2289,16
imnotbozhena,ru,1,False,channel,ru,ru,0.991,742,442,441,56,168235,504245,15
impnavigator,ru,1,False,channel,ru,ru,1.0,93,31,31,0,4695,10963,6
incident_kuzbass,ru,1,False,empty,unknown,unknown,0.0,0,0,0,0,,9830,
infomoscow24,ru,1,False,channel,ru,ru,1.0,1240,868,845,92,103963,495047,12
informburo_sfd,ru,1,False,channel,ru,ru,1.0,1379,1108,1098,1364,13285,26130,9
infotek_russia,ru,1,False,channel,ru,ru,1.0,179,178,178,13,1504,30838,13
inosmichannel,ru,1,False,channel,ru,ru,1.0,366,362,362,0,32027,146066,12
insect_life,ru,1,False,channel,ru,ru,0.994,303,202,199,3,62380,191149,10
insidersua,ru,1,False,channel,ru,ru,1.0,602,276,274,1,1054,8814,10
intuition2036,ru,1,False,channel,ru,ru,1.0,599,577,568,172,21003,39878,10
irk01,ru,1,False,channel,ru,ru,1.0,244,146,144,1,9934,31415,4
iron_wind,ru,1,False,channel,ru,ru,1.0,37,37,37,0,19433,32749,19
ispanecw,ru,1,False,empty,unknown,unknown,0.0,0,0,0,0,,,
istanbul_wolf,ru,1,False,channel,ru,ru,1.0,55,44,44,19,2531,5509,11
istfakk,ru,1,False,channel,ru,ru,1.0,19,19,14,0,868,8344,6
istrkalkglk,ru,1,False,channel,ru,ru,1.0,106,77,76,13,41827,121408,8
iswnews,ru,1,False,channel,fa,fa,0.997,612,423,420,9,2121,14211,7
italia_unita_avondet,ru,1,False,channel,it,it,0.993,187,91,83,13,1089,3524,12
itiltg,ru,1,False,channel,ru,ru,1.0,121,87,87,39,8560,73881,7
itsnofact,ru,1,False,channel,ru,ru,1.0,24,19,19,0,26665,33688,9
ivorytowers,ru,1,False,channel,ru,ru,0.997,256,231,219,84,4733,16655,13
izolentalive,ru,1,False,channel,ru,ru,1.0,410,410,275,81,16454,56149,4
izvestia,ru,1,False,empty,unknown,unknown,0.0,0,0,0,0,,134822,
julia_chicherina,ru,1,False,channel,ru,ru,1.0,27,26,26,10,41604,44203,7
kadrcentr_dzm,ru,1,False,channel,ru,ru,1.0,38,31,31,11,810,10404,14
kaluga24tv,ru,1,False,channel,ru,ru,1.0,639,478,471,2,901,13212,8
kama_volga,ru,1,False,channel,ru,ru,0.997,354,174,174,168,254,2260,11
kamchatka01,ru,1,False,channel,ru,ru,1.0,286,173,172,0,5185,21510,8
kanzlerdaddy,ru,1,False,channel,ru,ru,1.0,457,438,434,0,15611,72415,9
karabakhru,ru,1,False,channel,ru,ru,1.0,815,636,636,413,2598,9328,13
karga4,ru,1,False,channel,ru,ru,0.981,20868,18889,15530,11097,1115,22578,21
karyakin,ru,1,False,empty,unknown,unknown,0.0,0,0,0,0,,,
kastyukevich_live,ru,1,False,channel,ru,ru,0.983,131,81,76,26,2478,10747,8
kchf_ru,ru,1,False,channel,ru,ru,1.0,79,58,58,0,1242,3124,9
kdvinsky,ru,1,False,channel,ru,ru,1.0,134,129,122,21,10805,29600,17
kemerovo001,ru,1,False,channel,ru,ru,1.0,247,175,172,1,6642,12872,10
kenig01,ru,1,False,channel,ru,ru,1.0,184,146,146,1,11010,25237,13
kgh_moscow,ru,1,False,channel,ru,ru,1.0,417,155,155,1,14784,25606,15
khorokhordin,ru,1,False,channel,ru,ru,1.0,34,16,15,0,3135,2003,5
kimmarina,ru,1,False,channel,ru,ru,1.0,55,45,44,0,8505,26143,15
kingbriton777,ru,1,False,empty,unknown,unknown,0.0,0,0,0,0,,,
kinoved_info,ru,1,False,channel,ru,ru,0.997,161,110,96,15,399,1145,4
kleveta,ru,1,False,channel,ru,ru,1.0,134,113,113,25,2641,10500,5
klientvp,ru,1,False,empty,unknown,unknown,0.0,0,0,0,0,,8,
klubniy_servis,ru,1,False,channel,ru,ru,0.997,516,342,318,0,76159,190810,18
klychkov_andrey,ru,1,False,channel,ru,ru,1.0,117,30,29,71,99860,68737,8
knistavka,ru,1,False,channel,ru,ru,1.0,77,31,31,1,6616,11741,11
kobzevii,ru,1,False,channel,ru,ru,1.0,291,169,169,0,14808,77570,10
kokov_kazbek,ru,1,False,channel,ru,ru,1.0,92,41,41,0,15898,19621,12
kom_mir,ru,1,False,channel,ru,ru,1.0,257,130,130,83,1040,6266,13
komandaokulista,ru,1,False,channel,ru,ru,1.0,85,37,22,0,3464,1219,11
kommersant,ru,1,False,channel,ru,ru,1.0,1267,1198,1195,16,47661,287103,11
kondratyevvi,ru,1,False,channel,ru,ru,1.0,95,43,42,0,38141,59103,12
konstantunovka,ru,1,False,channel,ru,ru,1.0,3781,3345,3006,617,2117,13668,6
kornilov1968,ru,1,False,channel,ru,ru,1.0,391,352,351,125,41723,120056,10
korolevsnotes,ru,1,False,channel,ru,ru,0.995,41,34,34,8,2116,6475,10
kotreal,ru,1,False,channel,ru,ru,1.0,1042,957,954,199,103038,159807,6
kozakrichala,ru,1,False,channel,ru,ru,0.994,716,674,635,258,52671,180476,9
kozhemiakoofficial,ru,1,False,channel,ru,ru,1.0,40,40,40,0,40744,53560,6
krai_rodnoy,ru,1,False,channel,ru,ru,1.0,437,427,424,393,2178,4517,12
kramnikcat,ru,1,False,channel,ru,ru,0.988,70,61,61,13,26305,39323,10
kremlinperesmeshnik,ru,1,False,channel,ru,ru,1.0,756,638,637,17,21811,106620,12
kremlinprachka,ru,1,False,channel,ru,ru,1.0,286,230,229,11,406445,88259,10
kremlinrussian,ru,1,False,channel,ru,ru,1.0,1214,1147,1146,86,31731,104005,15
krispotupchik,ru,1,False,channel,ru,ru,1.0,192,127,125,17,45574,151372,7
krnd1,ru,1,False,channel,ru,ru,1.0,161,145,143,1,4964,9877,13
krovmeshki,ru,1,False,channel,ru,ru,1.0,114,49,48,42,11422,1648,15
krsk01,ru,1,False,channel,ru,ru,1.0,254,187,185,1,11362,23369,4
krujka_md,ru,1,False,channel,ru,ru,1.0,95,73,73,24,963,2354,11
ksantyz,ru,1,False,channel,ru,ru,1.0,166,139,137,107,6725,13454,14
kstati_p,ru,1,False,channel,ru,ru,1.0,394,373,372,10,50013,230837,9
kukufffka,ru,1,False,channel,ru,ru,1.0,269,265,248,146,9680,21923,7
kuraifutlar,ru,1,False,channel,ru,ru,1.0,1116,991,984,547,7823,31096,9
kursstaya_bot,ru,1,False,empty,unknown,unknown,0.0,0,0,0,0,,,
kuvshinnikovlive,ru,1,False,channel,ru,ru,1.0,232,89,82,0,4537,6286,12
kyzmadon,ru,1,False,empty,unknown,unknown,0.0,0,0,0,0,,,
l0hmatiy,ru,1,False,channel,ru,ru,0.994,639,584,584,174,15120,34994,18
lady_north,ru,1,False,channel,ru,ru,0.993,34,29,29,13,4485,6689,13
law_odsd,ru,1,False,channel,ru,ru,1.0,48,45,45,4,13382,5146,15
lbdv4aa,ru,1,False,channel,ru,ru,1.0,63,28,27,14,275,8103,10
ledorub_merkadera,ru,1,False,channel,ru,ru,1.0,312,295,294,238,3732,4215,7
legitimniy_live,ru,1,False,channel,ru,ru,1.0,746,517,517,2,11036,15288,9
leningrad_guide,ru,1,False,channel,ru,ru,1.0,409,385,384,206,5547,10261,14
lentachold,ru,1,False,channel,ru,ru,1.0,253,233,226,13,176636,382591,7
lentadna,ru,1,False,channel,ru,ru,1.0,421,310,310,8,18796,30607,14
lentadnya,ru,1,False,channel,ru,ru,1.0,3078,2230,2230,314,57415,307851,10
lerakudryavtseva,ru,1,False,channel,ru,ru,0.997,161,152,144,3,138148,241778,19
lezhnev_sergey,ru,1,False,channel,ru,ru,1.0,155,32,32,3,19884,1466,8
lgpu_lugansk,ru,1,False,channel,ru,ru,0.997,293,95,88,99,1474,6556,13
lic_lpr,ru,1,False,channel,ru,ru,1.0,1725,1251,1249,127,8724,48019,11
life_odessa,ru,1,False,channel,ru,ru,0.997,320,240,240,0,14508,14612,14
life_underzoccupati,ru,1,False,channel,ru,ru,0.997,598,423,419,108,512,2957,13
litvintm,ru,1,False,channel,ru,ru,1.0,24,24,20,1,905150,1608817,15
live_kuban,ru,1,False,channel,ru,ru,1.0,2842,2448,2419,147,3554,26162,8
logikamarkova,ru,1,False,channel,ru,ru,1.0,384,382,378,39,23578,54748,19
lomovkaa,ru,1,False,channel,ru,ru,0.994,2107,1826,1813,384,9799,329010,7
longread2023,ru,1,False,channel,ru,ru,1.0,145,145,145,0,12094,10273,8
lpr_jccc,ru,1,False,channel,ru,ru,1.0,134,87,87,15,19021,6551,4
lugovoyandrey,ru,1,False,channel,ru,ru,1.0,95,77,75,4,10203,87812,8
lunay14,ru,1,False,channel,ru,ru,0.984,798,599,585,637,2443,21859,14
madeinrussia_ru,ru,1,False,channel,ru,ru,1.0,435,418,418,0,506,26726,10
maester,ru,1,False,channel,ru,ru,1.0,87,87,87,5,77676,300832,15
makalimatovvv,ru,1,False,channel,ru,ru,1.0,80,42,41,1,2561,6785,15
makers2fron,ru,1,False,channel,ru,ru,1.0,89,73,69,10,6205,23235,21
makhachkala_01,ru,1,False,channel,ru,ru,0.997,162,128,128,1,1617,1818,7
maksnazar,ru,1,False,channel,ru,ru,0.992,274,253,249,34,24288,25898,8
mardanaka,ru,1,False,channel,ru,ru,0.997,360,352,331,62,115747,204719,16
margaritasimonyan,ru,1,False,channel,ru,ru,0.997,75,64,59,16,393506,518780,9
mariasergeyeva,ru,1,False,channel,ru,ru,1.0,46,44,43,2,4914,20189,9
marinaslovo,ru,1,False,channel,ru,ru,1.0,140,131,130,1,42083,98447,10
mariupol24tv,ru,1,False,channel,ru,ru,1.0,2159,1539,1519,704,750,15294,8
marketingold,ru,1,False,channel,ru,ru,1.0,207,114,112,8,29010,126243,14
markovakaterina,ru,1,False,channel,ru,ru,0.997,140,84,79,10,3693,7945,6
marochkolive,ru,1,False,channel,ru,ru,0.994,903,736,707,382,4885,14972,11
maryananaumova,ru,1,False,channel,ru,ru,1.0,137,50,50,1,111134,70384,21
mash_donbass,ru,1,False,channel,ru,ru,1.0,212,150,147,27,20123,50209,15
mashkomnata,ru,1,False,channel,ru,ru,1.0,251,102,94,2,13952,172624,9
mashmoyka,ru,1,False,channel,ru,ru,1.0,249,172,171,11,81688,334827,15
master_pera,ru,1,False,channel,ru,ru,1.0,82,82,82,25,4638,61057,7
matanaliz_kofman,ru,1,False,channel,ru,ru,0.997,95,70,69,35,2105,3603,20
matrixrypor,ru,1,False,channel,ru,ru,1.0,416,375,375,80,1371,1347,10
matrosou,ru,1,False,channel,ru,ru,1.0,657,547,545,605,9253,34470,5
matvey_sever,ru,1,False,empty,unknown,unknown,0.0,0,0,0,0,,,
max_shugaley,ru,1,False,channel,ru,ru,1.0,39,25,25,0,15204,13873,16
maximgrigoryev,ru,1,False,channel,ru,ru,1.0,42,28,28,36,3223,21025,7
mayorthunder,ru,1,False,channel,ru,ru,0.987,87,76,60,9,5680,6768,22
mcxprd,ru,1,False,channel,ru,ru,1.0,186,119,118,56,406,2592,9
media_post_ua,ru,1,False,channel,ru,ru,1.0,736,653,653,2,49255,72320,10
mediahabalki,ru,1,False,channel,ru,ru,0.997,327,248,241,9,38518,51449,14
mediakiller,ru,1,False,channel,ru,ru,1.0,91,86,86,2,25062,42674,12
mediakiller2021,ru,1,False,channel,ru,ru,1.0,475,346,346,0,57985,106990,9
mediapaluba,ru,1,False,channel,ru,ru,1.0,170,152,150,4,485,6667,7
mediastanciacom,ru,1,False,channel,ru,ru,1.0,263,190,190,17,9898,113551,12
mediatech,ru,1,False,channel,ru,ru,1.0,171,167,167,13,42288,111309,8
mediavoyni,ru,1,False,channel,ru,ru,1.0,1,1,1,0,16717,40481,18
medvedev_note,ru,1,False,channel,ru,ru,1.0,85,84,81,23,14163,21924,10
medvedevvesti,ru,1,False,channel,ru,ru,1.0,305,275,274,227,53143,183135,9
megafon_online,ru,1,False,channel,ru,ru,1.0,29,29,25,0,13311,65955,7
megapolis_ugra,ru,1,False,channel,ru,ru,1.0,659,520,519,8,2826,15079,10
melitopol24bot,ru,1,False,empty,unknown,unknown,0.0,0,0,0,0,,,
merussiatg,ru,1,False,channel,ru,ru,1.0,1262,540,523,4,1671,51365,3
metametrica,ru,1,False,channel,ru,ru,1.0,1052,919,902,102,35320,121791,19
mger_77,ru,1,False,channel,ru,ru,1.0,226,72,72,21,371,8105,14
mid_russia,ru,1,False,channel,ru,ru,1.0,422,329,323,125,14827,140484,16
mihalych67,ru,1,False,channel,ru,ru,0.991,498,447,438,241,4629,5453,12
military_fakes_bot,ru,1,False,empty,unknown,unknown,0.0,0,0,0,0,,,
militarycriminal,ru,1,False,channel,ru,ru,1.0,163,111,111,118,5162,8408,13
militaryrussiaru,ru,1,False,channel,ru,ru,1.0,119,76,75,58,1609,7720,4
minaevlife,ru,1,False,channel,ru,ru,1.0,169,116,109,100,48470,319784,15
minec_russia,ru,1,False,channel,ru,ru,1.0,133,84,75,8,3877,23100,10
minenergo_official,ru,1,False,channel,ru,ru,1.0,64,30,30,4,4972,16635,10
minpromtorg_ru,ru,1,False,channel,ru,ru,1.0,93,86,84,2,8906,40767,9
mintsifry,ru,1,False,channel,ru,ru,1.0,44,44,43,0,102440,239602,9
minut30,ru,1,False,channel,ru,ru,1.0,824,752,748,48,11659,33198,10
minzdrav_kherson,ru,1,False,channel,ru,ru,1.0,96,90,90,0,13260,1376,15
mir3rim,ru,1,False,empty,unknown,unknown,0.0,0,0,0,0,,5,
miroshnik_r,ru,1,False,channel,ru,ru,1.0,318,282,277,109,10172,21481,13
mishadonbass,ru,1,False,channel,ru,ru,1.0,95,91,77,1,8945,11627,15
mkasems,ru,1,False,empty,unknown,unknown,0.0,0,0,0,0,,3,
mnews_feedbackbot,ru,1,False,empty,unknown,unknown,0.0,0,0,0,0,,,
mobrep,ru,1,False,channel,ru,ru,1.0,83,69,68,28,4878,3521,16
modnayazheleza,ru,1,False,channel,ru,ru,0.988,28,14,13,0,132407,95825,16
monokuma1488,ru,1,False,empty,unknown,unknown,0.0,0,0,0,0,,2,
montyan2,ru,1,False,channel,ru,ru,1.0,220,184,181,0,257938,307597,6
mooveche,ru,1,False,channel,ru,ru,1.0,86,21,21,1,24879,6778,10
moralistess,ru,1,False,channel,ru,ru,1.0,39,22,22,0,20568,11592,15
morjanamara,ru,1,False,channel,ru,ru,0.977,77,61,56,18,8510,6827,23
morskaya_pehota_384,ru,1,False,channel,ru,ru,1.0,3,1,1,0,669930,4137,10
mos_dgi,ru,1,False,channel,ru,ru,1.0,19,18,18,0,1899,4537,15
mos_sobyanin,ru,1,False,channel,ru,ru,1.0,266,61,58,40,42381,361355,13
mosanalitica,ru,1,False,channel,ru,ru,1.0,63,63,57,4,921,4503,9
moscow_show,ru,1,False,channel,ru,ru,1.0,268,70,69,7,586,2083,6
moscowcourts,ru,1,False,channel,ru,ru,1.0,21,14,13,0,4107,34848,10
moscowcsr,ru,1,False,channel,ru,ru,1.0,51,40,36,20,593,4587,8
moscowecon,ru,1,False,channel,ru,ru,1.0,116,86,83,4,27713,54626,8
moscowexport,ru,1,False,channel,ru,ru,1.0,46,35,35,0,7985,8120,14
moscowmap,ru,1,False,channel,ru,ru,0.991,546,451,445,11,604143,2728019,7
moskalkovsb,ru,1,False,channel,ru,ru,1.0,245,190,185,119,3896,27181,16
moslentaru,ru,1,False,channel,ru,ru,1.0,721,431,424,18,6857,23024,13
mosnovosti,ru,1,False,empty,unknown,unknown,0.0,0,0,0,0,,27439,
mrakoborets1,ru,1,False,channel,ru,ru,1.0,100,77,72,0,1739,4310,12
msgazdiev,ru,1,False,channel,ru,ru,1.0,20,11,11,2,439623,22974,16
muratkumpilov,ru,1,False,channel,ru,ru,1.0,420,83,83,30,5574,18598,9
murpolit,ru,1,False,channel,ru,ru,1.0,57,52,52,5,1661,1652,6
my_military_group,ru,1,False,channel,ru,ru,0.993,330,293,270,10,1411,2299,8
nabludatels,ru,1,False,channel,ru,ru,1.0,772,592,592,13,36675,107570,7
nadzornaya,ru,1,False,empty,unknown,unknown,0.0,0,0,0,0,,30,
nafront,ru,1,False,channel,ru,ru,1.0,7,6,4,1,348006,2562,7
nailyaaskerzade,ru,1,False,channel,ru,ru,1.0,183,116,114,1,5807,12341,12
nakanuneru,ru,1,False,channel,ru,ru,1.0,196,193,193,18,7552,17510,5
naralex88,ru,1,False,channel,ru,ru,1.0,144,126,118,25,5719,5264,8
nata_poltoratckaia,ru,1,False,empty,unknown,unknown,0.0,0,0,0,0,,,
nationallibraryofrussia,ru,1,False,channel,ru,ru,0.993,88,46,46,21,1791,6492,7
nationconsunion,ru,1,False,channel,ru,ru,1.0,1079,899,882,293,10880,43245,19
nationgeographic,ru,1,False,channel,ru,ru,0.987,186,147,147,0,155796,329412,13
naukapobezhdatz,ru,1,False,channel,ru,ru,1.0,173,148,146,42,6270,51432,4
navodka_na,ru,1,False,channel,ru,ru,1.0,20,15,13,1,11972,9473,8
nearestovich_official,ru,1,False,channel,ru,ru,1.0,143,114,114,0,41091,53444,7
nebrexnya,ru,1,False,channel,ru,ru,1.0,242,242,238,41,19501,117466,8
nedvizhna24,ru,1,False,channel,ru,ru,1.0,138,115,115,4,21686,52718,18
negumanitarnaya_pomosch_z,ru,1,False,empty,unknown,unknown,0.0,0,0,0,0,,300,
nekiimg,ru,1,False,channel,ru,ru,0.986,62,32,32,0,870,4230,18
nemez1da_ru,ru,1,False,channel,ru,ru,0.997,182,99,99,9,22688,47098,6
nesocseti,ru,1,False,channel,ru,ru,0.988,436,413,402,132,15490,26396,15
neudascha,ru,1,False,channel,ru,ru,1.0,2098,1732,1732,2096,317,1056,5
neuesausrussland,ru,1,False,channel,de,de,0.929,432,326,315,80,73744,165107,19
news_forfree,ru,1,False,empty,unknown,unknown,0.0,0,0,0,0,,168,
newseconomics,ru,1,False,channel,ru,ru,1.0,661,651,651,0,619,3842,10
newsfrontnotes,ru,1,False,empty,unknown,unknown,0.0,0,0,0,0,,37143,
newsibirsk01,ru,1,False,channel,ru,ru,1.0,200,137,136,1,7174,10512,9
newsnation,ru,1,False,channel,ru,ru,1.0,693,621,614,40,268,762,8
newstpu,ru,1,False,channel,ru,ru,1.0,156,95,86,7,2283,4540,10
newzaripov,ru,1,False,empty,unknown,unknown,0.0,0,0,0,0,,,
nezhurka,ru,1,False,channel,ru,ru,1.0,71,45,45,28,8593,8607,15
ngs42,ru,1,False,channel,ru,ru,1.0,293,258,255,0,659,10026,4
niemandswasser,ru,1,False,channel,ru,ru,1.0,122,110,110,81,2483,9004,15
nikita_semchurin,ru,1,False,empty,unknown,unknown,0.0,0,0,0,0,,18,
nikitinaraskazet,ru,1,False,channel,ru,ru,1.0,258,246,246,74,1606,2002,4
nilov_official,ru,1,False,channel,ru,ru,1.0,93,72,72,12,1499,8126,21
nizhnevartovsk_chp,ru,1,False,channel,ru,ru,1.0,1041,744,723,0,5527,63376,8
nizhny01,ru,1,False,channel,ru,ru,1.0,387,232,230,1,16530,36681,12
nizhny800,ru,1,False,channel,ru,ru,1.0,427,165,140,1,6955,36171,9
nm_dnr,ru,1,False,channel,ru,ru,1.0,120,120,120,1,91888,48294,7
nn_strelka,ru,1,False,channel,ru,ru,1.0,165,128,128,61,3233,48385,11
nomenclatura,ru,1,False,channel,ru,ru,1.0,158,140,140,9,16137,57067,13
nordecon,ru,1,False,channel,ru,ru,1.0,664,603,598,521,1850,2221,7
norin_ea,ru,1,False,channel,ru,ru,1.0,2,2,1,1,28923,2765,8
norinea,ru,1,False,channel,ru,ru,1.0,121,109,104,32,15952,40707,17
nos_chanel,ru,1,False,channel,ru,ru,0.988,405,395,362,42,23384,326481,7
nosovlive_ru,ru,1,False,channel,ru,ru,1.0,115,34,32,0,3278,5462,8
notes_veterans,ru,1,False,channel,ru,ru,0.994,480,416,411,74,184307,296425,7
notgood009,ru,1,False,channel,ru,ru,0.992,20,20,20,0,1744,1249,14
novorossia_okrug,ru,1,False,channel,ru,ru,1.0,311,214,214,303,6090,1615,8
npo_dvina,ru,1,False,empty,unknown,unknown,0.0,0,0,0,0,,194,
nsdvkharkove,ru,1,False,channel,ru,ru,0.997,1171,848,833,191,19356,86157,17
nsdvkhersone,ru,1,False,channel,ru,ru,1.0,2121,1313,1308,645,6652,23297,12
nstarikovru,ru,1,False,channel,ru,ru,1.0,637,591,580,182,20282,87058,14
ntvnews,ru,1,False,empty,unknown,unknown,0.0,0,0,0,0,,154190,
nwsru,ru,1,False,channel,ru,ru,1.0,1047,889,872,28,39048,156401,11
ny_usa_world,ru,1,False,channel,ru,ru,1.0,33,33,32,0,9020,16253,3
nytimes,ru,1,False,channel,en,en,1.0,136,102,102,0,24292,175117,2
o_andrey_tkachev,ru,1,False,channel,ru,ru,1.0,47,46,44,23,70503,118961,8
oanikolaev,ru,1,False,channel,ru,ru,1.0,89,76,74,11,7540,19788,12
ob_obraz,ru,1,False,channel,ru,ru,1.0,56,49,46,2,8420,30178,12
obrazbuduschego2,ru,1,False,channel,ru,ru,1.0,296,295,295,83,79189,162963,8
obtf_kaskad,ru,1,False,channel,ru,ru,1.0,23,19,16,10,17126,27850,18
octagonmedia,ru,1,False,channel,ru,ru,1.0,271,249,249,171,5699,27758,7
odsd_dnr,ru,1,False,channel,ru,ru,1.0,486,312,311,79,1399,963,6
oilfly,ru,1,False,channel,ru,ru,1.0,342,340,333,58,803,6456,10
oilgasgame,ru,1,False,channel,ru,ru,1.0,58,58,58,7,9935,24992,10
oizmedia,ru,1,False,channel,ru,ru,1.0,58,57,57,0,3668,21682,7
ok_spn,ru,1,False,empty,unknown,unknown,0.0,0,0,0,0,,312,
okolobara,ru,1,False,channel,ru,ru,1.0,70,56,54,3,329,1593,10
oldgbr,ru,1,False,channel,ru,ru,1.0,232,211,211,42,953,3902,19
oldminerkomi,ru,1,False,channel,ru,ru,1.0,52,43,43,12,4969,7760,10
oldradioteatr,ru,1,False,channel,ru,ru,0.997,468,468,461,0,10226,111182,8
olegtsarov,ru,1,False,channel,ru,ru,1.0,368,311,307,29,132694,399425,16
olegyasynsky,ru,1,False,channel,ru,ru,1.0,13,10,10,0,25480,59249,22
olen_nn,ru,1,False,channel,ru,ru,1.0,174,172,172,50,5229,47056,16
olgakormukhina,ru,1,False,channel,ru,ru,0.994,383,206,167,38,12861,26053,0
olgasharij,ru,1,False,channel,ru,ru,1.0,189,181,180,8,93251,110937,8
om1_ru,ru,1,False,empty,unknown,unknown,0.0,0,0,0,0,,879,
omarov_today,ru,1,False,channel,ru,ru,0.995,40,30,30,0,23746,4566,8
ombudsmanrf,ru,1,False,channel,ru,ru,1.0,66,31,29,0,9243,0,15
omelnichenko,ru,1,False,channel,ru,ru,1.0,106,47,47,1,11565,60356,12
onf_front,ru,1,False,channel,ru,ru,1.0,71,67,66,0,14262,74287,9
openukraine,ru,1,False,channel,ru,ru,1.0,1034,911,899,487,68426,181040,13
oper_goblin,ru,1,False,channel,ru,ru,0.997,594,534,370,241,252941,499748,6
opersvodki,ru,1,False,channel,ru,ru,1.0,613,427,424,13,250523,411145,12
oplottv,ru,1,False,channel,ru,ru,1.0,1824,1437,1428,275,2720,12456,11
optimistkavshtatskom,ru,1,False,channel,ru,ru,1.0,277,258,251,76,19060,39855,13
optron,ru,1,False,empty,unknown,unknown,0.0,0,0,0,0,,,
orda_kz,ru,1,False,channel,ru,ru,1.0,2318,1793,1789,0,26033,138643,4
ordinaryczarizm,ru,1,False,channel,ru,ru,1.0,125,125,124,1,13266,42560,8
orengunteam56,ru,1,False,channel,ru,ru,1.0,251,168,166,56,8250,18239,11
orly_rs,ru,1,False,channel,ru,ru,0.991,200,141,140,55,1901,6710,11
osnovanews,ru,1,False,empty,unknown,unknown,0.0,0,0,0,0,,38,
ossinoe,ru,1,False,channel,ru,ru,0.991,405,363,363,77,4765,15278,8
ostashkonews,ru,1,False,channel,ru,ru,1.0,4995,4210,4193,348,114739,425228,9
osvedomitell_alex,ru,1,False,channel,ru,ru,1.0,636,529,467,11,13860,62613,17
otdel_gazet_rnb,ru,1,False,channel,ru,ru,1.0,26,6,6,1,116653,7976,7
otryadkovpaka,ru,1,False,channel,ru,ru,1.0,1215,911,900,589,14310,141562,16
otsosiska,ru,1,False,channel,ru,ru,0.984,823,795,150,27,11692,24671,20
panswiridow,ru,1,False,channel,ru,ru,1.0,65,62,59,33,647,1384,10
papagaz,ru,1,False,channel,ru,ru,1.0,262,261,257,0,16096,103390,9
parallel95,ru,1,False,channel,ru,ru,1.0,1758,1612,1556,241,1631,10328,8
patricklancaternewstoday,ru,1,False,channel,ru,ru,1.0,118,68,67,68,8019,20036,13
pavelmalkov_official,ru,1,False,channel,ru,ru,1.0,107,44,44,14,14602,29962,19
pdmnews,ru,1,False,channel,ru,ru,1.0,729,567,567,42,36876,196866,11
periskop_pacific,ru,1,False,channel,ru,ru,1.0,143,107,107,2,7112,13498,7
perm01,ru,1,False,channel,ru,ru,1.0,287,150,149,1,10274,23073,18
permkrai20,ru,1,False,channel,ru,ru,1.0,77,54,53,22,737,3244,11
petrakopov,ru,1,False,channel,ru,ru,1.0,36,36,36,2,434,1184,11
petrlundstrem,ru,1,False,channel,ru,ru,0.99,903,803,773,450,5199,24371,18
pezdicide,ru,1,False,channel,ru,ru,1.0,96,96,96,16,3789,11369,16
philol_lol,ru,1,False,channel,ru,ru,1.0,190,157,141,21,5224,9865,18
photopmc,ru,1,False,channel,ru,ru,1.0,88,36,36,48,9518,4161,9
pikta1,ru,1,False,channel,ru,ru,1.0,387,337,331,203,4120,17286,19
podkoverka,ru,1,False,channel,ru,ru,0.98,35,34,34,7,6469,7379,9
podmsk01,ru,1,False,channel,ru,ru,0.997,602,420,420,1,8756,21240,7
polardozor,ru,1,False,channel,ru,ru,1.0,89,74,73,22,2097,24243,12
politadequate,ru,1,False,channel,ru,ru,1.0,78,77,77,5,64358,263131,9
politburo2,ru,1,False,channel,ru,ru,1.0,90,75,66,70,11940,39501,11
politjoystic,ru,1,False,channel,ru,ru,1.0,356,353,346,79,59432,250511,5
politnavigator,ru,1,False,channel,ru,ru,0.982,1533,1395,1389,14,5104,87876,15
politolog_orlov,ru,1,False,channel,ru,ru,1.0,323,298,296,8,4065,23886,8
polittransit,ru,1,False,channel,ru,ru,1.0,192,187,187,35,27120,80062,6
polk105,ru,1,False,channel,ru,ru,1.0,295,252,249,44,8291,27326,19
polkovnik_hodarenok,ru,1,False,empty,unknown,unknown,0.0,0,0,0,0,,1652,
polkovnikkurtz,ru,1,False,channel,ru,ru,0.988,894,795,784,658,278,4176,8
polkovnikt,ru,1,False,channel,ru,ru,1.0,13,12,10,6,6904,21064,7
pomochvoenoslujachim31,ru,1,False,group,ru,ru,0.981,6333,6031,5897,65,34397,7002,17
postovo,ru,1,False,channel,ru,ru,1.0,1810,1762,1761,133,9154,18769,5
pozivnoiz,ru,1,False,empty,unknown,unknown,0.0,0,0,0,0,,,
prbezposhady,ru,1,False,channel,ru,ru,1.0,239,161,151,14,44040,151713,9
pridnestrovec,ru,1,False,channel,ru,ru,0.997,1677,1451,1451,13,27879,68296,17
pridybaylo_k,ru,1,False,channel,ru,ru,0.997,156,118,117,18,10165,15253,10
prigozhin_tg,ru,1,False,channel,unknown,unknown,0.0,2,2,1,0,1685,240,8
prime1,ru,1,False,channel,ru,ru,1.0,641,628,626,1,10104,45153,15
profenture,ru,1,False,channel,ru,ru,1.0,166,161,161,0,22767,139125,7
prommoscow,ru,1,False,channel,ru,ru,0.997,156,51,50,0,5926,82300,11
proofzzz,ru,1,False,channel,ru,ru,1.0,617,589,585,8,127801,603107,6
prosmis,ru,1,False,channel,ru,ru,1.0,107,102,102,7,9532,99671,14
protatarstan,ru,1,False,channel,ru,ru,0.997,308,166,149,47,172,978,8
prozektura,ru,1,False,channel,ru,ru,1.0,61,53,53,26,1278,1840,7
pushilindenis,ru,1,False,channel,ru,ru,1.0,99,64,63,3,235655,81930,11
pyospzdc,ru,1,False,channel,ru,ru,0.985,313,292,282,169,1897,3287,11
pythonaa,ru,1,False,channel,ru,ru,1.0,57,57,57,0,15899,70434,10
pzdcofficial,ru,1,False,channel,ru,ru,1.0,285,262,262,80,6200,55998,13
ra_tatmedia,ru,1,False,channel,ru,ru,1.0,76,44,43,32,176,371,8
rabotaem_ydalenno,ru,1,False,channel,ru,ru,1.0,11,11,10,0,9581,3195,4
radio1news,ru,1,False,empty,unknown,unknown,0.0,0,0,0,0,,5,
radio_sputnik,ru,1,False,empty,unknown,unknown,0.0,0,0,0,0,,126042,
radiogovoritmsk,ru,1,False,channel,ru,ru,1.0,3608,3448,3371,0,7003,43093,14
radiomirby,ru,1,False,channel,ru,ru,0.997,2490,2187,2185,332,5234,19774,8
radiorossii,ru,1,False,channel,ru,ru,1.0,628,603,391,156,741,12786,7
radiostydoba,ru,1,False,channel,ru,ru,0.997,334,332,330,14,47208,94759,13
radiyhabirov,ru,1,False,channel,ru,ru,1.0,216,57,57,0,20063,34999,9
raspp_info,ru,1,False,channel,ru,ru,0.991,167,166,165,3,3492,14658,8
rasstrelny,ru,1,False,channel,ru,ru,1.0,284,203,201,42,20135,105320,10
ratnik2nd,ru,1,False,channel,ru,ru,1.0,31,24,24,15,11258,14244,22
ravenstvomedia,ru,1,False,channel,ru,ru,1.0,20,20,20,0,7925,15182,12
razvedka_26st,ru,1,False,channel,ru,ru,0.994,268,243,235,105,370,1055,4
razvedkavperedz,ru,1,False,channel,ru,ru,1.0,30,19,18,0,188316,94216,2
razvozhaev,ru,1,False,channel,ru,ru,1.0,185,66,66,0,69822,220945,7
rbc_news,ru,1,False,channel,ru,ru,1.0,1719,1625,1610,36,85539,901024,10
rdo_serbia,ru,1,False,empty,unknown,unknown,0.0,0,0,0,0,,28,
readovkanews,ru,1,False,channel,ru,ru,1.0,1772,1746,1746,73,681248,2013395,11
real_cultras,ru,1,False,channel,ru,ru,1.0,94,88,88,48,9325,24405,12
realdocproductions,ru,1,False,empty,unknown,unknown,0.0,0,0,0,0,,45349,
rebel_jack_review,ru,1,False,channel,ru,ru,0.978,521,359,288,21,9478,21593,6
rebyesod,ru,1,False,channel,ru,ru,1.0,5,5,5,0,5653,3105,10
redacted6,ru,1,False,channel,ru,ru,1.0,272,221,220,144,233797,1020224,11
regpol,ru,1,False,channel,ru,ru,0.997,71,71,71,0,16102,72999,21
remeslaw,ru,1,False,empty,unknown,unknown,0.0,0,0,0,0,,2577,
rentv_news,ru,1,False,channel,ru,ru,1.0,3354,2620,2618,68,10204,113953,11
republic_of_gagauzia,ru,1,False,channel,ru,ru,1.0,2148,1889,1877,416,9271,26104,7
republic_tv,ru,1,False,channel,ru,ru,1.0,2428,1781,1760,639,399,2527,8
restpr_ru,ru,1,False,channel,ru,ru,1.0,65,40,33,0,432,2759,9
reversperspektive,ru,1,False,channel,ru,ru,1.0,45,45,40,9,7325,9250,22
rezhimbe,ru,1,False,empty,unknown,unknown,0.0,0,0,0,0,,21,
rgn_34,ru,1,False,channel,ru,ru,1.0,114,79,79,1,2365,10489,8
riafan,ru,1,False,channel,ru,ru,1.0,2627,2570,2568,47,1643,5297,9
riamo_ru,ru,1,False,channel,ru,ru,1.0,2660,2018,1921,294,1296,15052,13
rian_crimea,ru,1,False,channel,ru,ru,1.0,1143,911,908,124,3376,37808,6
ridusnews,ru,1,False,channel,ru,ru,1.0,626,621,621,2,1022,2543,13
rifmaskvozpricel,ru,1,False,channel,ru,ru,0.987,335,215,208,0,424,3710,11
rinc_kruto,ru,1,False,channel,ru,ru,1.0,36,36,36,0,7975,42979,9
rkadyrov_95,ru,1,False,channel,ru,ru,1.0,73,73,66,2,969823,2124106,20
rlz_the_kraken,ru,1,False,channel,ru,ru,1.0,547,373,367,22,78843,502401,12
rodnoydonbass,ru,1,False,channel,ru,ru,1.0,4,4,4,0,1629,82,8
rogandar,ru,1,False,channel,ru,ru,1.0,1926,1493,1488,203,53688,124119,6
rogozin_do,ru,1,False,channel,ru,ru,1.0,44,32,32,20,50699,92131,7
romanov_92,ru,1,False,channel,ru,ru,1.0,964,642,615,256,24962,151689,12
rosgvardofficial,ru,1,False,channel,ru,ru,0.997,159,117,117,1,9340,43098,5
rosich_ru,ru,1,False,empty,unknown,unknown,0.0,0,0,0,0,,401,
rostecru,ru,1,False,channel,ru,ru,1.0,135,104,96,8,6441,42743,9
rostislavishchenko,ru,1,False,channel,ru,ru,1.0,72,72,71,17,16217,53254,11
rostovzv,ru,1,False,group,ru,ru,0.994,1198,1027,652,24,54955,2547,9
rpg_shootingnew,ru,1,False,channel,ru,ru,0.947,369,369,248,0,24701,31410,15
rsaponkov,ru,1,False,channel,ru,ru,1.0,180,136,136,46,36343,101109,9
rsotmdivision,ru,1,False,channel,ru,ru,0.991,580,509,419,146,169560,209714,19
rstv01,ru,1,False,channel,ru,ru,1.0,192,145,145,1,15040,32591,7
ru2ch_news,ru,1,False,empty,unknown,unknown,0.0,0,0,0,0,,39,
ru_global,ru,1,False,channel,ru,ru,0.983,373,361,345,155,11261,54655,10
ruj_media,ru,1,False,channel,ru,ru,1.0,271,251,251,101,293,3199,7
rumaksim,ru,1,False,channel,ru,ru,1.0,15,12,11,7,1164,10067,18
runc_run,ru,1,False,channel,ru,ru,1.0,23,21,21,0,8562,60382,9
ruposts,ru,1,False,channel,ru,ru,1.0,37,37,37,0,6007,11370,11
rus_bakhmut,ru,1,False,channel,ru,ru,1.0,1338,976,973,124,21953,29420,17
rus_demiurge,ru,1,False,channel,ru,ru,1.0,1821,1741,1736,1291,9617,112250,12
rus_ni_peace_da_bot,ru,1,False,empty,unknown,unknown,0.0,0,0,0,0,,,
rusbrief,ru,1,False,empty,unknown,unknown,0.0,0,0,0,0,,2264,
rusbrief_moscow,ru,1,False,channel,ru,ru,1.0,828,828,827,10,1017,1663,9
rusdvigatel,ru,1,False,channel,ru,ru,1.0,7,7,7,2,3550,165,6
rusembest,ru,1,False,channel,ru,ru,1.0,29,26,25,19,529,928,10
rusengineer,ru,1,False,channel,ru,ru,1.0,170,126,124,19,12538,124288,7
ruserbia,ru,1,False,channel,ru,ru,0.997,512,379,377,244,2184,12926,14
rusfleet,ru,1,False,channel,ru,ru,0.994,252,172,167,74,15782,49886,11
rusgorod,ru,1,False,channel,ru,ru,1.0,33,7,7,0,20216,1078,14
rusnetocracy,ru,1,False,channel,ru,ru,1.0,1587,1383,1348,1317,263,1392,15
ruspanorama,ru,1,False,channel,ru,ru,1.0,1257,986,971,272,538,4286,7
ruspanorama_comments,ru,1,False,group,ru,ru,0.994,2724,2452,2371,1281,567,655,7
russ_orientalist,ru,1,False,channel,ru,ru,1.0,267,245,242,111,64042,128589,17
russchinatrade,ru,1,False,channel,ru,ru,1.0,11,11,11,3,1860,3082,7
russdiary,ru,1,False,empty,unknown,unknown,0.0,0,0,0,0,,14789,
russfly,ru,1,False,empty,unknown,unknown,0.0,0,0,0,0,,2,
russiacalling,ru,1,False,channel,ru,ru,1.0,29,25,24,5,76957,175252,9
russian_airborne,ru,1,False,channel,ru,ru,1.0,43,42,42,5,39095,50508,9
russianbizzz,ru,1,False,empty,unknown,unknown,0.0,0,0,0,0,,11,
russianeconomism,ru,1,False,channel,ru,ru,1.0,42,39,39,4,17211,75162,14
russianfuture,ru,1,False,channel,ru,ru,0.995,64,49,49,35,6977,10652,8
russianpiano,ru,1,False,channel,ru,ru,1.0,1,1,1,0,62019,19005,18
russica2,ru,1,False,empty,unknown,unknown,0.0,0,0,0,0,,872820,
russkay_vesna,ru,1,False,group,ru,ru,0.994,1227,1186,398,125,204,120,17
russkih_aleksey,ru,1,False,channel,ru,ru,1.0,141,53,53,0,8956,18289,17
russves,ru,1,False,channel,ru,ru,1.0,489,444,441,265,3112,107105,19
rustroyka1945,ru,1,False,channel,ru,ru,0.989,762,645,610,341,92088,191642,19
rvvoenkor_bot,ru,1,False,empty,unknown,unknown,0.0,0,0,0,0,,,
rvvoenkor_frontu,ru,1,False,channel,ru,ru,1.0,52,25,25,0,1731,2232,9
sabreens1,ru,1,False,empty,unknown,unknown,0.0,0,0,0,0,,17,
sale_caviar,ru,1,False,channel,ru,ru,1.0,121,100,100,0,63169,192910,21
samaratg01,ru,1,False,channel,ru,ru,0.994,337,230,230,1,12989,25219,11
santino_santana,ru,1,False,empty,unknown,unknown,0.0,0,0,0,0,,,
saraliev,ru,1,False,channel,ru,ru,1.0,7,5,5,0,90664,31692,12
sasha_kots,ru,1,False,empty,unknown,unknown,0.0,0,0,0,0,,,
savanichi,ru,1,False,channel,ru,ru,0.988,276,258,245,39,99386,196804,13
sberbank,ru,1,False,channel,ru,ru,1.0,30,30,26,0,235535,711078,7
scottritter,ru,1,False,channel,en,en,0.984,89,89,79,2,35927,88624,22
separ13_13,ru,1,False,empty,unknown,unknown,0.0,0,0,0,0,,451,
serdechkin51,ru,1,False,channel,ru,ru,1.0,174,55,52,2,567,1903,10
sergeykolyasnikov,ru,1,False,channel,ru,ru,1.0,682,545,544,59,110807,447881,10
sevseal,ru,1,False,channel,ru,ru,1.0,161,161,160,20,8949,23653,19
sewerfsefsd,ru,1,False,empty,unknown,unknown,0.0,0,0,0,0,,33,
shadow_policy,ru,1,False,channel,ru,ru,1.0,66,66,66,5,14554,30871,20
shalnyak,ru,1,False,channel,ru,ru,0.99,460,322,263,237,8222,32000,22
shapsha_vv,ru,1,False,channel,ru,ru,1.0,187,82,81,0,12381,44957,14
sharanism,ru,1,False,channel,ru,ru,0.968,1201,1115,1110,21,12403,33256,19
sharansky,ru,1,False,channel,ru,ru,0.975,1181,1071,1058,1,10472,24711,10
shariiquotes,ru,1,False,channel,ru,ru,0.997,2028,1902,1708,89,3972,1995,20
shorokhoff,ru,1,False,channel,ru,ru,1.0,135,123,121,11,423,986,19
shot_shot,ru,1,False,channel,ru,ru,1.0,563,396,395,19,236900,1265557,9
shuohuaxia,ru,1,False,channel,ru,ru,1.0,237,236,236,5,50562,145874,5
sibirskiyokean,ru,1,False,channel,ru,ru,1.0,40,25,25,2,20677,8286,5
sil0viki,ru,1,False,channel,ru,ru,1.0,1832,1406,1403,1809,65789,185813,10
silapomorya,ru,1,False,channel,ru,ru,1.0,484,342,339,109,200,1924,11
silavpravdevshumkov,ru,1,False,channel,ru,ru,1.0,356,105,85,0,3823,14452,13
simplepleasure_club,ru,1,False,channel,ru,ru,1.0,130,57,56,4,895,6255,11
siriusrussia,ru,1,False,channel,ru,ru,1.0,13,13,13,0,2225,6877,8
sitreports,ru,1,False,channel,en,en,1.0,1216,1081,1079,581,3141,23327,11
sk_sitnikov,ru,1,False,channel,ru,ru,1.0,218,74,74,0,2497,7374,15
skazburlaka,ru,1,False,channel,unknown,ru,0.0,24,12,12,24,177,2542,5
skoloth,ru,1,False,channel,ru,ru,1.0,955,761,746,259,4138,10334,6
skosoi,ru,1,False,channel,ru,ru,1.0,88,79,79,0,89432,107415,7
sladkov_plus,ru,1,False,channel,ru,ru,1.0,170,164,160,5,629687,705291,7
sledcom_press,ru,1,False,channel,ru,ru,1.0,409,381,381,3,4772,96542,7
smotri_media,ru,1,False,channel,ru,ru,0.991,2258,2163,2163,32,7004,44639,9
smotrim_ru,ru,1,False,channel,ru,ru,1.0,545,402,381,39,9164,40034,10
soch01,ru,1,False,channel,ru,ru,0.989,291,188,186,1,7427,19081,5
social_mos_news,ru,1,False,channel,ru,ru,1.0,261,121,116,48,1557,138259,16
soldierline,ru,1,False,channel,ru,ru,0.994,493,280,280,5,3951,4583,8
sommerman,ru,1,False,channel,ru,ru,1.0,202,165,164,38,2649,2904,9
sorok40russia,ru,1,False,channel,ru,ru,1.0,1631,714,699,394,15386,45759,13
sosicka,ru,1,False,channel,ru,ru,0.994,142,122,122,3,64456,155501,19
sound_monopoly,ru,1,False,channel,ru,ru,1.0,63,52,50,1,7152,18074,7
south_work,ru,1,False,channel,ru,ru,1.0,149,149,149,1,23796,132940,9
southtower,ru,1,False,channel,ru,ru,1.0,159,121,121,59,20959,110301,16
sovanews63,ru,1,False,empty,unknown,unknown,0.0,0,0,0,0,,91,
sovremennik,ru,1,False,empty,unknown,unknown,0.0,0,0,0,0,,,
spastv,ru,1,False,channel,ru,ru,0.997,791,717,657,74,6083,89989,17
spletnicca,ru,1,False,channel,ru,ru,1.0,354,331,331,47,85160,138403,17
sprosiwagner,ru,1,False,empty,unknown,unknown,0.0,0,0,0,0,,21,
sputnikby,ru,1,False,empty,unknown,unknown,0.0,0,0,0,0,,43133,
sputnikgeorgia,ru,1,False,empty,unknown,unknown,0.0,0,0,0,0,,26599,
sputniklive,ru,1,False,empty,unknown,unknown,0.0,0,0,0,0,,161594,
sputniksrbija,ru,1,False,empty,unknown,unknown,0.0,0,0,0,0,,51665,
spydell_finance,ru,1,False,channel,ru,ru,1.0,191,121,97,0,34358,131142,4
srochnow,ru,1,False,channel,ru,ru,1.0,1504,1312,1309,110,43232,237022,15
ssigny,ru,1,False,channel,ru,ru,1.0,1795,1576,1552,113,103574,444165,16
stalinagurevich,ru,1,False,channel,ru,ru,1.0,218,202,200,7,14868,18262,10
starthunt24,ru,1,False,empty,unknown,unknown,0.0,0,0,0,0,,180,
stas_news_life,ru,1,False,channel,ru,ru,1.0,183,145,141,7,94,174,6
stebenkova,ru,1,False,empty,unknown,unknown,0.0,0,0,0,0,,,
stolknovenie,ru,1,False,empty,unknown,unknown,0.0,0,0,0,0,,796,
stormdaily,ru,1,False,channel,ru,ru,1.0,1176,927,927,85,12643,74721,13
stoyakin_v,ru,1,False,empty,unknown,unknown,0.0,0,0,0,0,,3,
stranacoil,ru,1,False,channel,ru,ru,1.0,1001,491,482,31,2621,54569,11
stranarosatom,ru,1,False,channel,ru,ru,1.0,237,132,119,0,2336,17459,9
stranavvv,ru,1,False,empty,unknown,unknown,0.0,0,0,0,0,,173,
strelets_molodec,ru,1,False,channel,ru,ru,0.988,872,406,403,95,164078,363549,4
streli_kazbeka,ru,1,False,channel,ru,ru,1.0,337,285,285,148,22587,128318,12
strelkovii,ru,1,False,channel,ru,ru,0.997,189,183,181,14,744657,369399,11
stringer_donetsk,ru,1,False,channel,ru,ru,0.991,198,143,138,127,5874,22544,7
strogin,ru,1,False,channel,ru,ru,1.0,596,281,279,0,852,4644,12
subsidii_msk,ru,1,False,channel,ru,ru,1.0,205,145,134,36,7741,30934,14
superdolgov,ru,1,False,channel,ru,ru,1.0,118,112,111,13,17662,33748,20
surf_noise1,ru,1,False,channel,ru,ru,1.0,1293,728,705,686,23394,60374,13
svarschiki,ru,1,False,channel,ru,ru,1.0,27,26,26,0,189108,136755,5
svezhesti,ru,1,False,channel,ru,ru,0.994,1897,1602,1598,365,22864,141876,10
svo_institute,ru,1,False,channel,ru,ru,1.0,34,23,21,12,29648,20891,5
svoi_ural_music,ru,1,False,channel,ru,ru,1.0,2,2,2,0,1373,1077,13
svtvnews,ru,1,False,channel,ru,ru,1.0,1452,1114,1093,0,28300,113993,8
swissvatnik,ru,1,False,channel,ru,ru,0.991,877,737,721,91,13811,34069,12
syktyvkar01,ru,1,False,channel,ru,ru,1.0,439,224,222,1,5516,20883,10
sysoevfm,ru,1,False,channel,ru,ru,0.994,236,134,131,0,54924,369698,13
tabrizsuper,ru,1,False,channel,ru,ru,1.0,2,2,2,0,542715,12953,14
tacticalnecktie,ru,1,False,channel,ru,ru,0.997,261,179,177,148,4622,6682,10
talipovonline,ru,1,False,empty,unknown,unknown,0.0,0,0,0,0,,116,
tankist,ru,1,False,empty,unknown,unknown,0.0,0,0,0,0,,14,
target_2_majors_bot,ru,1,False,empty,unknown,unknown,0.0,0,0,0,0,,,
tarik_nezalejko,ru,1,False,empty,unknown,unknown,0.0,0,0,0,0,,363,
tass_live,ru,1,False,channel,ru,ru,0.997,193,193,152,0,839,14246,11
tatlersheroine,ru,1,False,channel,ru,ru,0.997,103,89,86,12,45168,101116,14
teamnavalny,ru,1,False,channel,ru,ru,0.997,445,280,278,176,29920,124025,16
technopolismoscow,ru,1,False,channel,ru,ru,1.0,205,123,118,10,476,4863,9
techograminside,ru,1,False,channel,ru,ru,1.0,328,140,137,1,5081,17731,15
telegraf_ugra,ru,1,False,channel,ru,ru,1.0,97,96,96,35,778,584,12
telerzd,ru,1,False,channel,ru,ru,1.0,99,67,65,0,14236,68819,7
telestrim,ru,1,False,empty,unknown,unknown,0.0,0,0,0,0,,5707,
terrupr,ru,1,False,channel,ru,ru,1.0,122,107,107,64,9540,80674,9
texasrb,ru,1,False,channel,ru,ru,1.0,16,10,10,10,2401,2093,6
tgstat,ru,1,False,channel,ru,ru,1.0,19,15,13,0,75619,130005,8
tgstat_bot,ru,1,False,empty,unknown,unknown,0.0,0,0,0,0,,,
thehegemonist,ru,1,False,channel,ru,ru,0.991,65,56,52,1,867,3991,11
themoscowdailynews,ru,1,False,channel,ru,ru,1.0,566,433,420,34,17140,49682,12
thesaltmagazine,ru,1,False,channel,ru,ru,1.0,284,154,150,6,29519,146264,6
third_guard,ru,1,False,channel,ru,ru,1.0,842,588,584,354,168,676,7
thisisfactz,ru,1,False,channel,ru,ru,1.0,335,271,258,309,1555,1165,8
tigrankeosayan,ru,1,False,empty,unknown,unknown,0.0,0,0,0,0,,26066,
timofei_v,ru,1,False,empty,unknown,unknown,0.0,0,0,0,0,,605,
tk_union,ru,1,False,empty,unknown,unknown,0.0,0,0,0,0,,153,
togarma301,ru,1,False,channel,ru,ru,1.0,20,18,18,1,13135,14840,19
tolk_tolk,ru,1,False,channel,ru,ru,1.0,306,298,298,42,30030,124249,13
topornewz,ru,1,False,channel,ru,ru,1.0,377,275,275,28,3031,17429,10
torgsbor_bot,ru,1,False,empty,unknown,unknown,0.0,0,0,0,0,,,
travnikovandrey,ru,1,False,channel,ru,ru,1.0,56,23,23,0,13289,16135,11
trubapodneglinnoy,ru,1,False,channel,ru,ru,1.0,120,115,115,2,47939,130864,8
truejpg,ru,1,False,channel,ru,ru,1.0,5,5,5,0,246263,8136,8
truekpru,ru,1,False,channel,ru,ru,0.991,3524,2742,2702,295,36113,279776,11
truexanewsua,ru,1,False,channel,uk,uk,1.0,1442,1398,1391,0,1165067,3136533,9
ttambyl,ru,1,False,channel,ru,ru,1.0,111,111,111,4,7007,34068,8
turan_express,ru,1,False,channel,ru,ru,1.0,233,206,205,85,2146,18438,14
turchak_andrey,ru,1,False,channel,ru,ru,0.996,98,39,38,3,35518,22626,18
turkeyabout,ru,1,False,channel,ru,ru,1.0,121,121,115,25,9642,25465,10
tuva_bars,ru,1,False,channel,ru,ru,0.984,87,45,45,17,1626,957,6
tv11ua,ru,1,False,channel,uk,uk,1.0,3099,2067,2054,220,1228,6759,10
tv360,ru,1,False,channel,ru,ru,1.0,2626,2364,2324,201,27859,200415,11
tvcrimea24,ru,1,False,channel,ru,ru,1.0,978,747,747,70,7864,73448,12
tvjihad,ru,1,False,channel,ru,ru,0.997,167,133,133,10,64203,124141,17
tyumen1,ru,1,False,channel,ru,ru,0.997,302,181,181,1,12329,28656,3
u_now,ru,1,False,channel,ru,ru,0.994,3562,2498,2498,6,521952,1410135,13
ua_tribunal,ru,1,False,channel,ru,ru,1.0,147,100,99,42,29181,42119,14
uaonlii,ru,1,False,channel,ru,ru,1.0,1575,1100,1100,3,417778,1562875,10
uctm_official,ru,1,False,channel,ru,ru,1.0,64,61,48,12,14686,32804,8
ugolok_sitha,ru,1,False,channel,ru,ru,0.997,626,261,261,138,23928,50119,17
ugra_official,ru,1,False,channel,ru,ru,1.0,442,294,270,62,1463,7716,14
ukr_g_m,ru,1,False,channel,ru,ru,1.0,1490,1211,1118,53,29983,78973,6
ukr_leaks,ru,1,False,channel,ru,ru,0.997,106,72,72,0,37881,101173,8
ukraina_ru,ru,1,False,empty,unknown,unknown,0.0,0,0,0,0,,358,
ukrainian_format,ru,1,False,channel,ru,ru,0.994,728,606,598,2,3363,4392,7
ukrainian_guide,ru,1,False,channel,ru,ru,1.0,586,257,256,42,5781,15873,7
umar_kremlev,ru,1,False,channel,ru,ru,1.0,77,62,48,0,17449,147630,7
umvd76,ru,1,False,channel,ru,ru,1.0,124,84,74,4,154,2723,9
underpyar,ru,1,False,channel,ru,ru,1.0,128,105,97,9,8870,22390,13
underside_org,ru,1,False,empty,unknown,unknown,0.0,0,0,0,0,,15378,
uniannet,ru,1,False,channel,ru,ru,1.0,3070,2373,2371,31,340840,713676,6
uporkr,ru,1,False,channel,ru,ru,1.0,139,137,137,12,592,2149,6
uraldailypezerv,ru,1,False,channel,ru,ru,0.987,990,847,840,182,4255,12662,14
uralevery_news,ru,1,False,channel,ru,ru,1.0,375,363,362,293,3577,2804,11
uralhural,ru,1,False,channel,ru,ru,1.0,49,46,46,47,265,2540,18
urallive,ru,1,False,channel,ru,ru,1.0,328,258,257,93,6736,20984,9
url_mash,ru,1,False,channel,ru,ru,1.0,129,111,109,7,16991,67675,9
usadba_bykovo,ru,1,False,channel,ru,ru,0.959,18,9,7,0,1962,1636,10
usaperiodical,ru,1,False,channel,ru,ru,0.997,294,270,268,44,3729,17824,9
utronews,ru,1,False,empty,unknown,unknown,0.0,0,0,0,0,,164,
uvznews,ru,1,False,channel,ru,ru,1.0,18,6,6,0,16812,13221,13
v_and_z,ru,1,False,channel,ru,ru,1.0,628,449,441,232,4358,9965,7
valentinamatvienko,ru,1,False,channel,ru,ru,1.0,2,2,2,0,45466,9059,7
vandrytsa,ru,1,False,channel,ru,ru,1.0,13,11,11,3,5637,7213,12
variantnews,ru,1,False,channel,ru,ru,0.997,349,325,325,1,13369,136088,9
varjag2007,ru,1,False,channel,ru,ru,1.0,2304,1481,1464,855,2100,12930,11
varlamov,ru,1,False,channel,ru,ru,1.0,70,52,51,7,158114,239367,17
vashastaya,ru,1,False,channel,ru,ru,1.0,27,27,26,7,2459,10128,17
vasilievodessa,ru,1,False,channel,ru,ru,1.0,3,3,3,0,28395,8593,14
vatfor,ru,1,False,channel,ru,ru,0.997,53,53,48,4,12496,31742,7
vchkogpu,ru,1,False,empty,unknown,unknown,0.0,0,0,0,0,,0,
vechernii_m,ru,1,False,empty,unknown,unknown,0.0,0,0,0,0,,196,
vedomosti,ru,1,False,channel,ru,ru,1.0,605,594,594,0,9836,85731,7
verysexydasha,ru,1,False,channel,ru,ru,0.991,455,417,414,25,35484,80096,8
vestiprimorye,ru,1,False,channel,ru,ru,1.0,547,469,316,50,6641,24956,4
vestiru24,ru,1,False,channel,ru,ru,0.997,2806,2526,2518,300,28262,164870,10
vestivrnru,ru,1,False,empty,unknown,unknown,0.0,0,0,0,0,,15366,
vestniksrb,ru,1,False,channel,ru,ru,1.0,393,299,299,39,3589,14381,12
vexiistorii,ru,1,False,channel,ru,ru,0.994,89,85,84,0,37981,58116,7
video_news01,ru,1,False,empty,unknown,unknown,0.0,0,0,0,0,,,
viktor_murakhovskiy,ru,1,False,channel,ru,ru,1.0,19,19,19,1,17409,9258,6
vis_bene_facias,ru,1,False,channel,ru,ru,1.0,81,59,57,22,2060,5336,11
vityzeva,ru,1,False,channel,ru,ru,1.0,1315,1057,1041,420,30390,49188,9
vladimirkarasyov,ru,1,False,empty,unknown,unknown,0.0,0,0,0,0,,30,
vladimiruyba,ru,1,False,channel,ru,ru,1.0,57,38,36,0,608,2117,16
vladivostok001,ru,1,False,channel,ru,ru,1.0,323,212,212,0,6336,14479,7
vladlentatarsky_books,ru,1,False,channel,ru,ru,0.952,8,7,7,1,10148,5124,7
vmarahovsky,ru,1,False,channel,ru,ru,1.0,21,21,21,0,44471,60422,6
vn_rangeloni,ru,1,False,channel,it,it,1.0,36,22,22,4,49626,49361,8
vodott,ru,1,False,channel,ru,ru,1.0,102,100,99,0,3294,14751,10
voen_pravo_ru,ru,1,False,empty,unknown,unknown,0.0,0,0,0,0,,545,
voenkor_evtushenko,ru,1,False,channel,ru,ru,1.0,279,253,245,154,4526,7974,8
voenkor_rezervist,ru,1,False,channel,ru,ru,1.0,557,417,415,226,4856,7896,18
voiceofisrael,ru,1,False,channel,ru,ru,1.0,266,244,239,12,11784,274979,19
volgo01,ru,1,False,channel,ru,ru,1.0,354,220,218,1,8689,19784,12
volyamedia,ru,1,False,channel,ru,ru,1.0,19,19,19,0,89502,45570,18
vorobiev_live,ru,1,False,channel,ru,ru,1.0,42,40,37,0,47623,112619,17
vpokoe,ru,1,False,channel,ru,ru,1.0,272,259,240,30,41533,72928,13
vpricel,ru,1,False,empty,unknown,unknown,0.0,0,0,0,0,,25,
vr_medinskiy,ru,1,False,channel,ru,ru,1.0,83,30,30,4,22860,206500,6
vrachivyneodni_channel,ru,1,False,channel,ru,ru,0.997,219,154,146,71,2702,30603,5
vrn01,ru,1,False,channel,ru,ru,0.994,386,267,266,1,24159,74311,5
vrogov,ru,1,False,channel,ru,ru,1.0,574,427,422,11,46722,100929,16
vsolodovbrief,ru,1,False,channel,ru,ru,1.0,127,35,34,5,23739,18085,2
vsvyaznoi,ru,1,False,channel,ru,ru,1.0,185,160,160,2,1631,2608,7
vsy200,ru,1,False,channel,ru,ru,0.983,2211,1275,1273,12,15610,30403,6
vvgladkov,ru,1,False,channel,ru,ru,1.0,154,48,48,0,269751,436774,7
vvv5807,ru,1,False,channel,ru,ru,1.0,93,72,70,0,28642,147019,11
vyshinkv,ru,1,False,channel,ru,ru,1.0,74,59,59,69,1391,2516,20
vzglyad_ru,ru,1,False,channel,ru,ru,1.0,1412,1366,1364,61,14157,98344,11
wagnermedicalbot,ru,1,False,empty,unknown,unknown,0.0,0,0,0,0,,,
wardonbass,ru,1,False,channel,ru,ru,1.0,3886,3317,3316,499,25036,52043,11
wardonbass_bot,ru,1,False,empty,unknown,unknown,0.0,0,0,0,0,,,
warfakebelgorod,ru,1,False,channel,ru,ru,1.0,108,26,25,27,4308,5480,15
warfakeees,ru,1,False,empty,unknown,unknown,0.0,0,0,0,0,,13750,
warfakerostov,ru,1,False,empty,unknown,unknown,0.0,0,0,0,0,,5,
warfakes08,ru,1,False,channel,ru,ru,1.0,77,75,75,0,84,227,6
warfakeskrm,ru,1,False,channel,ru,ru,1.0,79,25,25,31,1184,3076,17
warfakevrn,ru,1,False,channel,ru,ru,1.0,58,19,19,23,764,1872,12
wargonzomerch,ru,1,False,channel,ru,ru,1.0,3,3,3,1,427982,1124,10
warinmyeyes,ru,1,False,channel,ru,ru,0.996,171,95,93,89,1617,15410,10
waronfakesen,ru,1,False,channel,en,en,1.0,223,58,58,0,1829,4847,9
wek_ru,ru,1,False,channel,ru,ru,0.994,512,497,496,328,47493,12613,9
westnot,ru,1,False,empty,unknown,unknown,0.0,0,0,0,0,,20,
wisedruidd,ru,1,False,channel,ru,ru,1.0,161,161,160,34,33252,60106,18
wowadvertise,ru,1,False,channel,ru,ru,1.0,96,69,69,0,9958,28735,10
x_heavy,ru,1,False,channel,ru,ru,0.997,150,105,102,36,1638,3023,14
xu_kraine,ru,1,False,channel,ru,ru,1.0,2065,1287,1287,1,93351,119910,9
yandex,ru,1,False,channel,ru,ru,1.0,6,6,5,0,39994,565716,12
yoprom,ru,1,False,channel,ru,ru,1.0,70,68,66,2,664,6245,6
yvzaitsev,ru,1,False,channel,ru,ru,1.0,41,33,30,0,10049,12262,10
z_arhiv,ru,1,False,channel,ru,ru,1.0,1056,414,393,23,2651,67936,13
zabrab_chat,ru,1,False,empty,unknown,unknown,0.0,0,0,0,0,,116,
zachistka_ua,ru,1,False,channel,ru,ru,0.989,741,579,575,38,26802,41467,7
zakharprilepin,ru,1,False,channel,ru,ru,0.987,378,325,323,145,152059,229781,7
zakuliska,ru,1,False,channel,ru,ru,1.0,50,48,48,7,17735,36418,14
zamesinfo,ru,1,False,channel,ru,ru,1.0,24,24,24,1,18494,1566,17
zarussia_1,ru,1,False,channel,ru,ru,1.0,745,609,608,178,20866,92516,15
zarybezh,ru,1,False,channel,ru,ru,1.0,164,149,149,1,407,676,6
zatv_media,ru,1,False,empty,unknown,unknown,0.0,0,0,0,0,,12,
zcephei,ru,1,False,channel,ru,ru,1.0,140,56,54,67,10639,3132,16
zdunov,ru,1,False,channel,ru,ru,1.0,186,64,62,1,4855,15669,16
ze_kartel,ru,1,False,channel,ru,ru,1.0,156,142,142,0,124697,118612,6
zemlyanushka,ru,1,False,channel,ru,ru,1.0,80,80,80,26,9144,22477,12
zerada1,ru,1,False,channel,ru,ru,1.0,448,380,379,44,202852,424701,18
zhivoff,ru,1,False,channel,ru,ru,1.0,296,282,270,89,16508,117279,17
zhizn_fm,ru,1,False,empty,unknown,unknown,0.0,0,0,0,0,,10154,
zhogaartem,ru,1,False,channel,ru,ru,0.98,22,14,14,15,81867,40616,8
zloy_zhurnalist,ru,1,False,channel,ru,ru,1.0,419,313,312,10,63520,118380,14
zluchka_tactical,ru,1,False,channel,ru,ru,0.997,721,447,438,60,5992,9253,4
zola_of_renovation,ru,1,False,channel,ru,ru,1.0,276,240,225,82,17514,34535,19
zov_lnr,ru,1,False,channel,ru,ru,1.0,10,6,6,2,1021,507,9
zov_public,ru,1,False,channel,ru,ru,1.0,12,4,4,0,244809,1920,7
zov_sk,ru,1,False,channel,ru,ru,1.0,329,269,265,66,235,2119,8
zov_snb,ru,1,False,empty,unknown,unknown,0.0,0,0,0,0,,11,
zovgrad,ru,1,False,channel,ru,ru,1.0,828,738,726,295,51006,127948,6
zovsag164,ru,1,False,channel,ru,ru,0.994,1659,1202,1115,52,11535,22115,17
zpfond,ru,1,False,channel,ru,ru,1.0,45,25,25,13,1952,2546,9
zubovskiy4,ru,1,False,empty,unknown,unknown,0.0,0,0,0,0,,7,
zurabmakiev,ru,1,False,channel,ru,ru,1.0,31,21,20,24,484,670,13
zvdvru,ru,1,False,channel,ru,ru,0.997,82,66,65,13,6291,11103,6
a_shtirlitz,cz,2,False,channel,uk,uk,0.986,483,334,331,36,82880,140498,6
abaerbock,cz,2,False,empty,unknown,unknown,0.0,0,0,0,0,,,
abbasgallyamovpolitics,cz,2,False,channel,ru,ru,1.0,110,104,104,0,79171,86620,17
above_all_public,cz,2,False,channel,ru,ru,1.0,12,12,9,6,5308,1229,5
abovyanarman,cz,2,False,channel,ru,ru,0.997,86,84,83,37,1350,3899,18
ac24cz,cz,1,False,channel,cs,cs,0.997,353,353,353,0,2243,5633,10
acamma_russia,cz,2,False,channel,ru,ru,1.0,114,81,74,0,3337,47548,11
acitythatsmog,cz,2,False,channel,ru,ru,1.0,845,514,503,13,6061,27062,7
actuallyindnepr_bot,cz,2,False,empty,unknown,unknown,0.0,0,0,0,0,,,
actuallyindonetsk_bot,cz,2,False,empty,unknown,unknown,0.0,0,0,0,0,,,
actuallyinkharkov_bot,cz,2,False,empty,unknown,unknown,0.0,0,0,0,0,,,
actuallyinlugansk_bot,cz,2,False,empty,unknown,unknown,0.0,0,0,0,0,,,
actuallyinnikolaev_bot,cz,2,False,empty,unknown,unknown,0.0,0,0,0,0,,,
adamtactic,cz,2,False,channel,uk,uk,0.971,30,30,25,3,6041,7845,16
adelimkhanov_95,cz,2,False,channel,ru,ru,1.0,50,50,34,0,69436,1811417,21
adzlbot,cz,2,False,empty,unknown,unknown,0.0,0,0,0,0,,,
afgbezparandzhi,cz,2,False,channel,ru,ru,0.996,47,41,41,1,1609,5469,15
afishapeterburga,cz,2,False,channel,ru,ru,1.0,11,11,9,3,30100,91857,9
afrika_sl,cz,2,False,channel,ru,ru,1.0,47,47,46,3,15318,8063,19
aftershock_news,cz,2,False,channel,ru,ru,1.0,762,762,762,0,3689,11764,6
ag_dpr,cz,2,False,channel,ru,ru,1.0,209,85,83,58,34955,32521,12
agdchan,cz,2,False,channel,ru,ru,1.0,421,337,284,293,8608,98924,11
agentgosdepa1,cz,2,False,empty,unknown,unknown,0.0,0,0,0,0,,7,
agro_nomika,cz,2,False,channel,ru,ru,1.0,63,58,58,16,10455,37490,12
agurulev,cz,2,False,channel,ru,ru,1.0,113,79,74,39,39904,58005,8
ahilesvaalv,cz,2,False,channel,es,es,1.0,27,27,27,0,27210,72208,16
aifonline,cz,2,False,channel,ru,ru,1.0,3493,2838,2743,13,7036,88760,11
airsitrep,cz,2,False,channel,ru,ru,0.997,729,512,509,1,218,3546,17
ak47pfl,cz,2,False,channel,ru,ru,0.997,166,166,159,10,36530,117029,9
akomissarov2022,cz,2,False,channel,ru,ru,1.0,37,19,18,5,8261,25196,18
aktivistmann,cz,2,False,channel,de,de,1.0,412,343,301,94,8227,22621,17
akutin_dpr_ru,cz,2,False,channel,ru,ru,0.997,374,252,251,204,321,1578,9
aladinhabr,cz,2,False,channel,ru,ru,1.0,48,46,46,15,1247,4187,11
alanbogmon,cz,2,False,channel,ru,ru,0.992,111,30,20,1,1605,6019,16
albatrops,cz,2,False,channel,es,es,1.0,518,461,455,42,179,15361,14
ale_kazakov,cz,2,False,channel,ru,ru,0.988,406,378,318,188,19380,46950,19
alekhin_telega,cz,2,False,channel,ru,ru,1.0,247,233,230,40,24187,119261,9
aleksandr_skif,cz,2,False,channel,ru,ru,1.0,36,36,36,2,841993,319129,5
aleksandramelin,cz,2,False,channel,ru,ru,1.0,5,4,4,0,2767,15256,12
alekseymukhin,cz,2,False,channel,ru,ru,1.0,78,75,75,21,2449,9251,8
alena_rashoeva,cz,2,False,empty,unknown,unknown,0.0,0,0,0,0,,,
alenalarkinaart,cz,2,False,channel,ru,ru,1.0,35,20,20,3,1215,372,9
alexandr,cz,2,False,empty,unknown,unknown,0.0,0,0,0,0,,,
alexchristoforouofficial,cz,2,False,channel,en,en,1.0,78,78,78,70,1218,6481,16
alexeconomia,cz,2,False,channel,pt,pt,0.973,3480,3465,3461,3,1043,10670,13
alexei_savvateev,cz,2,False,channel,ru,ru,1.0,3,3,2,0,27177,34180,10
alexey_talai,cz,2,False,channel,ru,ru,1.0,107,46,45,72,4246,8963,9
alexeypoddubny_jango,cz,2,False,channel,ru,ru,1.0,56,39,39,18,5347,5780,12
alfimovtsy,cz,2,False,channel,ru,ru,1.0,138,51,40,1,361,400,20
alg_today,cz,2,False,channel,unknown,ru,0.0,16,11,11,16,1191,2847,11
allratings,cz,2,False,channel,ru,ru,0.984,5609,4947,4593,5173,86,796,22
amalekinternationalv3,cz,2,False,channel,en,en,0.997,266,220,213,11,859,578,21
ambrusfrance,cz,2,False,channel,fr,fr,0.993,91,56,52,1,4305,11187,10
amhistory,cz,2,False,channel,ru,ru,1.0,115,87,85,24,1968,2624,6
analden,cz,2,False,channel,ru,ru,1.0,14,14,14,0,812,49,9
anb_028,cz,2,False,channel,ru,ru,1.0,691,608,606,17,1152,13776,15
and_malakhov,cz,2,False,channel,ru,ru,0.966,46,29,28,13,28912,40089,10
andranik_official,cz,2,False,channel,ru,ru,1.0,173,169,168,52,1633,3909,12
andrew_kots,cz,2,False,channel,ru,ru,1.0,23,20,20,11,2211,2234,7
andrey_funt,cz,2,False,empty,unknown,unknown,0.0,0,0,0,0,,,
andreyrodionov86,cz,2,False,channel,ru,ru,1.0,40,40,40,0,748,1597,15
angelovalidiya,cz,2,False,empty,unknown,unknown,0.0,0,0,0,0,,,
annamaliar,cz,2,False,channel,uk,uk,0.986,58,44,44,2,20007,11902,17
annarevyakina,cz,2,False,channel,ru,ru,0.982,311,237,237,44,4003,10423,12
annvandersteeltruth,cz,2,False,channel,en,en,0.989,504,499,447,114,7180,30490,1
anonfromusa,cz,2,False,empty,unknown,unknown,0.0,0,0,0,0,,11,
anrysneggy_art,cz,2,False,channel,ru,ru,1.0,53,40,38,15,481,330,14
anti_navalny,cz,2,False,empty,unknown,unknown,0.0,0,0,0,0,,,
antiglobalist1,cz,2,False,channel,ru,ru,0.993,119,108,104,43,2450,4589,9
antiskrepa,cz,2,False,empty,unknown,unknown,0.0,0,0,0,0,,12051,
antispiegel,cz,2,False,channel,de,de,1.0,143,143,140,4,53879,123542,4
aptialaudinovakhmat,cz,2,False,channel,ru,ru,1.0,232,219,178,63,44304,205889,6
arabicafrica,cz,2,False,channel,ru,ru,0.994,861,514,514,91,814,21297,12
arabstatesofgulf,cz,2,False,channel,ru,ru,0.987,34,26,25,5,1517,5591,6
arabwar,cz,2,False,channel,ar,ar,0.994,152,143,132,9,352,14197,8
arbalet_poetry,cz,2,False,channel,ru,ru,1.0,4,4,2,0,31838,8620,15
arbaletodmin,cz,2,False,empty,unknown,unknown,0.0,0,0,0,0,,,
arcaxinfo,cz,2,False,channel,et,et,1.0,1077,979,979,301,545,3622,8
archangel_spn_bot,cz,2,False,empty,unknown,unknown,0.0,0,0,0,0,,,
aresinfoservice,cz,2,False,channel,en,en,0.87,674,577,377,3,179,3904,1
argentina_zarubezh,cz,2,False,channel,ru,ru,1.0,32,31,31,4,1795,4023,4
arkanewsagency,cz,2,False,channel,ru,ru,1.0,337,334,334,16,406,3395,12
arm_taktik27,cz,2,False,channel,ru,ru,1.0,27,27,27,16,7074,34123,1
armeniasputnik,cz,2,False,empty,unknown,unknown,0.0,0,0,0,0,,11400,
armeniyaone,cz,2,False,channel,ru,ru,1.0,248,227,226,29,1910,6266,13
armmileng,cz,2,False,channel,en,en,1.0,84,57,55,0,417,1157,18
armsens,cz,2,False,channel,ru,ru,0.976,776,711,704,687,567,3790,18
armvoice,cz,2,False,channel,ru,ru,1.0,178,164,161,37,1691,3251,12
arteldoc,cz,2,False,empty,unknown,unknown,0.0,0,0,0,0,,3865,
artemmetelev,cz,2,False,channel,ru,ru,1.0,77,59,54,5,4045,15689,15
arteriart,cz,2,False,empty,unknown,unknown,0.0,0,0,0,0,,,
artpodderjka,cz,2,False,channel,ru,ru,0.997,56,52,49,0,2367,951,12
artpodderjka2_bot,cz,2,False,empty,unknown,unknown,0.0,0,0,0,0,,,
artsedu,cz,2,False,channel,ru,ru,1.0,218,155,128,0,83284,197552,9
asianomics,cz,2,False,channel,en,en,1.0,88,84,84,6,1145,6825,15
aswman,cz,2,False,channel,ru,ru,0.99,856,675,667,730,844,32305,9
asyazuan_bulgaria,cz,2,False,channel,de,ru,1.0,161,136,131,157,21,239,14
atodapotencia,cz,2,False,channel,es,es,1.0,294,221,216,0,4148,43121,18
atodoneck,cz,2,False,channel,ru,ru,0.991,1257,1063,1062,64,4072,11399,11
attackangle,cz,2,False,channel,ru,ru,1.0,40,40,37,4,1616,2478,13
ausvstheagenda,cz,2,False,channel,en,en,1.0,89,76,76,0,3011,9056,7
avatkov,cz,2,False,channel,ru,ru,1.0,118,118,117,15,13337,25224,8
aviacomments,cz,2,False,channel,ru,ru,1.0,136,97,97,65,2074,11983,18
aviact,cz,2,False,channel,ru,ru,1.0,395,156,155,22,3655,21308,16
aviaincident,cz,2,False,channel,ru,ru,0.991,515,443,433,56,6552,42510,8
avianews,cz,2,False,empty,unknown,unknown,0.0,0,0,0,0,,9,
aviapro_contacts_bot,cz,2,False,empty,unknown,unknown,0.0,0,0,0,0,,,
aviatica,cz,2,False,channel,ru,ru,1.0,147,27,26,0,1214,3693,17
aviationmode,cz,2,False,channel,ru,ru,1.0,57,45,44,20,6813,17906,8
avto_voz,cz,2,False,channel,ru,ru,1.0,105,105,105,4,5390,25250,15
avucic,cz,2,False,empty,unknown,unknown,0.0,0,0,0,0,,,
balkan_spy,cz,2,False,channel,ru,ru,1.0,7,7,7,5,2536,2694,18
balkanist2019,cz,2,False,channel,ru,ru,1.0,272,195,185,7,673,17572,11
balt4post,cz,2,False,channel,ru,ru,1.0,155,135,134,59,4288,46178,9
barabanlarina,cz,2,False,channel,ru,ru,0.993,88,55,55,13,2178,4346,10
barkrf2_bot,cz,2,False,empty,unknown,unknown,0.0,0,0,0,0,,,
barnauldirectory,cz,2,False,channel,ru,ru,1.0,93,82,32,20,506,1386,14
batyachitaet,cz,2,False,channel,ru,ru,1.0,1250,1208,1185,33,779,19241,12
bbcrussian,cz,2,False,channel,ru,ru,1.0,1466,1405,1404,0,98129,388591,16
beerdealer_ru,cz,2,False,channel,ru,ru,0.857,75,27,27,0,197,272,9
begunini_blog,cz,2,False,channel,ru,ru,1.0,1410,1223,1189,494,804,1660,12
belgorod01,cz,2,False,channel,ru,ru,1.0,1336,548,547,0,48072,190826,7
belrusinfo,cz,2,False,channel,ru,ru,1.0,452,398,380,100,9920,22854,9
belshkvarka,cz,2,False,channel,ru,ru,0.991,3226,2686,2679,513,4067,11694,18
belsilovik_bot,cz,2,False,empty,unknown,unknown,0.0,0,0,0,0,,,
belwarriors,cz,2,False,channel,uk,uk,0.836,54,43,41,5,29398,22656,9
beniamin_matevos,cz,2,False,channel,ru,ru,1.0,17,16,15,0,4216,1979,9
berdaderah,cz,2,False,channel,es,es,0.991,311,251,246,153,4499,16691,14
berdyansk_ru,cz,2,False,channel,ru,ru,0.991,495,455,455,307,5559,34038,14
berezina_bel,cz,2,False,channel,ru,ru,0.997,440,362,361,84,1328,2445,9
bezemor,cz,2,False,channel,ru,ru,0.986,248,248,134,0,8595,22152,13
bezrec,cz,2,False,channel,ru,ru,1.0,71,71,70,5,6265,31553,9
bgbzc,cz,2,False,group,ca,bg,0.909,1954,1797,1745,1347,1507,58,22
bgmilitary,cz,2,False,empty,unknown,unknown,0.0,0,0,0,0,,13786,
big3russia,cz,2,False,channel,ru,ru,1.0,52,35,34,4,8494,25563,16
bild_russian,cz,2,False,channel,ru,ru,1.0,635,537,537,0,9130,68118,13
binary_glasses,cz,2,False,channel,ru,ru,1.0,126,69,69,10,923,2653,5
bio_genie,cz,2,False,channel,ru,ru,1.0,142,141,141,6,5799,18130,13
bitkogan,cz,2,False,channel,ru,ru,1.0,235,196,184,14,63533,262412,5
bizfeed,cz,2,False,channel,en,en,0.997,7210,6968,6967,0,19,4000,17
bkr_yang,cz,2,False,channel,ru,ru,1.0,53,39,34,19,7251,2864,8
blizzard_and_racer,cz,2,False,channel,ru,ru,0.992,30,27,27,9,1549,1353,8
blnewsmedia,cz,2,False,channel,en,en,1.0,17,17,16,0,5075,2840,14
block_ru,cz,2,False,channel,ru,ru,1.0,42,24,24,0,12742,10432,11
blog_zhurnalistki,cz,2,False,channel,ru,ru,0.984,236,196,196,0,3557,4657,15
bloknot_vrn,cz,2,False,channel,ru,ru,0.997,1244,910,862,98,9215,63580,8
bn4jeytq6rvkmtnk,cz,2,False,channel,cs,cs,0.991,4188,3400,3178,22,1571,10524,20
bo_tds,cz,2,False,channel,ru,ru,1.0,10,9,8,4,889,658,12
bogachev_aleksandr,cz,2,False,channel,ru,ru,1.0,7,7,4,0,966,736,5
bograta,cz,2,False,empty,unknown,unknown,0.0,0,0,0,0,,,
boilingmephi,cz,2,False,channel,ru,ru,0.986,108,106,100,0,6010,28647,8
bord73,cz,2,False,channel,ru,ru,0.994,170,148,148,101,689,2277,8
borshukr,cz,1,False,channel,uk,uk,0.997,316,142,141,4,6954,41120,8
borus_bbot,cz,2,False,empty,unknown,unknown,0.0,0,0,0,0,,,
borus_people,cz,2,False,channel,ru,ru,1.0,445,288,287,31,1688,19918,6
bosphorusletters,cz,2,False,channel,ru,ru,1.0,16,16,16,5,168,112,8
botcharov,cz,2,False,channel,ru,ru,0.997,145,135,113,42,122037,212550,11
bpzvideo_bot,cz,2,False,empty,unknown,unknown,0.0,0,0,0,0,,,
breakingtrends,cz,2,False,channel,ru,ru,1.0,235,134,133,0,10963,33463,14
brekotins,cz,2,False,empty,unknown,unknown,0.0,0,0,0,0,,334,
brestoik,cz,2,False,channel,ru,ru,1.0,266,135,134,4,2993,14870,9
britishpolitics,cz,2,False,channel,ru,ru,1.0,20,20,15,3,5503,13043,19
brittrepublican,cz,2,False,channel,en,en,1.0,943,898,781,846,577,5184,15
bronb4,cz,2,False,channel,ru,ru,1.0,26,5,4,18,92,12,6
brone_boyshik,cz,2,False,channel,ru,ru,0.991,95,83,80,36,741,229,17
brosok_mangusta_z,cz,2,False,channel,ru,ru,1.0,237,154,152,204,2603,4707,16
brozabrata,cz,2,False,channel,ru,ru,1.0,2073,1545,1474,146,10526,18738,7
btr80rbbot,cz,2,False,empty,unknown,unknown,0.0,0,0,0,0,,,
budilnik_bg,cz,2,False,group,bg,bg,0.984,492,419,290,244,578,448,14
buhanochka_z,cz,2,False,empty,unknown,unknown,0.0,0,0,0,0,,33757,
bulvarbaku,cz,2,False,empty,unknown,unknown,0.0,0,0,0,0,,3467,
butusovplus,cz,2,False,channel,uk,uk,1.0,131,115,115,12,176971,347489,10
buyantime,cz,2,False,channel,ru,ru,1.0,380,264,264,0,79011,114987,8
by_government_bot,cz,2,False,empty,unknown,unknown,0.0,0,0,0,0,,,
byvshie1991,cz,2,False,channel,ru,ru,1.0,38,33,33,37,1364,6814,16
cais_ivran,cz,2,False,channel,ru,ru,1.0,24,24,23,3,837,4491,14
canalgeopo,cz,2,False,channel,fr,fr,1.0,270,257,257,0,684,1176,18
candylave,cz,2,False,empty,unknown,unknown,0.0,0,0,0,0,,85,
carthago3,cz,2,False,channel,ru,ru,1.0,5,5,5,0,1421,105,11
caspianlive,cz,2,False,channel,ru,ru,1.0,657,455,455,19,3770,7447,7
casusbelli2021,cz,2,False,channel,ro,ro,1.0,320,269,241,48,417,2476,12
catars_is,cz,2,False,empty,unknown,unknown,0.0,0,0,0,0,,12,
caucasian_bureau,cz,2,False,channel,ru,ru,1.0,1241,1096,1088,74,3528,20217,20
cbknews,cz,2,False,channel,en,en,0.989,452,418,416,10,33226,43754,16
cbpub,cz,2,False,channel,ru,ru,1.0,814,678,666,0,242243,620130,16
center_x,cz,2,False,channel,ru,ru,1.0,2,2,2,0,19322,468,7
ceplakov_culture,cz,2,False,channel,ru,ru,0.976,11,11,10,4,97,322,16
ceskylist,cz,2,False,empty,unknown,unknown,0.0,0,0,0,0,,16,
ceskytesin_chranme_nase_deti,cz,2,False,channel,cs,cs,1.0,1046,904,892,0,1505,4475,12
cg_pods,cz,2,False,channel,ru,ru,1.0,9,9,9,0,16032,48534,11
chadayevru,cz,2,False,channel,ru,ru,1.0,62,62,56,9,47296,93709,10
channelforadmins,cz,2,False,channel,unknown,ru,0.0,2,2,2,1,4188,1487,9
channelphotoandvideo,cz,2,False,empty,unknown,unknown,0.0,0,0,0,0,,42,
cheliabinsktop,cz,2,False,channel,ru,ru,0.991,571,414,410,0,8598,56031,6
chesnokmedia,cz,2,False,channel,ru,ru,0.997,233,195,190,65,3359,12031,7
chetirelapki_donetsk,cz,2,False,channel,ru,ru,1.0,147,90,61,0,1722,8425,9
chichimeccristero,cz,2,False,channel,en,en,0.991,219,152,85,52,226,705,3
chiefnerd,cz,2,False,channel,en,en,1.0,269,266,266,51,40620,47077,2
childrenshd,cz,2,False,channel,en,en,1.0,189,183,178,5,13470,54821,15
chp_donetskv,cz,2,False,empty,unknown,unknown,0.0,0,0,0,0,,151,
chromeoxide,cz,2,False,channel,ru,ru,1.0,12,10,10,0,2002,915,6
chuzhbina,cz,2,False,channel,ru,ru,1.0,23,23,23,8,1111,5678,9
cikbelarus,cz,2,False,channel,ru,ru,0.996,75,44,44,3,727,6311,13
cincafu,cz,2,False,empty,unknown,unknown,0.0,0,0,0,0,,15,
clarastatello,cz,2,False,channel,it,it,0.991,805,573,550,172,2041,28644,9
coala_russia,cz,2,False,channel,ru,ru,1.0,83,72,72,12,8832,28692,12
codeseven_bot,cz,2,False,empty,unknown,unknown,0.0,0,0,0,0,,,
codeseven_z,cz,2,False,channel,ru,ru,1.0,1658,1257,1214,15,1071,3351,18
colonelstierlitzbot,cz,2,False,empty,unknown,unknown,0.0,0,0,0,0,,,
columbusinformazione,cz,2,False,channel,it,it,1.0,2018,1793,1791,0,177,4532,9
combat_engineer,cz,2,False,channel,ru,ru,0.986,291,174,174,94,5075,91456,17
compromatsng,cz,2,False,channel,ru,ru,1.0,237,226,226,108,13761,48952,8
cool_construction,cz,2,False,channel,ru,ru,1.0,281,202,195,19,2199,62560,9
corpuschristi,cz,2,False,channel,en,en,0.991,196,152,123,126,660,2615,11
corr_bolotsky,cz,2,False,channel,ru,ru,1.0,40,22,22,1,70,30,7
corrkosarev,cz,2,False,channel,ru,ru,1.0,13,12,12,6,3686,5584,10
covid19up,cz,2,False,channel,en,en,1.0,255,252,248,173,4531,26663,16
covidpositivenews,cz,2,False,empty,unknown,unknown,0.0,0,0,0,0,,201,
covidtruthnet,cz,2,False,channel,unknown,en,0.0,432,421,419,432,16182,60990,20
covidvaccinecabalmediaworrld2,cz,2,False,channel,bg,bg,0.994,1712,1363,1353,697,438,3946,11
crimea1tv,cz,2,False,channel,ru,ru,0.997,348,247,215,42,129,1739,12
crimeanprachka,cz,2,False,empty,unknown,unknown,0.0,0,0,0,0,,78,
csrc_agency,cz,2,False,empty,unknown,unknown,0.0,0,0,0,0,,37,
cultures_of_resistance,cz,2,False,channel,en,en,1.0,1,1,1,0,24787,19287,22
culturewarcriminal,cz,2,False,channel,en,en,0.979,42,35,33,18,3253,4620,0
cupechectvsanctions,cz,2,False,channel,ru,ru,1.0,55,47,47,26,165,234,10
cuprumpete,cz,2,False,channel,ru,ru,1.0,40,34,34,1,1777,2842,8
cyberspecnews,cz,2,False,channel,en,en,0.994,2914,2301,2187,818,1541,16790,23
czkulovyblesk,cz,2,False,group,cs,cs,0.986,5063,4661,4377,2395,1623,563,9
d_ogneev,cz,2,False,channel,ru,ru,1.0,45,37,36,10,1063,4482,15
dagestanrd,cz,2,False,channel,ru,ru,0.997,1116,957,944,274,39647,85308,12
daily_clout,cz,2,False,channel,en,en,1.0,108,108,108,3,5090,4713,18
dailyrealtimenews,cz,2,False,channel,en,en,1.0,676,651,647,306,5690,20859,17
dambiev,cz,2,False,empty,unknown,unknown,0.0,0,0,0,0,,,
danielmikusekpolska,cz,2,False,channel,ru,ru,0.765,427,352,349,25,422,2233,6
darya_frey,cz,2,False,empty,unknown,unknown,0.0,0,0,0,0,,534,
dataarm,cz,2,False,channel,ru,ru,1.0,3,3,3,0,1432,1496,0
daveoneegsauschat,cz,2,False,channel,en,en,0.991,1026,1007,932,63,12149,37764,22
dbmua,cz,2,False,channel,uk,uk,0.989,302,295,284,4,9160,34612,8
dbrozenews,cz,2,False,channel,en,en,1.0,174,163,159,95,831,7464,15
ddrobnitski,cz,2,False,channel,ru,ru,0.991,107,104,101,12,25792,81129,22
de_adler,cz,2,False,channel,ru,ru,1.0,143,129,128,36,669,1950,20
deekay1981,cz,1,False,empty,unknown,unknown,0.0,0,0,0,0,,,
degikarayev,cz,2,False,channel,ru,ru,0.991,147,129,122,25,1146,2142,13
denyaleto,cz,2,False,channel,ru,ru,0.994,122,68,68,22,4671,6258,14
denzkulaga,cz,2,False,empty,unknown,unknown,0.0,0,0,0,0,,,
dez_informator,cz,2,False,channel,ru,ru,1.0,31,19,17,1,6636,12146,14
dezadnr,cz,2,False,channel,ru,ru,1.0,10,10,10,9,20354,1610,14
dezertiramnet,cz,2,False,channel,ru,ru,1.0,176,168,168,46,2576,6930,8
dezhurniy,cz,2,False,channel,ru,ru,1.0,223,222,222,21,2556,6177,7
dfhumor,cz,2,False,channel,ru,ru,0.987,331,269,268,5,8354,36794,14
diia_beta_bot,cz,2,False,empty,unknown,unknown,0.0,0,0,0,0,,,
dimonundmir,cz,2,False,channel,ru,ru,0.994,156,156,155,110,55145,208118,8
dipacademymid,cz,2,False,channel,ru,ru,1.0,99,62,50,6,644,5680,13
diplomacyandtheworld,cz,2,False,channel,ru,ru,1.0,11,11,10,3,1394,1657,15
diplomatia,cz,2,False,channel,ru,ru,0.997,230,225,225,118,18580,14049,8
disclosetv,cz,2,False,empty,unknown,unknown,0.0,0,0,0,0,,331723,
diukraine,cz,2,False,channel,uk,uk,0.997,116,97,96,6,162127,227817,16
dixi_devil,cz,2,False,channel,ru,ru,1.0,11,11,11,1,11293,5554,9
diza_donbass,cz,2,False,channel,ru,ru,1.0,24,19,19,9,5908,4978,3
dmitri_kiselev,cz,2,False,channel,ru,ru,1.0,1,1,1,0,95776,3761,16
dnd46kursk,cz,2,False,empty,unknown,unknown,0.0,0,0,0,0,,6,
dnrdonetsk,cz,2,False,channel,ru,ru,1.0,3248,2193,2169,0,23381,107470,20
doblog,cz,2,False,channel,ru,ru,1.0,30,30,27,0,112826,10812,20
docker_job_bot,cz,2,False,empty,unknown,unknown,0.0,0,0,0,0,,,
dogswar155,cz,2,False,empty,unknown,unknown,0.0,0,0,0,0,,30,
dolgareva,cz,2,False,channel,ru,ru,1.0,19,17,15,0,36020,19891,9
dolgova1,cz,2,False,channel,ru,ru,0.997,100,85,82,31,3475,2790,11
domostroy_channel,cz,2,False,channel,ru,ru,0.997,173,95,95,3,14495,42776,12
don_blond,cz,2,False,channel,ru,ru,1.0,200,99,94,152,14900,26289,12
don_mash,cz,2,False,channel,ru,ru,1.0,107,90,89,5,21814,80130,11
donat_supernova_plus,cz,2,False,empty,unknown,unknown,0.0,0,0,0,0,,302,
donbass_segodnya,cz,2,False,channel,ru,ru,1.0,784,661,656,26,3991,10208,10
donbassitalia,cz,2,False,channel,it,it,1.0,788,573,573,477,8651,38812,20
donbassrussiazvo,cz,2,False,channel,ru,ru,0.997,298,269,267,115,807,1090,13
donbassyasinovatayanaliniiognia,cz,2,False,channel,ru,ru,0.991,619,423,419,137,6821,34857,15
donetsk_donbass,cz,2,False,channel,ru,ru,1.0,380,259,244,347,40,74,12
donetsk_kpru,cz,2,False,channel,ru,ru,0.991,1154,819,816,543,257,3540,10
donrf22,cz,2,False,channel,ru,ru,0.988,2132,2012,1991,339,12521,64021,10
donskoycossack,cz,2,False,channel,ru,ru,1.0,24,24,24,0,2204,7006,8
dpol_un,cz,2,False,empty,unknown,unknown,0.0,0,0,0,0,,57,
dpsukr,cz,2,False,channel,uk,uk,1.0,577,362,356,34,15382,58957,8
dr_livsi_ru,cz,2,False,channel,ru,ru,1.0,26,17,15,16,25997,32524,16
drdavidmartin,cz,2,False,channel,en,en,1.0,116,116,116,55,17481,51725,18
drjessicarose,cz,2,False,channel,en,en,0.991,150,141,141,7,4351,6629,21
drlynnfynn,cz,2,False,channel,en,en,0.961,13,13,12,0,21557,25240,4
drmikeyeadon,cz,1,False,channel,en,en,1.0,81,79,79,2,15266,27863,11
drmyasnikov,cz,2,False,channel,ru,ru,1.0,32,32,30,1,113945,182095,5
dro_wolves,cz,2,False,channel,ru,ru,1.0,46,37,30,15,4068,14217,11
dronesrussia,cz,2,False,channel,ru,ru,1.0,243,196,195,231,3021,18066,10
droneswar,cz,2,False,channel,ru,ru,1.0,357,220,219,350,923,6118,10
drtesslawrie,cz,2,False,channel,en,en,1.0,38,38,38,19,5534,11792,20
drugoeeto,cz,1,False,channel,ru,ru,1.0,770,697,697,61,13340,26563,13
druschbafm,cz,2,False,channel,de,de,1.0,1511,1201,1195,175,5965,25396,10
druschbafm_en,cz,2,False,channel,en,en,0.988,1384,1125,1125,2,382,2149,20
druschbafm_rus,cz,2,False,channel,ru,ru,1.0,1453,1157,1157,0,8,114,12
dschlopes,cz,2,False,channel,en,en,0.984,331,298,296,65,9035,20364,0
dshrg2,cz,2,False,channel,ru,ru,1.0,14,9,8,2,91221,240186,12
dtek_ua,cz,2,False,channel,uk,uk,0.997,85,80,78,0,189678,448919,16
dtlive,cz,2,False,channel,ru,ru,0.997,1194,937,923,1060,15063,68902,10
dubovoykorr,cz,2,False,channel,unknown,ru,0.0,180,139,138,178,1810,2450,10
dum_rf,cz,2,False,channel,ru,ru,1.0,55,48,48,7,626,5925,11
duma_gov_ru,cz,2,False,channel,ru,ru,1.0,150,55,52,7,70938,114681,6
dumabrief,cz,2,False,channel,ru,ru,1.0,386,386,386,0,761,28439,9
durov_russia,cz,2,False,channel,ru,ru,1.0,1,1,1,0,4690159,955401,18
dva_major,cz,2,False,empty,unknown,unknown,0.0,0,0,0,0,,2,
dvachannel,cz,2,False,channel,ru,ru,0.988,1748,919,581,1,317557,946818,9
dvamotgbot,cz,2,False,empty,unknown,unknown,0.0,0,0,0,0,,,
dw_ukraina,cz,2,False,channel,uk,uk,1.0,1039,974,974,0,2091,12346,13
dyadyaaidamir09,cz,2,False,channel,ru,ru,0.996,464,391,385,107,171,237,9
e_a_vasileva,cz,2,False,channel,ru,ru,1.0,714,436,424,116,936,5430,17
eadaily,cz,2,False,empty,unknown,unknown,0.0,0,0,0,0,,5,
eastcoast_intel,cz,2,False,channel,en,en,1.0,986,869,836,932,198,1719,19
easternview,cz,2,False,channel,ru,ru,1.0,63,63,61,0,2203,1511,7
echo_of_war_dnr,cz,2,False,channel,ru,ru,1.0,92,69,69,4,3141,2060,9
econompolit,cz,2,False,channel,ru,ru,1.0,30,30,24,1,86,228,14
edinyzakazchik,cz,2,False,channel,ru,ru,1.0,74,73,66,7,832,5973,7
edtexno,cz,2,False,channel,ru,ru,1.0,65,55,55,8,4708,21329,11
ehdonbass,cz,2,False,channel,es,es,1.0,296,246,235,36,375,1952,7
ekaterina_dashevskaya,cz,2,False,channel,ru,ru,1.0,47,47,46,14,5158,41851,11
ekattop,cz,2,False,channel,ru,ru,1.0,581,379,378,0,12081,35600,3
eksandthecity,cz,2,False,channel,ru,ru,0.997,118,99,88,4,1550,3151,10
elenacherysheva,cz,2,False,channel,ru,ru,1.0,21,21,21,17,274,212,9
elenakharlamovamo,cz,2,False,channel,ru,ru,0.982,20,12,11,2,1652,1441,15
elonmusk,cz,2,False,empty,unknown,unknown,0.0,0,0,0,0,,3909,
elpicahielo,cz,2,False,channel,ru,ru,0.991,197,155,151,132,12940,20210,10
elzoomrt,cz,2,False,channel,es,es,1.0,88,87,83,5,4348,22075,18
embajadarusaes,cz,2,False,channel,es,es,0.993,112,81,78,12,7226,14436,17
embrusnet,cz,2,False,channel,en,en,1.0,77,69,64,58,180,1188,14
empireofknives,cz,2,False,channel,ru,ru,0.988,100,46,37,2,3754,19966,14
energytodaygroup,cz,2,False,channel,ru,ru,1.0,303,301,301,24,4444,23815,6
enews112,cz,2,False,channel,ru,ru,1.0,183,151,151,0,89771,363227,12
entre_guerras,cz,2,False,channel,en,en,0.821,2196,1553,1552,40,12028,138048,19
er_molnia,cz,2,False,channel,ru,ru,1.0,227,185,184,1,9128,49017,7
ertula71,cz,2,False,channel,ru,ru,1.0,97,63,57,1,183,465,8
etatiste,cz,2,False,empty,unknown,unknown,0.0,0,0,0,0,,18,
eternalmuscovite,cz,2,False,channel,en,en,0.993,2348,2028,1701,844,1529,14139,22
eto_pozitiv,cz,2,False,channel,ru,ru,0.997,346,332,330,0,1274,3867,14
eurasiaexpert,cz,2,False,channel,ru,ru,1.0,274,274,274,0,381,2909,13
eurasianchoice,cz,2,False,channel,en,en,1.0,828,719,708,524,3417,23314,12
europathemighty,cz,2,False,channel,en,en,0.982,3613,3204,2461,3138,27,448,20
european_insider,cz,2,False,empty,unknown,unknown,0.0,0,0,0,0,,,
evpanina,cz,2,False,channel,ru,ru,1.0,284,279,279,57,9240,170932,15
evroaz,cz,2,False,channel,mk,mk,1.0,1557,1327,1297,123,518,12883,21
evroazp,cz,2,False,group,mk,mk,0.982,7911,7340,6381,3275,590,2484,21
expert_ru,cz,2,False,empty,unknown,unknown,0.0,0,0,0,0,,295,
exploitex,cz,2,False,channel,ru,ru,1.0,405,275,274,4,126486,2077483,13
ezhkinkot,cz,2,False,channel,ru,ru,0.994,1023,833,833,471,2527,8593,6
f_karamizand,cz,2,False,channel,fa,fa,1.0,242,220,214,2,51318,36744,13
fahrenheit1724,cz,2,False,channel,ru,ru,1.0,640,519,517,185,3169,7371,11
fanoethiopiawlta,cz,2,False,channel,unknown,unknown,0.0,7,6,6,0,15964,15868,16
farhadibragim,cz,2,False,channel,ru,ru,1.0,105,101,101,24,1211,3793,10
faridaily24,cz,2,False,channel,ru,ru,1.0,25,25,22,0,34690,63870,13
farmcrimeupdates,cz,2,False,channel,en,en,1.0,82,67,61,6,1000,1191,17
farsnewsint,cz,2,False,channel,fa,fa,0.994,1724,1413,1413,3,2672,43019,9
fasrussia,cz,2,False,channel,ru,ru,1.0,45,31,31,0,9119,34230,14
fatigarov_news,cz,2,False,channel,ru,ru,1.0,23,20,20,5,780,1708,16
fbchatik,cz,2,False,empty,unknown,unknown,0.0,0,0,0,0,,14123,
federalpress,cz,2,False,channel,ru,ru,1.0,788,595,594,148,1434,10397,8
fedorovgd,cz,2,False,empty,unknown,unknown,0.0,0,0,0,0,,18228,
fedpress_online,cz,2,False,channel,ru,ru,0.997,238,101,101,84,130,1049,7
fence88,cz,2,False,channel,ru,ru,1.0,61,61,61,4,855,2441,12
fennoscandia,cz,2,False,channel,ru,ru,0.992,581,352,341,78,750,7004,16
fighterbomber,cz,2,False,empty,unknown,unknown,0.0,0,0,0,0,,,
finsovetnikk,cz,2,False,channel,ru,ru,1.0,25,25,25,0,6399,4465,17
fintexno,cz,2,False,channel,ru,ru,1.0,82,76,76,1,7586,29341,14
first_morskoy,cz,2,False,channel,ru,ru,0.987,172,83,79,100,687,6370,14
firstladyofukraine,cz,2,False,channel,uk,uk,1.0,118,39,37,0,16210,25499,14
flashsend_bot,cz,2,False,empty,unknown,unknown,0.0,0,0,0,0,,,
flccc_alliance,cz,2,False,empty,unknown,unknown,0.0,0,0,0,0,,156,
fliegenderlivlander,cz,2,False,channel,ru,ru,1.0,37,37,37,22,311,1263,12
flower20015,cz,2,False,empty,unknown,unknown,0.0,0,0,0,0,,,
fmcg_ru,cz,2,False,channel,ru,ru,1.0,101,95,95,18,7518,42491,9
fond_kadyrova,cz,2,False,channel,ru,ru,1.0,34,34,23,12,1459,1816,19
fontankaspb,cz,2,False,channel,ru,ru,1.0,942,727,720,8,47661,374655,18
forbesrussia,cz,2,False,channel,ru,ru,1.0,861,799,799,128,45145,234954,12
foreal_men,cz,2,False,empty,unknown,unknown,0.0,0,0,0,0,,563,
forshmaknews,cz,2,False,empty,unknown,unknown,0.0,0,0,0,0,,8,
fortresskyiv,cz,2,False,channel,en,en,0.994,156,116,113,0,2708,7089,16
fortzinderneuf,cz,2,False,group,en,en,1.0,251,211,166,105,13716,377,3
foxandraven,cz,2,False,channel,ru,ru,0.991,504,448,444,168,2835,7295,9
fragments_ua_bot,cz,2,False,empty,unknown,unknown,0.0,0,0,0,0,,9,
frantic_easel,cz,2,False,channel,ru,ru,1.0,66,65,62,1,2538,3330,10
frau_marussja,cz,2,False,channel,ru,ru,1.0,1035,848,830,169,3931,8687,11
free_baltic,cz,2,False,channel,ru,ru,1.0,435,369,366,200,381,946,16
frequentflyers,cz,2,False,channel,ru,ru,1.0,66,60,59,7,12146,22970,8
friendlyfather,cz,2,False,channel,en,en,0.971,26,21,16,15,1259,2644,1
frontbird,cz,2,False,channel,ru,ru,1.0,102,95,95,0,26183,118219,9
frontstories,cz,2,False,channel,ru,ru,1.0,6,6,6,0,15897,3413,10
fsk_today,cz,2,False,channel,ru,ru,1.0,469,464,462,31,3363,61728,21
fuckyouthatswhy,cz,2,False,channel,ru,ru,0.991,845,833,804,271,4850,24414,23
fvuchannal,cz,2,False,channel,ru,ru,1.0,54,53,53,3,19467,28836,17
galliadaily,cz,2,False,channel,en,en,1.0,46,43,40,24,5833,13641,12
garlic_live,cz,2,False,empty,unknown,unknown,0.0,0,0,0,0,,47,
gasconec812,cz,2,False,empty,unknown,unknown,0.0,0,0,0,0,,,
gatewaypunditofficial,cz,2,False,channel,en,en,1.0,1444,1443,1431,23,20443,113763,13
gaysua,cz,2,False,group,uk,uk,0.974,2659,2644,2130,3,,5526,18
gazetametro,cz,2,False,channel,ru,ru,1.0,377,320,303,0,1279,21755,10
gazetametro_chat_bot,cz,2,False,empty,unknown,unknown,0.0,0,0,0,0,,,
gazetaru,cz,2,False,channel,ru,ru,1.0,630,547,547,6,7953,197193,11
gde_nazist_bot,cz,2,False,empty,unknown,unknown,0.0,0,0,0,0,,,
genarmageddon,cz,2,False,empty,unknown,unknown,0.0,0,0,0,0,,4,
general_governor,cz,2,False,channel,ru,ru,0.997,54,54,54,1,3704,26765,11
generalnote,cz,2,False,channel,ru,ru,1.0,14,14,13,0,226353,27412,14
genichesk_ru,cz,2,False,channel,ru,ru,1.0,433,402,402,68,7518,49394,8
genshab,cz,2,False,empty,unknown,unknown,0.0,0,0,0,0,,41194,
georgenews,cz,2,False,channel,en,en,0.989,102,93,80,43,68843,149706,19
georgia_man,cz,2,False,channel,ru,ru,1.0,96,62,61,0,7244,5606,11
georgy_fedorov,cz,2,False,channel,ru,ru,1.0,33,28,28,1,747,13633,13
georgy_ma,cz,2,False,channel,ru,ru,1.0,17,17,17,2,73009,53834,14
gerasimovevg,cz,2,False,channel,ru,ru,1.0,121,76,76,18,203,757,9
germaniapost,cz,2,False,channel,en,en,1.0,52,43,38,37,558,1583,14
germansadulaev,cz,2,False,channel,ru,ru,1.0,91,86,82,50,5987,16449,17
geromanat,cz,2,False,channel,en,en,0.984,811,653,647,453,3127,17696,9
ghest_omsk,cz,2,False,channel,ru,ru,0.991,418,335,323,31,4041,20088,10
glagolmedia,cz,2,False,empty,unknown,unknown,0.0,0,0,0,0,,,
glasno_znaet,cz,2,False,empty,unknown,unknown,0.0,0,0,0,0,,105,
glavpolit,cz,2,False,channel,ru,ru,1.0,206,203,203,10,14637,33829,12
gleberve,cz,2,False,channel,ru,ru,1.0,120,103,96,60,5396,7239,14
globalwarzone,cz,2,False,channel,ru,ru,1.0,443,275,274,91,3011,3658,10
goddek,cz,2,False,channel,en,en,0.991,54,52,48,12,30673,40446,1
good78news,cz,2,False,channel,ru,ru,1.0,2623,1916,1898,20,6948,99568,13
goodoshnikov,cz,2,False,channel,ru,ru,0.997,226,210,209,66,14099,20426,6
goodskyrus,cz,2,False,channel,ru,ru,1.0,11,11,8,4,1062,727,20
gossluga,cz,2,False,channel,ru,ru,0.994,480,361,355,333,685,3272,6
gosuslugiforparents,cz,2,False,channel,ru,ru,1.0,72,59,55,3,495779,681954,14
government_by,cz,2,False,channel,ru,ru,1.0,25,22,22,5,14670,16065,7
governorsjew,cz,2,False,channel,ru,ru,0.997,318,301,294,138,3519,18847,8
govoritmilonov,cz,2,False,channel,ru,ru,1.0,200,153,153,38,987,9848,18
gpkgovby,cz,2,False,channel,ru,ru,1.0,178,101,95,4,5909,19048,7
grafinyanegoduet,cz,2,False,channel,ru,ru,1.0,60,60,58,25,34541,24356,21
grazhdanin_guz,cz,2,False,channel,ru,ru,1.0,6,6,6,0,246198,1322,9
greekbordersgeneral,cz,2,False,channel,en,en,0.988,63,38,38,1,1012,2836,6
greekmediaportal,cz,2,False,channel,ru,ru,1.0,54,43,43,25,1437,2846,20
grekovstudio,cz,2,False,channel,ru,ru,1.0,48,25,23,16,1921,2537,8
gridshootandfun,cz,2,False,channel,ru,ru,0.977,38,33,33,15,9420,5787,15
grodnosliv,cz,2,False,channel,ru,ru,0.997,986,879,858,282,2102,12291,14
grpzdc,cz,2,False,channel,ru,ru,0.978,1474,1117,1064,1046,29285,154923,9
gruboprostiite,cz,2,False,channel,ru,ru,0.997,273,224,209,13,9522,15466,10
gruntmedia,cz,2,False,channel,uk,uk,0.991,1982,1542,1540,29,43804,143133,13
gruz0potok,cz,2,False,channel,ru,ru,1.0,85,75,75,4,11334,36723,11
gspmranepa,cz,2,False,channel,ru,ru,1.0,25,14,14,2,537,5876,7
guerradonbas,cz,2,False,channel,es,es,0.997,378,223,221,128,666,2302,8
guknmosreg,cz,2,False,channel,ru,ru,1.0,34,24,24,1,744,1611,11
gumpo,cz,2,False,channel,unknown,ru,0.0,2,2,2,2,1025,315,7
guraanton,cz,2,False,channel,ru,ru,1.0,863,660,652,0,60142,264768,22
guselandrei,cz,2,False,channel,ru,ru,1.0,80,55,51,16,3473,6937,6
gusev_tg,cz,2,False,channel,ru,ru,1.0,131,92,87,16,7485,21841,9
guvdpozo,cz,2,False,empty,unknown,unknown,0.0,0,0,0,0,,2936,
gvergasov,cz,2,False,channel,ru,ru,1.0,194,166,164,123,967,1732,20
gyurzzza,cz,2,False,channel,ru,ru,1.0,64,61,58,0,1634,2462,5
haiduciidobrogei,cz,2,False,channel,ro,ro,1.0,6,6,4,0,1474,474,17
han_solo_news_czech,cz,1,False,channel,cs,cs,0.984,224,224,224,0,150,187,14
hantymoney,cz,2,False,channel,ru,ru,1.0,605,406,398,10,5694,20872,5
hay_em,cz,2,False,channel,ru,ru,0.973,245,215,201,6,346,776,19
hazardernovoserbia,cz,2,False,channel,mk,mk,0.997,84,63,62,14,1986,3257,16
hedgehog_on_palm,cz,2,False,empty,unknown,unknown,0.0,0,0,0,0,,,
heilukraine1959,cz,2,False,channel,en,en,0.987,414,257,254,237,2456,15047,17
heilukraine1959arab,cz,2,False,channel,et,et,0.985,84,28,28,3,574,777,7
helenavillarrt,cz,2,False,channel,es,es,1.0,18,17,17,7,8457,12793,17
heliman86,cz,2,False,channel,ru,ru,1.0,23,15,14,12,1535,4409,18
helimedpilots,cz,2,False,channel,ru,ru,0.997,135,115,111,17,619,957,12
helimuseum,cz,2,False,channel,ru,ru,1.0,11,11,11,0,6599,4127,5
help_sumy,cz,2,False,empty,unknown,unknown,0.0,0,0,0,0,,5,
help_ukrs,cz,2,False,empty,unknown,unknown,0.0,0,0,0,0,,1223,
hermanntertsch,cz,2,False,empty,unknown,unknown,0.0,0,0,0,0,,,
hiddenfilesshow,cz,2,False,empty,unknown,unknown,0.0,0,0,0,0,,511,
historiographe,cz,2,False,channel,ru,ru,0.995,218,205,199,52,5503,52516,10
historydiary,cz,2,False,channel,ru,ru,0.983,212,210,210,2,38196,112397,16
hoduttut,cz,2,False,channel,ru,ru,0.97,491,472,468,19,2887,12649,15
hoholcalling,cz,2,False,channel,ru,ru,0.988,974,690,642,283,2059,31583,18
holmogortalks,cz,2,False,empty,unknown,unknown,0.0,0,0,0,0,,193,
holodniyyar,cz,1,False,channel,ru,ru,1.0,228,183,172,0,21137,11753,7
homo_sapiens_blog,cz,2,False,empty,unknown,unknown,0.0,0,0,0,0,,587,
hotptakes,cz,2,False,channel,en,en,0.997,437,306,271,76,1777,3245,14
hrabrozakosmetat,cz,2,False,channel,mk,mk,1.0,16,10,10,0,12735,4485,14
hrunmorgov,cz,2,False,channel,ru,ru,0.997,623,589,583,4,17219,30022,20
hsretoucher17,cz,2,False,channel,en,en,0.966,165,156,147,2,93581,53601,4
hudojnikz,cz,2,False,channel,ru,ru,1.0,47,37,25,1,8705,4983,11
humor_and_politics,cz,2,False,channel,ru,ru,0.997,3719,3604,3378,11,8352,33743,8
ia_kam24,cz,2,False,channel,ru,ru,1.0,558,552,545,5,7854,43278,6
ia_rossa,cz,2,False,channel,ru,ru,1.0,431,422,421,113,1604,6965,11
iarexru,cz,2,False,channel,ru,ru,0.997,1380,1326,1314,254,220,2655,12
icicommittee,cz,2,False,channel,en,en,1.0,20,20,15,0,85883,10725,17
idelator,cz,2,False,empty,unknown,unknown,0.0,0,0,0,0,,307,
ideology_body,cz,2,False,channel,ru,ru,1.0,18,18,18,0,6121,3628,4
ifax_go,cz,2,False,channel,ru,ru,1.0,392,391,391,22,711,12365,16
ifinvest,cz,2,False,channel,ru,ru,0.991,238,220,220,22,25580,113160,14
igenergy,cz,2,False,channel,ru,ru,1.0,59,59,59,6,1555,13103,21
igordodon,cz,2,False,channel,ru,ru,0.991,101,78,75,2,3890,5844,9
ihor_terekhov,cz,2,False,channel,uk,uk,1.0,14,14,14,0,219612,151200,7
ilovekramatorsk,cz,2,False,empty,unknown,unknown,0.0,0,0,0,0,,621,
iloveru,cz,2,False,empty,unknown,unknown,0.0,0,0,0,0,,33670,
im_not_a_princess,cz,2,False,empty,unknown,unknown,0.0,0,0,0,0,,108,
imashevnb,cz,2,False,empty,unknown,unknown,0.0,0,0,0,0,,1755,
imehanik,cz,2,False,channel,ru,ru,0.997,222,215,215,3,97505,324452,16
imerkouri,cz,2,False,channel,ru,ru,0.994,165,158,147,4,40622,57588,11
imperiumtalk,cz,2,False,channel,ru,ru,1.0,34,30,30,17,408,1662,10
imsindi_z,cz,2,False,empty,unknown,unknown,0.0,0,0,0,0,,44,
inbox,cz,2,False,empty,unknown,unknown,0.0,0,0,0,0,,,
incato2,cz,2,False,empty,unknown,unknown,0.0,0,0,0,0,,45,
inflation_shock,cz,2,False,channel,ru,ru,0.994,115,99,99,1,22394,40390,15
infodefall,cz,1,False,channel,es,es,1.0,1,1,1,0,283376,21567,4
infodefbulgaria,cz,2,False,channel,bg,bg,0.989,996,637,606,3,429,6483,6
infodefengland,cz,2,False,channel,en,en,1.0,922,647,640,146,3790,50571,19
infodefenseen,cz,2,False,channel,en,en,0.997,207,177,176,4,2411,5349,7
infodefenserus,cz,2,False,channel,ru,ru,1.0,2034,1522,1518,1825,8688,17355,12
infodefenseteambot,cz,2,False,empty,unknown,unknown,0.0,0,0,0,0,,,
infokju,cz,2,False,channel,pl,pl,1.0,1207,1068,957,373,2385,12337,11
informnapalm,cz,2,False,channel,uk,uk,1.0,391,307,304,73,63614,132180,18
informpskov,cz,2,False,channel,ru,ru,0.994,997,655,631,354,1215,9472,10
infovojna,cz,1,False,group,sk,sk,0.968,6787,6628,5803,2032,3494,5827,17
ino_tv,cz,2,False,channel,ru,ru,1.0,130,130,130,0,627,3093,13
inosmi_natapara,cz,2,False,channel,ru,ru,1.0,69,56,56,53,484,1091,11
inrussia_online,cz,2,False,channel,ru,ru,1.0,202,184,184,7,8880,19863,7
insiderpaper,cz,1,False,empty,unknown,unknown,0.0,0,0,0,0,,109818,
intelligencyhs,cz,2,False,channel,en,en,1.0,58,50,48,2,94,75,0
intelrepublic,cz,2,False,channel,en,en,1.0,1773,1595,1594,0,15069,0,12
internet,cz,2,False,empty,unknown,unknown,0.0,0,0,0,0,,195944,
internetsmi,cz,2,False,channel,ru,ru,1.0,175,173,173,6,10075,53372,6
investigat,cz,1,False,empty,unknown,unknown,0.0,0,0,0,0,,,
ionceban,cz,2,False,channel,ru,ru,1.0,268,131,127,0,1881,6890,8
ipumpbrain,cz,2,False,channel,ru,ru,1.0,213,164,164,0,31228,185726,6
ir_pakistan,cz,2,False,empty,unknown,unknown,0.0,0,0,0,0,,8,
iran_daily24,cz,2,False,channel,fa,fa,1.0,2148,1774,1768,2,881,17894,9
irandezhurniy,cz,2,False,channel,ru,ru,1.0,59,54,54,4,4731,22282,13
irinamar_z,cz,2,False,channel,es,es,1.0,1158,887,883,353,11563,78875,12
irna_ru,cz,2,False,channel,ru,ru,0.973,640,412,406,6,3158,28521,19
ironlogica,cz,2,False,channel,ru,ru,1.0,257,145,129,0,58253,213143,6
ishchenko,cz,2,False,empty,unknown,unknown,0.0,0,0,0,0,,,
israeltoday,cz,2,False,channel,ru,ru,1.0,90,89,88,0,31713,142594,15
istocni_front,cz,2,False,channel,mk,mk,0.994,446,347,339,0,11340,61558,12
iswnews_en,cz,2,False,channel,en,en,1.0,178,129,127,3,434,20635,12
itamaratygovbr,cz,2,False,empty,unknown,unknown,0.0,0,0,0,0,,93,
itsdonetsk,cz,2,False,channel,ru,ru,1.0,3920,2056,2056,7,193813,607382,12
iz_pervih_ust,cz,2,False,group,ru,ru,1.0,3702,3623,1769,39,107185,5349,15
izhevsktop1,cz,2,False,channel,ru,ru,0.994,513,312,312,0,10360,40560,5
iznankawomen,cz,2,False,channel,ru,ru,1.0,244,173,173,18,10412,9222,13
jaegermeisster,cz,2,False,channel,ru,ru,0.991,272,230,223,178,62,487,19
jaimedqvacanal,cz,2,False,channel,es,es,1.0,252,219,213,75,219,3216,12
jairbolsonarobrasil,cz,2,False,channel,pt,pt,1.0,99,99,93,0,794575,1119177,23
jan_h_cz,cz,2,False,empty,unknown,unknown,0.0,0,0,0,0,,,
janbaranek,cz,1,False,channel,sk,sk,1.0,5,5,5,0,36251,8875,23
johnnyjamesmiller,cz,2,False,channel,en,en,1.0,46,34,33,9,5919,3510,16
jscovid1984,cz,1,False,channel,sk,sk,0.995,386,371,371,0,1856,6006,20
juchkovsky,cz,2,False,channel,ru,ru,1.0,62,51,49,28,11011,10558,19
julianassangewiki,cz,2,False,empty,unknown,unknown,0.0,0,0,0,0,,164827,
justdudechannel,cz,1,False,channel,en,en,0.997,631,574,570,128,16320,65015,14
kabanuks,cz,2,False,empty,unknown,unknown,0.0,0,0,0,0,,,
kalachevpost,cz,2,False,channel,ru,ru,0.997,377,366,364,64,8148,11709,5
kaliningradtop,cz,2,False,channel,ru,ru,0.974,317,253,251,0,8539,39540,8
kalininskydn,cz,2,False,group,ru,ru,0.981,6799,6645,4865,62,84815,18512,17
kamgov41,cz,2,False,channel,ru,ru,1.0,542,377,358,52,852,7877,6
kamishov_a_s,cz,2,False,channel,ru,ru,1.0,118,76,72,78,265,563,6
kamranleaks,cz,2,False,channel,ru,ru,1.0,93,93,91,10,1188,4469,9
kanadkaimmigrantka,cz,2,False,channel,ru,ru,0.997,224,184,171,42,2399,4132,11
kanal_radovanandrasik,cz,2,False,channel,sk,sk,1.0,4,4,4,1,1547,647,9
kanekoathegreat,cz,1,False,channel,en,en,1.0,104,94,94,8,120821,121652,2
karabasssss,cz,2,False,empty,unknown,unknown,0.0,0,0,0,0,,,
karaulov_life,cz,2,False,empty,unknown,unknown,0.0,0,0,0,0,,1079,
karjala474,cz,2,False,channel,ru,ru,0.997,136,90,87,23,667,1028,8
karjalavapaa,cz,2,False,channel,ru,ru,0.952,8,8,7,0,15415,5579,19
kartezianec,cz,2,False,channel,ru,ru,1.0,56,56,55,11,9335,34386,10
kashinguru,cz,2,False,channel,ru,ru,0.979,1958,1718,1470,1270,24659,75010,14
kaskadnerv,cz,2,False,channel,ru,ru,0.99,76,45,43,29,16598,28174,12
kawsachunnews,cz,2,False,empty,unknown,unknown,0.0,0,0,0,0,,20,
kazantop1,cz,2,False,channel,ru,ru,0.991,516,343,343,0,15157,54077,10
kbrvdvkr,cz,2,False,channel,ru,ru,1.0,334,289,283,81,11331,79750,9
kcpn2014,cz,2,False,channel,ru,ru,1.0,53,22,19,3,33762,32959,12
kedmi,cz,1,False,empty,unknown,unknown,0.0,0,0,0,0,,57561,
kedrlubnany,cz,2,False,channel,ru,ru,0.983,90,55,55,1,700,1980,9
kemertop,cz,2,False,channel,ru,ru,1.0,450,320,319,0,5969,30667,11
kenigtiger_rss,cz,2,False,channel,ru,ru,1.0,10,10,10,0,10057,2293,16
kgk_oficial,cz,2,False,channel,ru,ru,1.0,82,50,48,1,1744,11413,13
khamenei_en,cz,2,False,channel,en,en,0.994,91,62,62,0,658,22234,11
khamsin_season,cz,2,False,channel,ru,ru,1.0,19,19,19,1,2001,4369,4
kharkov_narodnuy,cz,2,False,channel,ru,ru,1.0,800,525,525,169,2670,10651,17
kharkov_perviy,cz,2,False,channel,ru,ru,1.0,1563,1330,1328,155,10125,48590,6
kharkov_sky,cz,2,False,channel,ru,ru,1.0,141,136,136,9,4709,11855,18
kharkovanon_bot,cz,2,False,empty,unknown,unknown,0.0,0,0,0,0,,,
khartiia,cz,2,False,channel,uk,uk,1.0,18,14,14,0,3195,15211,9
khayalpressa313,cz,2,False,channel,ru,ru,1.0,464,388,388,0,6023,48883,6
khazinml,cz,1,False,channel,ru,ru,1.0,204,190,186,99,115555,246279,4
kher_vest_bot,cz,2,False,empty,unknown,unknown,0.0,0,0,0,0,,,
khubezovdmitrii,cz,2,False,channel,ru,ru,1.0,11,3,3,0,2254,2053,13
kianmeli1,cz,2,False,channel,fa,fa,1.0,1472,1307,1301,42,33460,339572,10
kievskiybydem,cz,2,False,group,ru,ru,0.982,4419,4367,2280,57,65860,10119,15
kilinkarovspiridon,cz,2,False,channel,ru,ru,1.0,121,114,112,79,11028,29023,7
killnet_mirror,cz,2,False,empty,unknown,unknown,0.0,0,0,0,0,,399,
kirasazonova,cz,2,False,channel,ru,ru,1.0,39,39,39,1,10533,16825,9
kitklarenberg,cz,2,False,channel,en,en,1.0,8,8,8,0,730,538,14
klueberry,cz,2,False,empty,unknown,unknown,0.0,0,0,0,0,,,
knifemedia,cz,2,False,channel,ru,ru,1.0,227,225,225,1,20084,101734,12
knyaz_cherkasky,cz,2,False,channel,ru,ru,1.0,67,67,67,0,2583,16041,6
kochka_lv,cz,2,False,channel,ru,ru,1.0,4375,3392,3346,4269,72,2804,7
kocky_su_hodene,cz,2,False,channel,sk,sk,0.996,47,39,35,0,1018,581,8
kod_jizny,cz,2,False,channel,ru,ru,1.0,112,83,75,28,100,375,12
kodjizny_sendbot,cz,2,False,empty,unknown,unknown,0.0,0,0,0,0,,,
komissarischezaet,cz,2,False,channel,ru,ru,1.0,15,15,15,0,112450,31650,17
komitetnacinter,cz,2,False,channel,ru,ru,1.0,39,39,39,0,9490,5816,7
kononenkome,cz,2,False,channel,ru,ru,1.0,247,247,241,29,6407,9596,12
konstantinzatulin,cz,2,False,channel,ru,ru,1.0,52,45,44,13,64642,130622,5
kowalskiteamcustom,cz,2,False,empty,unknown,unknown,0.0,0,0,0,0,,0,
kozhevnik_lykov_bot,cz,2,False,empty,unknown,unknown,0.0,0,0,0,0,,,
kpmoldova,cz,2,False,channel,ru,ru,0.994,1331,1081,1073,325,5868,33840,5
kpru_life,cz,2,False,channel,ru,ru,1.0,363,330,330,0,1851,3016,6
kpszsu,cz,2,False,channel,uk,uk,0.994,59,52,50,4,54892,886624,8
krasnouhov,cz,2,False,channel,ru,ru,1.0,11,11,11,4,403,389,12
krasntop,cz,2,False,channel,ru,ru,0.997,368,249,249,1,10079,34904,9
kremlin_bashnya,cz,2,False,channel,ru,ru,1.0,435,427,404,120,1468,7569,6
krimski,cz,2,False,channel,ru,ru,0.991,1946,1243,1208,1898,3264,21936,8
krioggen,cz,2,False,channel,ru,ru,1.0,93,84,84,0,24795,19895,11
krpnv,cz,2,False,channel,ru,ru,1.0,56,45,45,19,1078,10761,15
ksbforum,cz,2,False,group,sk,sk,0.956,631,616,586,115,4814,1372,16
kshulika,cz,2,False,channel,ru,ru,1.0,1558,1486,1482,1,5520,50043,12
ktcust,cz,2,False,empty,unknown,unknown,0.0,0,0,0,0,,,
kub_media,cz,2,False,empty,unknown,unknown,0.0,0,0,0,0,,29,
kulemzin_donetsk,cz,2,False,channel,ru,ru,1.0,706,492,485,36,16790,30401,8
kunuzru,cz,2,False,channel,ru,ru,1.0,646,618,618,0,43744,81005,7
kurdishfront,cz,2,False,empty,unknown,unknown,0.0,0,0,0,0,,5607,
kurdishfrontnews,cz,2,False,channel,en,en,1.0,143,95,94,2,1231,18715,7
kurdpatriott,cz,2,False,channel,fa,fa,1.0,69,54,54,3,883,958,15
kurganistan45,cz,2,False,channel,ru,ru,1.0,582,324,311,9,9633,64357,8
kurskadm,cz,2,False,channel,ru,ru,0.997,1092,352,350,200,10498,80040,6
kurskprav,cz,2,False,group,ru,ru,0.989,9717,8919,8187,1234,11054,4067,20
kuznec_obereg_bot,cz,2,False,empty,unknown,unknown,0.0,0,0,0,0,,,
kwisatzhaderakh,cz,2,False,channel,bg,bg,0.991,2113,1860,1712,665,212,3257,17
kyber_net,cz,2,False,channel,ru,ru,1.0,100,93,93,15,540,2362,14
labppsh,cz,2,False,channel,ru,ru,1.0,15,15,15,2,14924,13863,4
lachentyt,cz,2,False,channel,uk,uk,1.0,1369,1292,1291,26,547677,1570587,12
larkin_doc,cz,2,False,channel,ru,ru,1.0,289,227,217,180,3120,7135,19
lastofrus,cz,2,False,empty,unknown,unknown,0.0,0,0,0,0,,64021,
latvijasbalzams,cz,2,False,channel,ru,ru,0.994,402,345,342,79,341,1689,11
lauraabolichannel,cz,2,False,channel,en,en,0.993,2510,2378,2326,115,24479,172626,19
lbsindusa,cz,2,False,channel,ru,ru,1.0,34,25,24,11,4134,8558,18
lebedeva_xeniya,cz,2,False,channel,ru,ru,1.0,233,208,208,128,1726,6780,12
lebupdate,cz,2,False,channel,en,en,0.991,257,200,197,9,1888,80347,19
lenradnr,cz,2,False,group,ru,ru,0.997,3393,3359,1366,8,102504,6552,15
lepragram,cz,2,False,channel,ru,ru,0.997,473,411,366,0,169934,343439,19
lesgustoj,cz,2,False,channel,ru,ru,0.997,412,360,344,64,874,1238,6
levigodman,cz,2,False,channel,en,en,0.975,758,726,723,53,6221,11638,11
libreetinsoumis2,cz,2,False,channel,fr,fr,1.0,975,808,801,22,920,4185,21
lifact,cz,2,False,channel,ru,ru,1.0,29,29,29,0,5465,3756,17
lifeytcrazy,cz,2,False,empty,unknown,unknown,0.0,0,0,0,0,,45,
limkat22,cz,2,False,channel,ru,ru,1.0,39,36,36,8,937,4897,20
lineasrojas,cz,2,False,channel,es,es,1.0,148,143,142,0,3663,40927,20
lingvaa,cz,2,False,channel,ru,ru,1.0,146,146,118,0,28609,139171,2
lipca11,cz,2,False,channel,pl,pl,1.0,164,148,143,0,262,876,10
lipetsktop1,cz,2,False,channel,ru,ru,0.997,236,201,201,0,8930,50817,6
lit_mus_bes,cz,2,False,channel,ru,ru,1.0,90,66,66,0,6,246,7
littleentente,cz,2,False,channel,en,en,0.991,189,184,179,49,1235,901,21
liusivaya,cz,2,False,channel,es,es,0.982,111,102,95,11,25085,132556,8
losevatalks,cz,2,False,channel,ru,ru,1.0,273,222,216,7,8624,38898,8
lovekram,cz,2,False,empty,unknown,unknown,0.0,0,0,0,0,,453,
ltwru,cz,2,False,empty,unknown,unknown,0.0,0,0,0,0,,29,
lucasleiroz,cz,2,False,channel,pt,pt,0.973,250,221,218,140,217,3283,8
ludobreniya,cz,2,False,empty,unknown,unknown,0.0,0,0,0,0,,54,
luganskallnews,cz,2,False,channel,ru,ru,1.0,328,229,227,152,23213,76306,13
lukaebkov,cz,2,False,empty,unknown,unknown,0.0,0,0,0,0,,517,
lunatheatre,cz,2,False,channel,ru,ru,1.0,66,28,28,16,666,707,16
lussilist,cz,2,False,channel,cs,cs,0.993,967,777,769,106,1226,8572,20
m0sc0wcalling,cz,2,False,channel,ru,ru,1.0,1831,1284,1274,347,38910,34049,14
m_goldarb,cz,2,False,channel,ru,ru,1.0,47,46,46,0,10071,9224,9
mackurovka,cz,2,False,group,ru,ru,1.0,976,841,635,71,25555,3345,17
madam_secretar,cz,2,False,channel,ru,ru,0.994,1179,1068,1046,371,6420,35821,20
maddogholland,cz,2,False,empty,unknown,unknown,0.0,0,0,0,0,,27975,
madisonart,cz,2,False,channel,ru,ru,0.992,68,57,54,27,943,2539,10
magicaltrevor,cz,2,False,empty,unknown,unknown,0.0,0,0,0,0,,,
magomedgadzhimagomedov,cz,2,False,channel,ru,ru,1.0,10,8,7,7,2306,2438,11
maidentower,cz,2,False,channel,ru,ru,1.0,946,771,765,81,9476,34567,10
mainranepa,cz,2,False,channel,ru,ru,1.0,183,174,170,16,1363,23324,9
mairabaku,cz,2,False,channel,ru,ru,0.997,1208,1082,1081,91,272,1197,8
makarov_kb,cz,2,False,channel,ru,ru,0.997,154,126,124,26,4043,6413,6
makarr80,cz,2,False,channel,ru,ru,0.997,290,273,262,113,6099,7893,10
maksymzhorin,cz,2,False,channel,uk,uk,1.0,74,62,62,1,31214,108414,16
malekdudakov,cz,1,False,channel,ru,ru,1.0,97,97,97,0,20674,83472,8
mangopress,cz,2,False,channel,en,en,0.997,718,579,569,0,1831,5511,10
maplechronicles,cz,2,False,channel,en,en,1.0,84,84,84,4,1081,2887,18
marawhisper,cz,2,False,empty,unknown,unknown,0.0,0,0,0,0,,18,
mariabutina,cz,2,False,channel,ru,ru,1.0,126,122,119,11,12261,31668,1
mariaderunova,cz,2,False,channel,ru,ru,1.0,117,101,100,8,4756,13554,18
mariyamarikyan,cz,2,False,channel,ru,ru,1.0,15,11,11,1,273,1147,16
markurbanist,cz,2,False,channel,ru,ru,1.0,135,133,132,2,13324,15484,8
markus_foundation,cz,2,False,channel,uk,uk,1.0,13,9,8,3,9649,4821,11
marocrus,cz,2,False,channel,ru,ru,0.997,230,117,116,97,1266,6222,5
marshalvdv,cz,2,False,channel,uk,uk,0.983,2273,1292,1220,509,48713,98759,15
martinsellnerib,cz,2,False,channel,de,de,0.997,220,187,167,50,18139,72880,17
martynov2021,cz,2,False,channel,ru,ru,0.988,193,179,175,82,3825,206702,22
maryana_nn,cz,2,False,empty,unknown,unknown,0.0,0,0,0,0,,,
mask_seti_tomsk,cz,2,False,empty,unknown,unknown,0.0,0,0,0,0,,137,
maskirovka_dlya_svo,cz,2,False,group,ru,ru,1.0,2538,2466,2078,112,3745,2716,19
maskirovkaan,cz,2,False,group,ru,ru,0.984,431,419,207,54,27272,80,11
maskset_ramon,cz,2,False,group,ru,ru,0.983,145,139,63,4,16320,437,11
maskseti60,cz,2,False,channel,ru,ru,1.0,17,11,9,2,1992,131,10
maskseti_kms,cz,2,False,group,ru,ru,0.997,322,319,168,36,178094,246,11
masksetichlb,cz,2,False,group,ru,ru,0.984,1280,1194,757,104,7462,383,18
masksetiekb,cz,2,False,group,ru,ru,0.991,2058,1977,1738,74,32303,1158,16
masksetisochi,cz,2,False,channel,ru,ru,0.981,103,64,58,10,815,627,15
maslovasia,cz,2,False,channel,ru,ru,1.0,19,19,19,5,8994,18635,20
maspartners,cz,2,False,empty,unknown,unknown,0.0,0,0,0,0,,65,
masrourbarzani,cz,2,False,empty,unknown,unknown,0.0,0,0,0,0,,8,
match_tv,cz,2,False,channel,ru,ru,0.997,749,685,680,31,117965,683819,21
mauricio_ampuero,cz,2,False,channel,es,es,1.0,1,1,1,0,29181,3454,15
max_chepay,cz,2,False,channel,ru,ru,1.0,119,109,94,0,4951,,13
maxbuzhanskiy,cz,2,False,channel,ru,ru,0.994,194,178,175,3,18960,25615,7
mayday_7700,cz,2,False,channel,ru,ru,1.0,65,40,38,8,21682,22373,6
maydnr,cz,1,False,channel,ru,ru,1.0,548,399,397,197,1934,5752,7
mccvu,cz,2,False,channel,ru,ru,0.994,527,426,382,149,452,2503,6
mchs112by,cz,2,False,channel,ru,ru,0.991,149,119,108,17,6429,44794,4
mchs52,cz,2,False,channel,ru,ru,1.0,114,62,54,7,339,4126,7
mchs_dnr,cz,2,False,channel,ru,ru,0.994,214,148,130,7,1847,9988,7
mdaudov_95,cz,2,False,channel,ru,ru,1.0,42,42,29,0,9533,1788585,21
mdk_bashkiria,cz,2,False,channel,ru,ru,0.997,369,314,237,0,3283,7952,7
mdk_chelyabinsk,cz,2,False,channel,ru,ru,0.997,260,242,148,0,3615,10829,7
mdk_crimea,cz,2,False,channel,ru,ru,0.991,274,262,148,1,2775,6432,16
mdk_kavkaz,cz,2,False,channel,ru,ru,0.997,290,235,195,2,1819,4161,10
mdk_krasnodar_krai,cz,2,False,channel,ru,ru,0.997,308,299,280,0,2364,9008,20
mdk_krasnoyarsk,cz,2,False,channel,ru,ru,0.997,259,240,81,0,1867,7859,6
mdk_kuzbass,cz,2,False,channel,ru,ru,0.994,253,246,177,0,3001,7584,11
mdk_nn,cz,2,False,channel,ru,ru,1.0,332,303,234,0,4213,14083,11
mdk_novosibirsk,cz,2,False,channel,ru,ru,1.0,349,349,256,0,5906,12480,4
mdk_rnd,cz,2,False,channel,ru,ru,0.997,239,170,159,0,8744,24016,21
mdk_tatarstan,cz,2,False,channel,ru,ru,1.0,355,307,216,0,5079,11654,18
mdk_ural,cz,2,False,channel,ru,ru,1.0,172,160,125,0,2470,5359,14
mdk_voronezh,cz,2,False,channel,ru,ru,0.997,314,313,177,0,3841,9376,21
mdkvostok,cz,2,False,channel,ru,ru,0.992,183,182,178,0,1465,2417,6
mecklenburger_petersburger,cz,2,False,channel,ru,ru,1.0,148,145,140,1,4966,19142,10
medcarta,cz,2,False,channel,ru,ru,1.0,74,54,53,7,1463,16636,12
medcelox,cz,2,False,empty,unknown,unknown,0.0,0,0,0,0,,1,
media2rise,cz,2,False,channel,en,en,1.0,6,5,5,0,19907,6628,23
mediastan,cz,2,False,channel,ru,ru,0.994,101,87,87,5,511,1960,7
meerzonaa,cz,2,False,channel,ru,ru,1.0,6765,5270,5269,2,245,2715,20
melkonian_sergei,cz,2,False,channel,ru,ru,1.0,4,4,4,1,6644,2573,6
melnikovone,cz,2,False,channel,ru,ru,1.0,29,24,22,5,6374,1614,21
merciless_russia,cz,2,False,channel,ru,ru,0.997,246,136,136,31,871,3334,9
meriblood,cz,2,False,channel,en,en,1.0,134,131,131,10,1504,7160,20
metropoles,cz,2,False,empty,unknown,unknown,0.0,0,0,0,0,,14348,
mfairan,cz,2,False,channel,fa,fa,1.0,353,255,238,2,887,10348,9
mger71,cz,2,False,channel,ru,ru,1.0,54,14,14,4,84,144,18
middle_east_wars_and_politics,cz,2,False,channel,ru,ru,0.992,70,61,58,23,193,1166,17
middleastguide,cz,2,False,channel,ru,ru,1.0,3,3,3,1,2837,1699,10
mideastr,cz,2,False,channel,ru,ru,0.994,83,83,83,17,2693,21319,7
midwest_intel,cz,2,False,channel,en,en,0.992,951,835,802,917,109,1266,19
mig_info,cz,2,False,channel,ru,ru,0.989,744,697,693,167,1197,5547,8
mig_mirovozrenie,cz,2,False,channel,ru,ru,1.0,5,5,3,0,36989,7749,7
migdalsergei,cz,2,False,channel,ru,ru,0.997,631,444,441,275,1038,26427,23
mihnovosti,cz,2,False,channel,ru,ru,1.0,442,232,228,49,6486,11639,5
mikhailmavashi,cz,2,False,channel,ru,ru,0.991,86,80,74,0,126535,241788,5
mikle1on,cz,1,False,channel,ru,ru,1.0,1055,943,845,395,316908,494758,12
mil_med,cz,2,False,channel,ru,ru,0.99,77,29,29,0,5865,19736,17
milhelipilot,cz,2,False,empty,unknown,unknown,0.0,0,0,0,0,,2362,
militantwire,cz,2,False,channel,en,en,0.986,22,22,22,1,3545,5480,17
militaryreview,cz,2,False,empty,unknown,unknown,0.0,0,0,0,0,,3974,
millnews,cz,2,False,channel,ru,ru,1.0,761,761,761,0,1773,6963,9
millnr,cz,2,False,channel,ar,ar,0.985,72,68,43,0,105,61,20
minakhachatryan,cz,2,False,group,ru,ru,0.988,14574,14312,13774,1513,1797,726,22
minenergo_by,cz,2,False,channel,ru,ru,1.0,36,29,28,4,6911,6845,15
mininform,cz,2,False,channel,ru,ru,0.985,73,50,50,0,1376,4693,11
minkultchr,cz,2,False,channel,ru,ru,0.993,42,42,22,0,1005,2020,11
minre_ua,cz,2,False,empty,unknown,unknown,0.0,0,0,0,0,,218,
minstroyrf,cz,2,False,channel,ru,ru,1.0,254,124,122,3,5222,51615,9
mintsyfra,cz,2,False,channel,uk,uk,1.0,90,71,71,4,16058,38545,14
minzdrav63region,cz,2,False,channel,ru,ru,1.0,342,153,152,91,894,8062,7
minzdravbelarus,cz,2,False,channel,ru,ru,1.0,459,163,161,271,6840,30986,14
mir24tv,cz,2,False,channel,ru,ru,1.0,685,635,626,0,2774,13235,6
mir_zagovor,cz,2,False,channel,ru,ru,1.0,2,2,1,0,12363,429,9
mirniyblog,cz,2,False,channel,ru,ru,1.0,406,326,318,225,186,193,11
mirnyie,cz,2,False,channel,ru,ru,1.0,18,17,17,0,5530,3658,7
mironovonline,cz,2,False,channel,ru,ru,1.0,277,226,224,32,17272,125146,13
miroslavcimo,cz,2,False,channel,sk,sk,0.996,155,139,129,48,1820,3332,11
mirvmomente,cz,2,False,channel,ru,ru,0.997,795,704,696,8,14363,73420,19
misha_na_grani,cz,2,False,channel,ru,ru,1.0,42,40,40,3,603,596,14
missilesnukes,cz,2,False,channel,en,en,0.977,686,414,401,134,3054,10594,19
mitrich_one,cz,2,False,channel,ru,ru,1.0,24,24,24,0,763,406,20
mk_ru,cz,2,False,channel,ru,ru,1.0,2156,2069,2046,18,11375,62457,10
mkhusnullin,cz,2,False,channel,ru,ru,1.0,101,47,47,3,19575,216616,17
mkill_pmr,cz,2,False,empty,unknown,unknown,0.0,0,0,0,0,,8,
mmaskseti,cz,2,False,channel,unknown,unknown,0.0,2,2,0,0,,,4
mneniepetrova,cz,2,False,channel,ru,ru,1.0,607,559,545,318,211,982,4
mnogonazi,cz,2,False,empty,unknown,unknown,0.0,0,0,0,0,,412034,
mobilizationnews,cz,2,False,channel,ru,ru,1.0,1420,1038,1035,0,43401,127793,10
mod_russia_en,cz,2,False,channel,en,en,1.0,361,333,332,0,19915,96169,12
modmilby,cz,2,False,channel,ru,ru,1.0,852,266,266,49,8593,35614,11
moldovapolitics,cz,2,False,channel,ru,ru,1.0,428,394,381,136,1636,5345,9
moneristas,cz,2,False,channel,pt,pt,1.0,13,13,12,1,408,156,3
morskaya_pehota_russia,cz,2,False,channel,ru,ru,0.997,2044,1624,1551,784,342,8536,14
moscow_on_air,cz,2,False,channel,ru,ru,0.988,645,515,515,84,5958,71711,15
moscowbroadcasts,cz,2,False,empty,unknown,unknown,0.0,0,0,0,0,,2,
moscowtopafisha,cz,2,False,channel,ru,ru,0.994,228,92,80,8,15743,66133,15
mospinogorod,cz,2,False,group,ru,ru,1.0,708,678,178,14,8535,6936,15
mpshow,cz,2,False,channel,ru,ru,1.0,497,387,375,17,754,1822,17
mriya24,cz,2,False,channel,ru,ru,0.997,2985,2564,2364,68,54108,98692,7
mriya24_bot,cz,2,False,empty,unknown,unknown,0.0,0,0,0,0,,,
mrx_info_bot,cz,2,False,empty,unknown,unknown,0.0,0,0,0,0,,,
mst_gov_by,cz,2,False,channel,ru,ru,1.0,391,245,234,78,621,5457,9
mtv36,cz,2,False,channel,ru,ru,1.0,856,661,649,7,14093,184831,8
murad_gazdiev,cz,2,False,channel,en,en,1.0,2,1,1,0,38119,8002,12
museumofvsu,cz,2,False,channel,ru,ru,0.934,2212,1501,1496,1653,126,9204,5
mycroftintel,cz,2,False,channel,ru,ru,1.0,9,9,8,0,15318,21353,10
mydrawingdiary,cz,2,False,channel,ru,ru,1.0,19,18,18,1,59483,17100,11
mylandbelarus,cz,2,False,channel,ru,ru,0.997,2485,1550,1497,1641,350,2273,18
mysly,cz,2,False,channel,ru,ru,1.0,171,141,141,21,23501,168190,17
nabat_rus,cz,2,False,channel,ru,ru,1.0,144,128,128,91,5327,11984,19
nach_patr,cz,2,False,empty,unknown,unknown,0.0,0,0,0,0,,,
namarshe,cz,2,False,channel,ru,ru,0.994,760,529,495,189,45442,57839,6
narodnapatrola,cz,2,False,channel,mk,mk,0.997,67,56,54,5,6937,11352,18
narotchnitskaya,cz,2,False,channel,ru,ru,1.0,95,81,81,73,3812,6373,12
nash_prezident_putin,cz,2,False,channel,ru,ru,0.997,7300,6838,6768,1,2676,12502,19
nashazemla,cz,2,False,channel,ru,ru,1.0,973,777,776,444,1860,10718,12
naspravdiinfo,cz,2,False,channel,ru,ru,1.0,1296,1049,1023,376,6909,35218,12
nastyadnr,cz,2,False,empty,unknown,unknown,0.0,0,0,0,0,,27,
natalia_maximus_zov,cz,2,False,channel,ru,ru,0.979,1430,1136,1107,1197,1213,8877,16
national_geogr,cz,2,False,empty,unknown,unknown,0.0,0,0,0,0,,1025,
nationaldef,cz,2,False,empty,unknown,unknown,0.0,0,0,0,0,,116491,
ndp_pl,cz,2,False,channel,pl,pl,1.0,1320,1210,1208,0,1984,10768,9
ne_zabivai,cz,2,False,channel,ru,ru,1.0,337,295,295,12,1540,1369,9
nebrigada,cz,2,False,channel,ru,ru,1.0,153,139,133,45,41818,61996,13
nefte_baza,cz,2,False,channel,ru,ru,1.0,99,97,97,9,6026,36100,9
neohota,cz,2,False,channel,ru,ru,1.0,277,55,55,31,5288,49043,12
neolginskie,cz,2,False,channel,ru,ru,0.997,479,422,399,92,4134,11832,15
neopessimizm,cz,2,False,channel,ru,ru,1.0,76,67,67,34,57,74,9
nerzhavey,cz,2,False,channel,ru,ru,1.0,69,69,69,4,8394,28434,10
nescit_occasum,cz,2,False,channel,ru,ru,1.0,16,15,5,1,1910,530,15
netlenkanet,cz,2,False,channel,ru,ru,1.0,678,657,656,390,1687,11097,10
nettingmsk,cz,2,False,group,ru,ru,0.994,16013,15552,13040,502,6502,3521,19
news_1tv,cz,2,False,channel,ru,ru,1.0,665,657,653,1,12685,90522,6
news_engineering,cz,2,False,channel,ru,ru,1.0,199,191,191,20,3191,26068,12
news_lv,cz,2,False,channel,ru,ru,1.0,1356,1117,1117,6,1639,10553,11
nextamail_bot,cz,2,False,empty,unknown,unknown,0.0,0,0,0,0,,,
nezastudiya,cz,2,False,empty,unknown,unknown,0.0,0,0,0,0,,46,
ngp_razvedka_bot,cz,2,False,empty,unknown,unknown,0.0,0,0,0,0,,,
nicolasmaduromoros,cz,2,False,channel,es,es,1.0,399,302,383,0,5932,101262,1
nicosint,cz,2,False,channel,en,en,0.994,1535,1306,1260,1259,156,2021,23
nieuwshoorn,cz,2,False,channel,nl,nl,0.966,531,491,457,129,217,4023,6
nikitavasiliev,cz,2,False,channel,ru,ru,1.0,203,153,150,34,401,644,5
nikolasferreira,cz,2,False,channel,pt,pt,0.995,53,53,41,0,170753,199019,22
nikolaymalinov,cz,2,False,empty,unknown,unknown,0.0,0,0,0,0,,22,
ninavatt90,cz,2,False,channel,ru,ru,0.991,1488,1340,1311,117,20903,82823,16
nixjeelvy,cz,2,False,channel,en,en,0.996,205,191,174,115,400,1867,13
nizhniytop,cz,2,False,channel,ru,ru,0.988,597,405,404,0,10089,47964,10
nmakeevaz,cz,2,False,channel,ru,ru,1.0,102,87,85,42,210,670,17
nmdnr_bot,cz,2,False,empty,unknown,unknown,0.0,0,0,0,0,,,
no_one_is_forgotten,cz,2,False,channel,en,en,1.0,1125,1011,975,541,1213,3942,13
node_of_time_de,cz,2,False,channel,de,de,1.0,613,423,423,31,6164,39786,6
node_of_time_rus,cz,2,False,channel,ru,ru,1.0,559,450,448,131,92,195,20
nofriendsbutmountain,cz,2,False,channel,ru,ru,1.0,17,15,14,0,177,729,16
nonmason,cz,2,False,channel,ru,ru,1.0,16,16,16,1,1128,196,10
norbekov,cz,2,False,empty,unknown,unknown,0.0,0,0,0,0,,,
noticiasdesderusia,cz,2,False,channel,es,es,1.0,367,299,293,14,444,1490,17
noticiaseguerras,cz,2,False,channel,pt,pt,1.0,813,774,774,0,3009,13193,10
novajaukraina,cz,2,False,channel,ru,ru,0.997,409,382,381,0,12498,16312,10
novinibg,cz,2,False,channel,bg,bg,0.994,89,88,76,0,371,1175,10
novoeizdanie,cz,2,False,channel,ru,ru,1.0,3611,2959,2958,0,85113,194562,13
novosibtop,cz,2,False,channel,ru,ru,0.994,385,261,261,2,16128,62492,7
novosti_voinaa,cz,2,False,empty,unknown,unknown,0.0,0,0,0,0,,1488,
novostiarmenia,cz,2,False,channel,ru,ru,1.0,689,664,662,55,1155,16506,9
novostipiramida,cz,2,False,channel,ru,ru,1.0,114,112,111,3,453,1002,3
nowmelitopol,cz,2,False,channel,ru,ru,1.0,470,360,358,67,13226,30497,11
nsc131official,cz,2,False,channel,en,en,1.0,11,8,8,2,12848,4597,0
nsdelzap1,cz,2,False,channel,ru,ru,1.0,2397,1382,1379,212,8389,55902,16
nsdvdnepre,cz,2,False,channel,ru,ru,0.989,206,185,185,7,7446,27367,6
nsdvdonetske,cz,2,False,channel,ru,ru,1.0,1829,1317,1313,239,5285,21278,8
nsdvluganske,cz,2,False,channel,ru,ru,1.0,1684,1206,1203,188,165,11488,14
nsdvnikolaeve,cz,2,False,channel,ru,ru,0.985,232,198,198,42,3785,17046,18
nullusnews,cz,2,False,empty,unknown,unknown,0.0,0,0,0,0,,227,
o_arestovich_official,cz,2,False,channel,ru,ru,1.0,131,118,97,0,355905,249686,9
o_brd,cz,2,False,channel,ru,ru,1.0,234,146,146,51,12270,24956,15
o_kuchera,cz,2,False,empty,unknown,unknown,0.0,0,0,0,0,,203,
observeragentz,cz,2,False,channel,ru,ru,0.984,65,55,47,0,1697,2887,18
obshina_ru,cz,2,False,channel,ru,ru,1.0,406,294,280,23,4031,600521,18
octgnews,cz,2,False,channel,ru,ru,1.0,2815,2640,2629,25,1838,3928,11
oddr_info,cz,2,False,channel,ru,ru,1.0,919,505,504,124,5771,8806,14
oddr_news,cz,2,False,channel,unknown,ru,0.0,595,491,488,594,939,2371,19
odessa_typical,cz,2,False,channel,ru,ru,0.997,1292,972,897,19,66948,253222,7
odna_rodyna,cz,2,False,empty,unknown,unknown,0.0,0,0,0,0,,568,
officersunion,cz,2,False,channel,ru,ru,1.0,20,14,14,2,8918,10875,8
oghb_108,cz,2,False,channel,uk,uk,1.0,10,10,7,1,26926,11190,5
ogneborets_spb,cz,2,False,channel,ru,ru,0.99,63,63,62,14,31336,11864,15
ogshb_109,cz,2,False,channel,uk,uk,1.0,41,39,32,0,4316,4543,8
ok_pivnich1,cz,2,False,channel,uk,uk,1.0,62,62,62,1,6771,10063,11
oldgb,cz,2,False,empty,unknown,unknown,0.0,0,0,0,0,,5,
oldhellboy,cz,2,False,channel,ru,ru,1.0,131,110,109,37,75448,107118,15
oldpecheneg,cz,2,False,empty,unknown,unknown,0.0,0,0,0,0,,,
oleglurie,cz,2,False,channel,ru,ru,0.997,304,238,228,138,4828,13198,7
oleksiihoncharenko,cz,2,False,channel,uk,uk,0.994,989,911,892,39,75392,214072,8
ombr66,cz,2,False,empty,unknown,unknown,0.0,0,0,0,0,,7334,
ombr72,cz,2,False,channel,uk,uk,1.0,38,21,21,0,11169,14926,9
omonmoscow,cz,2,False,channel,ru,ru,1.0,106,54,54,100,2825,9504,16
omsktop1,cz,2,False,channel,ru,ru,0.991,290,258,256,0,14009,43651,13
onishchenko001,cz,2,False,channel,ru,ru,0.992,2056,1800,1765,164,8386,53682,6
online_dnr_sckk,cz,2,False,channel,ru,ru,1.0,721,721,721,0,61957,26606,8
ontnews,cz,2,False,channel,ru,ru,1.0,2760,2490,2490,82,2619,29610,8
ooxenich,cz,2,False,channel,ru,ru,1.0,83,71,71,0,2483,4746,11
opennewss,cz,2,False,channel,ru,ru,0.991,744,651,643,384,1735,7885,9
operation_z_feedback_bot,cz,2,False,empty,unknown,unknown,0.0,0,0,0,0,,,
operativechat,cz,2,False,group,uk,uk,0.988,3915,3883,3785,231,30590,285,8
operativnozsu,cz,2,False,channel,uk,uk,1.0,7907,5390,5383,213,101286,372177,10
ophiucu,cz,2,False,channel,es,es,1.0,2024,1325,1306,112,891,33888,14
optimisticus007,cz,2,False,channel,ru,ru,0.991,39,37,36,3,22719,24841,6
oraclefilms,cz,2,False,channel,en,en,0.995,102,78,72,71,6032,21838,18
orangepills4,cz,2,False,channel,en,en,1.0,3,3,3,0,1544,228,17
orda_mordora,cz,2,False,channel,ru,ru,1.0,204,133,129,0,106159,165407,11
orthodoxsergio,cz,2,False,empty,unknown,unknown,0.0,0,0,0,0,,164,
osintgeorgia,cz,2,False,channel,ru,ru,1.0,754,272,263,289,2320,4632,6
ostcapital,cz,2,False,empty,unknown,unknown,0.0,0,0,0,0,,23,
otvinta_by,cz,2,False,channel,ru,ru,1.0,12,11,11,0,5287,4986,9
ovchapriest,cz,2,False,channel,ru,ru,1.0,66,58,57,20,3216,12140,7
overtons_gate,cz,2,False,channel,ru,ru,1.0,4,4,2,0,31272,11851,6
p2privacy_canal,cz,2,False,channel,pt,pt,1.0,1,1,1,0,2229,210,2
pakistanarmoury,cz,2,False,channel,en,en,1.0,29,26,24,0,701,2024,20
palestinedeclassified,cz,2,False,channel,en,en,1.0,50,50,50,1,1426,5232,14
palestineresist,cz,2,False,empty,unknown,unknown,0.0,0,0,0,0,,121427,
panzwaffle,cz,2,False,channel,ru,ru,1.0,23,20,20,0,13625,17017,9
parabellumstoria,cz,2,False,channel,it,it,0.979,31,31,17,0,4278,4927,16
paragnomen,cz,2,False,channel,ru,ru,1.0,31,24,24,1,5072,14254,17
parstodayru,cz,2,False,empty,unknown,unknown,0.0,0,0,0,0,,,
parstodayrussianchat,cz,2,False,group,ru,ru,0.988,7605,6964,6832,2844,1033,395,19
patriot_russiaa,cz,2,False,channel,ru,ru,0.997,1022,782,779,0,402,2542,14
patriotfrontpromat,cz,2,False,channel,en,en,1.0,519,67,66,0,291,3427,19
patriotfrontsightings,cz,2,False,channel,en,en,1.0,45,41,41,0,1127,5868,17
patriotfrontupdates,cz,2,False,channel,en,en,1.0,322,90,89,53,3517,14630,19
patriotsonlywesternconservative,cz,2,False,channel,en,en,0.986,1948,1790,1505,897,1080,6482,13
paulserranchannel,cz,2,False,empty,unknown,unknown,0.0,0,0,0,0,,4,
pavelostrovski,cz,2,False,channel,ru,ru,1.0,299,252,212,62,63889,233627,8
pavlova_maria_live,cz,2,False,channel,ru,ru,1.0,1315,1078,1058,166,5499,10611,10
peach_blossombazi,cz,1,False,channel,ru,ru,0.991,514,485,485,70,19364,66075,16
pececc,cz,2,False,channel,ru,ru,0.994,1005,889,742,270,521,5811,12
pen_alex,cz,2,False,empty,unknown,unknown,0.0,0,0,0,0,,,
pepematter,cz,2,False,channel,en,en,0.997,438,428,425,23,67963,154790,17
pereklitchka,cz,2,False,channel,ru,ru,0.982,55,45,42,42,96,198,14
permjtop,cz,2,False,channel,ru,ru,1.0,391,290,290,0,10264,49735,4
persianexpress,cz,2,False,channel,ru,ru,0.994,109,84,83,15,1191,2737,9
petrovich_forever,cz,2,False,empty,unknown,unknown,0.0,0,0,0,0,,742,
petrusv82,cz,2,False,channel,ru,ru,1.0,126,101,101,7,8266,8680,10
petya_perviy,cz,2,False,channel,ru,ru,0.991,2463,1981,1936,6,56627,235677,8
philologist_zov,cz,2,False,channel,ru,ru,1.0,29,29,29,0,6402,60195,17
philosonya,cz,2,False,channel,ru,ru,0.985,64,44,43,25,530,464,16
pilainfo,cz,2,False,channel,ru,ru,1.0,349,288,284,97,1399,4442,17
pinochet_echo,cz,2,False,channel,ru,ru,0.989,92,70,69,42,883,1402,19
pisaninna,cz,2,False,channel,ru,ru,0.991,581,548,538,154,111,728,15
piskorski,cz,2,False,channel,pl,ru,1.0,36,34,34,1,1272,1228,12
piterlive_vs,cz,2,False,channel,ru,ru,1.0,225,191,186,185,332,1069,12
planalto_central,cz,2,False,channel,ru,ru,1.0,44,43,41,8,222,764,18
plandemik1984,cz,2,False,channel,en,en,0.97,257,255,246,40,944,5355,0
platonova153,cz,2,False,channel,ru,ru,1.0,294,235,183,229,298,1267,14
plnpskov,cz,2,False,channel,ru,ru,1.0,987,807,789,190,2403,20791,7
pmcum,cz,2,False,channel,ru,ru,1.0,64,56,51,14,7997,3930,23
pnv_dozor_bot,cz,2,False,empty,unknown,unknown,0.0,0,0,0,0,,,
pobeda75,cz,2,False,channel,ru,ru,1.0,272,260,251,0,969,8647,11
poder360,cz,2,False,channel,pt,pt,0.992,605,605,605,0,969,12621,16
podled,cz,2,False,channel,ru,ru,0.988,193,176,171,0,11142,33653,15
pointnews,cz,2,False,channel,ru,ru,1.0,1290,1131,1130,0,8280,59467,9
pokrov_zov_omsk,cz,2,False,group,ru,ru,0.984,1174,1158,834,43,24342,366,13
police_frequency,cz,2,False,channel,en,en,1.0,2094,1905,1880,112,9050,71787,16
polikotiki,cz,2,False,channel,ru,ru,0.994,50,49,48,0,16015,3395,5
politakula,cz,2,False,channel,ru,ru,0.981,93,82,82,6,914,938,10
politavr1,cz,2,False,empty,unknown,unknown,0.0,0,0,0,0,,26,
politchan,cz,2,False,channel,ru,ru,0.989,35,35,35,1,2775,739,21
politkremlin,cz,2,False,channel,ru,ru,1.0,762,734,734,50,43225,189844,12
politoborzel,cz,2,False,channel,ru,ru,1.0,7,6,5,0,1443,1259,10
politsanit,cz,2,False,channel,ru,ru,0.994,635,453,421,20,1036,3134,6
politwera,cz,2,False,channel,ru,ru,1.0,3378,3054,2906,847,4869,19458,15
polk123dnr,cz,2,False,channel,ru,ru,1.0,4,4,4,1,6541,534,9
polliusenko058,cz,2,False,empty,unknown,unknown,0.0,0,0,0,0,,8,
polskirezident,cz,2,False,channel,ru,ru,0.996,50,39,39,5,501,869,18
ponomarb1,cz,2,False,channel,ru,ru,1.0,1078,875,861,328,82411,131167,17
positionrus,cz,2,False,channel,ru,ru,1.0,579,555,554,1,1752,3967,14
positive_bulgaria,cz,2,False,channel,bg,bg,1.0,170,170,170,6,352,769,17
posobia_lgoti,cz,2,False,channel,ru,ru,1.0,61,61,61,0,38807,41486,17
posobiya,cz,2,False,group,ru,ru,0.991,21209,20980,18697,208,318,812,10
postamerica,cz,2,False,channel,ru,ru,1.0,8,8,8,0,10285,10064,13
pozirkonline,cz,2,False,channel,ru,ru,0.956,674,590,590,0,1384,2772,17
pozitivniy_batushka,cz,2,False,empty,unknown,unknown,0.0,0,0,0,0,,720,
pozovyserdca,cz,2,False,channel,ru,ru,0.997,695,590,588,120,109,1215,18
pprvo,cz,2,False,channel,bg,ru,0.979,1261,1129,1088,1132,27,184,16
prankota_ch,cz,2,False,channel,ru,uk,1.0,493,364,345,268,31840,86126,6
prankshow_bot,cz,2,False,empty,unknown,unknown,0.0,0,0,0,0,,,
pravda_oborona,cz,2,False,channel,ru,ru,1.0,96,83,65,1,1484,2646,7
pravdavzdyvitazi,cz,2,False,channel,sk,sk,1.0,814,590,582,709,1347,10166,16
pravdivaya_pravda,cz,2,False,channel,ru,ru,1.0,618,616,614,2,6857,9100,5
pravdivy_nikolaev,cz,2,False,channel,ru,ru,0.993,1163,1007,1003,0,11674,25801,9
prchand,cz,2,False,channel,ru,ru,1.0,286,211,207,13,24267,84708,5
predlozkabuobot,cz,2,False,empty,unknown,unknown,0.0,0,0,0,0,,,
premni,cz,2,False,channel,ru,ru,1.0,137,93,92,9,9519,30634,7
president_sovet,cz,2,False,channel,ru,ru,0.994,83,71,69,0,1564,8284,7
pressmvd,cz,2,False,channel,ru,ru,1.0,306,131,131,28,14021,68678,13
presstvprograms,cz,2,False,channel,en,en,1.0,163,163,163,0,104,3263,20
prestv,cz,2,False,empty,unknown,unknown,0.0,0,0,0,0,,203,
prigozhin,cz,2,False,empty,unknown,unknown,0.0,0,0,0,0,,,
prikhodko1970,cz,2,False,channel,ru,ru,1.0,233,148,146,1,86945,143838,5
primakov_center,cz,2,False,channel,ru,ru,1.0,3,3,3,0,3020,2656,7
primavigilia,cz,2,False,channel,en,en,0.983,352,346,342,12,602,878,11
privatnamemarnya,cz,2,False,channel,uk,uk,0.993,2149,1674,1662,178,43838,116959,14
prognozyvk,cz,2,False,channel,ru,ru,1.0,115,115,114,35,10443,15004,8
prokhorov11,cz,2,False,channel,ru,ru,1.0,345,183,181,72,6270,8747,11
prokuraturabelarus,cz,2,False,channel,ru,ru,1.0,107,90,90,10,2572,10437,9
proletarsky_dnr,cz,2,False,group,ru,ru,0.994,2844,2816,1616,29,45643,9106,15
prot_a_novikov,cz,2,False,channel,ru,ru,1.0,34,27,27,22,2178,2521,19
proud_poland,cz,2,False,channel,en,en,1.0,6,6,6,2,1806,809,13
proudboysuncensored,cz,2,False,channel,en,en,0.986,27,25,24,17,1819,988,14
prov_people,cz,2,False,channel,ru,ru,0.991,335,152,123,55,299,511,9
puerrtto,cz,2,False,channel,ru,ru,1.0,44,40,39,0,2679,5049,8
pul_1,cz,2,False,channel,ru,ru,0.989,233,165,165,22,97930,249475,7
pul_nomer_3,cz,2,False,channel,ru,ru,1.0,17110,16245,16154,7,486,4856,7
pureheartcrimea,cz,2,False,channel,ru,ru,1.0,285,179,170,14,626,787,11
putin_life,cz,2,False,channel,ru,ru,1.0,296,262,262,37,6246,26681,10
putingers_cat,cz,2,False,channel,en,en,0.984,545,482,452,229,1119,11718,15
putnik1lv,cz,2,False,channel,ru,ru,1.0,231,209,209,55,9930,42587,18
pvo_vks,cz,2,False,channel,ru,ru,1.0,277,271,271,43,2590,13403,5
pvsgns,cz,2,False,channel,ru,ru,1.0,117,104,96,89,11077,27644,18
pvzakharov,cz,2,False,channel,ru,ru,1.0,9,9,9,1,695,1996,8
pyatnashka_abkhazi,cz,2,False,channel,ru,ru,1.0,75,59,57,60,9172,14472,17
qtimenetwork,cz,1,False,channel,en,en,1.0,154,143,138,84,8821,30783,18
quadro_news,cz,2,False,channel,ru,ru,1.0,61,50,49,4,2126,5295,7
qvintaaetas,cz,2,False,channel,en,en,0.986,651,565,557,394,217,3212,13
r3mediaro,cz,2,False,channel,ro,ro,1.0,350,347,333,51,944,3546,9
r_antonov,cz,2,False,channel,ru,ru,1.0,62,58,57,20,1863,3270,10
r_delo2022,cz,2,False,channel,ru,ru,1.0,7,7,7,1,2878,672,6
r_diplomat,cz,2,False,channel,ru,ru,0.828,309,233,230,31,164,20379,11
rabotaembrat,cz,2,False,channel,ru,ru,1.0,189,181,180,19,8387,15799,4
radio_lettersbot,cz,2,False,empty,unknown,unknown,0.0,0,0,0,0,,,
radiocrimea,cz,2,False,channel,ru,ru,1.0,493,402,397,37,2166,6251,8
radiokp,cz,2,False,channel,ru,ru,0.989,459,437,337,20,2371,25281,13
radlekukh,cz,2,False,channel,ru,ru,0.994,337,329,328,105,4830,15163,9
ragulinho,cz,2,False,empty,unknown,unknown,0.0,0,0,0,0,,139,
rakshademography,cz,2,False,channel,ru,ru,1.0,54,50,47,25,8039,32039,13
rat1uzivo,cz,2,False,channel,mk,mk,1.0,171,122,122,10,4805,21778,8
ratnenovosti,cz,2,False,channel,mk,mk,1.0,126,107,102,0,9065,12647,20
razshirena_realnost,cz,2,False,channel,bg,bg,1.0,157,143,143,56,409,2060,10
reactiv_dnr,cz,2,False,channel,ru,ru,1.0,228,188,187,89,1118,1481,8
reactivdnr_bot,cz,2,False,empty,unknown,unknown,0.0,0,0,0,0,,,
reactnieuws,cz,2,False,channel,nl,nl,0.955,13,13,13,0,391,361,7
read_glava,cz,2,False,empty,unknown,unknown,0.0,0,0,0,0,,32,
read_kostylev,cz,2,False,channel,ru,ru,0.961,65,49,47,49,4209,33535,12
readovka,cz,2,False,empty,unknown,unknown,0.0,0,0,0,0,,725,
realdonaldtrump,cz,2,False,channel,en,en,0.997,80,80,76,0,1766,16667,0
realgenflynn,cz,2,False,channel,en,en,1.0,41,40,39,3,116086,155426,13
realkarlibonne,cz,2,False,channel,en,en,0.967,5957,5915,3903,710,23593,190518,16
reartsakh,cz,2,False,channel,ru,ru,1.0,260,250,250,56,18208,46026,13
redcourrier,cz,2,False,channel,ru,ru,1.0,27,26,25,0,2620,3839,19
reddoorreports,cz,2,False,channel,en,en,0.989,161,160,150,8,386,1595,5
redicetv,cz,2,False,channel,en,en,1.0,361,289,245,89,5047,15320,7
redmanlife,cz,2,False,channel,ru,ru,0.98,11,10,10,0,8570,3065,12
redparfenov,cz,2,False,channel,ru,ru,1.0,68,51,50,38,586,3425,10
redpillpharmacist,cz,2,False,empty,unknown,unknown,0.0,0,0,0,0,,84,
regdurdom,cz,2,False,channel,ru,ru,0.986,294,260,260,76,13676,100796,10
regnum_na,cz,2,False,channel,ru,ru,1.0,1990,1888,1875,635,7706,69167,10
reinerfuellmichenglish,cz,1,False,channel,en,en,0.98,32,32,30,22,52066,87154,16
remarkidiletanta,cz,2,False,channel,ru,ru,0.984,378,368,357,45,726,1340,20
reporterrubot,cz,2,False,empty,unknown,unknown,0.0,0,0,0,0,,,
republicpress,cz,2,False,channel,en,en,1.0,275,266,266,4,737,2942,12
retardsoftiktok,cz,2,False,channel,en,en,0.973,811,693,690,0,7378,16769,23
rewortbrewery,cz,2,False,channel,ru,ru,1.0,9,7,7,1,888,3580,7
rgrunews,cz,1,False,empty,unknown,unknown,0.0,0,0,0,0,,129524,
ria_realty,cz,2,False,channel,ru,ru,1.0,139,137,137,2,6779,56276,12
riakatysha,cz,2,False,channel,ru,ru,0.991,525,494,466,241,11556,75698,9
riakremlinpool,cz,2,False,channel,ru,ru,1.0,175,166,164,0,31931,68626,9
rianovostiamerica,cz,2,False,channel,ru,ru,0.991,234,219,219,0,19256,87079,18
riaphoto,cz,2,False,channel,ru,ru,1.0,502,99,99,0,236,638,14
rightcourse,cz,2,False,channel,ru,ru,1.0,1274,883,858,1262,864,6763,10
riseofelectro,cz,2,False,channel,ru,ru,1.0,70,70,70,6,5434,27170,10
robert_magyar,cz,2,False,channel,uk,uk,1.0,86,80,80,0,252129,576670,21
robinmg,cz,2,False,channel,en,en,1.0,524,496,460,179,15078,69824,22
rocknrollgeopolitics,cz,2,False,channel,en,en,0.983,169,166,143,48,16536,66923,12
rodinadoch777,cz,2,False,empty,unknown,unknown,0.0,0,0,0,0,,,
rodinaru,cz,2,False,empty,unknown,unknown,0.0,0,0,0,0,,10,
rogers_kitchen,cz,2,False,channel,ru,ru,0.991,371,353,350,63,21410,50291,14
rogozin_alexey,cz,2,False,channel,ru,ru,1.0,51,37,37,16,8755,17847,6
romagolovanov,cz,2,False,channel,ru,ru,1.0,264,214,212,93,16232,94225,16
romanenko_dns,cz,2,False,channel,ru,ru,0.991,581,552,529,115,22907,54488,21
romaniagram,cz,2,False,empty,unknown,unknown,0.0,0,0,0,0,,3,
romanrazum,cz,2,False,empty,unknown,unknown,0.0,0,0,0,0,,,
romanromachev,cz,2,False,channel,ru,ru,1.0,41,35,33,7,2080,5648,10
romantroshinnl,cz,2,False,channel,ru,ru,1.0,9,8,7,1,847,6351,8
roscosmos_gk,cz,2,False,channel,ru,ru,1.0,230,137,137,41,9212,120121,7
rosecitync,cz,2,False,channel,en,en,1.0,15,12,11,10,1258,961,3
rosennachev,cz,2,False,channel,bg,bg,0.981,1443,1205,1202,993,82,1567,21
rosennachev_chat,cz,2,False,group,bg,bg,0.957,2835,2349,2147,1811,622,887,18
rosgvardia67,cz,2,False,empty,unknown,unknown,0.0,0,0,0,0,,125,
rosich_squad,cz,2,False,channel,ru,ru,1.0,9,8,8,1,82020,22421,13
rosmolodez,cz,2,False,channel,ru,ru,1.0,238,126,119,15,5736,85178,10
rossia_3,cz,2,False,channel,ru,ru,1.0,158,123,117,69,506,3051,8
rossiyaneevropa,cz,2,False,channel,ru,ru,1.0,616,587,578,298,1332,12111,14
rosskandal,cz,2,False,channel,ru,ru,1.0,382,293,293,162,16566,124056,6
rossotrudnichestvo,cz,2,False,channel,ru,ru,1.0,241,159,152,75,2523,23326,11
rostmeo,cz,2,False,channel,ru,ru,0.997,116,116,94,3,1704,20667,19
rqnst,cz,2,False,channel,ru,ru,1.0,12,12,12,5,1426,2784,18
rsgovarmenia,cz,2,False,channel,ru,ru,1.0,234,108,107,52,511,3829,8
rsotmvideo,cz,2,False,channel,ru,ru,1.0,41,41,40,0,34378,94581,17
rtarabictelegram,cz,2,False,empty,unknown,unknown,0.0,0,0,0,0,,186668,
rtatarskogo,cz,2,False,channel,ru,ru,1.0,4,4,4,1,46139,8870,7
rtbalkan,cz,2,False,empty,unknown,unknown,0.0,0,0,0,0,,16631,
rtdru,cz,2,False,empty,unknown,unknown,0.0,0,0,0,0,,289,
rtlatam,cz,2,False,empty,unknown,unknown,0.0,0,0,0,0,,38376,
rttv_sport,cz,2,False,empty,unknown,unknown,0.0,0,0,0,0,,6014,
rtvideoses,cz,2,False,empty,unknown,unknown,0.0,0,0,0,0,,46617,
rubalkans,cz,2,False,channel,ru,ru,1.0,7,7,7,4,2196,1297,17
rubaltic,cz,2,False,channel,ru,ru,1.0,582,564,563,60,561,2757,14
rubej99_chat,cz,2,False,group,ru,ru,1.0,29466,28664,25438,4003,6087,475,12
rufront,cz,2,False,channel,ru,ru,0.997,287,262,260,7,3430,24144,7
rumblevideo,cz,2,False,empty,unknown,unknown,0.0,0,0,0,0,,9600,
rurezov,cz,2,False,channel,ru,ru,1.0,79,19,19,1,1250,116,15
rus_jansen,cz,2,False,channel,ru,ru,1.0,34,33,30,11,11617,12638,18
rusa_alena,cz,2,False,channel,es,es,0.992,172,146,145,42,3407,17382,3
rusarmywin,cz,2,False,channel,ru,ru,1.0,130,115,112,0,971,2696,6
rusbotwien_ru,cz,2,False,channel,ru,ru,1.0,34,24,23,10,649,1882,15
rusembau,cz,2,False,channel,ru,en,1.0,54,44,42,41,973,6650,3
rusempfoto,cz,2,False,channel,ru,ru,1.0,110,77,76,22,2373,15915,6
rusmonstr,cz,2,False,channel,ru,ru,1.0,1222,1041,1031,615,4124,12118,14
ruspetsnaz,cz,2,False,channel,ru,ru,1.0,56,56,30,11,6498,13827,17
ruspm39,cz,2,False,channel,ru,ru,1.0,289,270,267,188,315,1797,12
rusputnikmd,cz,2,False,empty,unknown,unknown,0.0,0,0,0,0,,14221,
rusrepmedia,cz,2,False,empty,unknown,unknown,0.0,0,0,0,0,,223,
russia24h,cz,2,False,channel,ru,ru,1.0,4257,3365,3309,381,18852,21240,7
russiaanews,cz,2,False,channel,ru,ru,1.0,721,668,650,187,1746,23482,6
russian_osint,cz,2,False,channel,ru,ru,1.0,81,81,79,15,10415,46775,11
russian_turkiye,cz,2,False,channel,ru,ru,1.0,740,586,579,40,3492,25994,11
russiancouncil,cz,2,False,channel,ru,ru,1.0,47,47,46,5,1574,10717,13
russiandollar,cz,2,False,channel,ru,ru,1.0,108,108,107,1,10045,7007,9
russianinuruguay,cz,2,False,group,ru,ru,0.988,3475,3399,3337,58,3837,3085,14
russianleaders,cz,2,False,channel,ru,ru,1.0,18,11,10,2,5869,18253,12
russianmirrors,cz,2,False,empty,unknown,unknown,0.0,0,0,0,0,,2262,
russiausa,cz,2,False,empty,unknown,unknown,0.0,0,0,0,0,,1,
russicaarena,cz,2,False,channel,ru,ru,1.0,531,507,507,1,7114,3328,19
russnasledie,cz,2,False,channel,ru,ru,0.991,995,871,852,768,1971,15686,7
russtrat,cz,1,False,channel,ru,ru,1.0,235,233,233,147,3022,108486,5
rusyerevantoday,cz,2,False,channel,ru,ru,0.997,1606,1439,1432,723,1307,8566,8
ruwawa,cz,2,False,channel,ru,ru,1.0,10,4,4,0,6095,523,16
ruwc1,cz,2,False,channel,ru,ru,1.0,35,7,4,1,3661,712,9
rybar_eng,cz,2,False,channel,en,en,1.0,113,104,59,0,5034,11192,7
rybhoz_channel,cz,2,False,channel,ru,ru,1.0,46,42,42,5,4873,26244,12
saintri0,cz,2,False,channel,ru,ru,0.981,27,26,25,1,274,458,9
sakhco,cz,2,False,channel,ru,ru,1.0,201,188,179,11,6589,16892,21
saldo_vga,cz,2,False,channel,ru,ru,1.0,69,64,64,3,36890,48437,10
saloboy,cz,2,False,empty,unknown,unknown,0.0,0,0,0,0,,,
salskiydvizh,cz,2,False,empty,unknown,unknown,0.0,0,0,0,0,,289,
samarawh,cz,2,False,channel,ru,ru,0.995,54,42,42,25,1222,1778,6
samartop,cz,2,False,channel,ru,ru,1.0,577,382,382,0,15367,63743,8
samnytt_se,cz,2,False,channel,sv,sv,1.0,85,85,85,0,312,579,17
sanya_florida,cz,1,False,channel,ru,ru,0.997,600,412,410,1,294637,919940,15
sapogi_vsmyatku,cz,2,False,channel,ru,ru,1.0,385,354,322,1,738,5226,14
sardaryanh,cz,2,False,channel,ru,ru,0.997,85,74,67,18,13468,49731,5
satellit_de,cz,2,False,channel,de,de,1.0,1281,1006,965,53,3644,61877,20
sava1313,cz,2,False,empty,unknown,unknown,0.0,0,0,0,0,,,
savelifeua,cz,2,False,channel,uk,uk,1.0,66,35,34,0,17707,25006,11
sbagdasarov,cz,2,False,channel,ru,ru,0.994,547,505,503,89,17251,48578,8
sbukr,cz,2,False,channel,uk,uk,1.0,341,116,116,0,140955,301116,7
seapower,cz,2,False,channel,ru,ru,0.99,42,36,36,26,5436,12982,17
semenovkirill,cz,2,False,channel,ru,ru,1.0,91,86,83,25,1332,8701,15
sendexclusive,cz,2,False,empty,unknown,unknown,0.0,0,0,0,0,,,
sendnewdesbot,cz,2,False,empty,unknown,unknown,0.0,0,0,0,0,,,
sepah_pasdaran_ru,cz,2,False,channel,ru,ru,1.0,218,196,195,0,1268,23346,6
serbia,cz,2,False,channel,ru,ru,0.997,491,419,411,19,2065,40820,17
sergiobrilev,cz,2,False,channel,ru,ru,1.0,139,133,129,22,1187,7287,17
sevenandmedia,cz,2,False,channel,ru,ru,1.0,176,156,150,47,1998,3985,7
sgtnewsnetwork,cz,1,False,channel,en,en,1.0,1490,1414,1408,20,16762,114086,20
shalnyak2,cz,2,False,empty,unknown,unknown,0.0,0,0,0,0,,,
shalnyakstore,cz,2,False,channel,ru,ru,0.945,20,14,14,0,24724,1995,10
shaman_channel,cz,2,False,channel,ru,ru,1.0,19,18,18,0,181746,127283,7
sharemed,cz,2,False,channel,ru,ru,1.0,300,237,236,3,23187,227831,11
shevchenkomax_1,cz,2,False,channel,ru,ru,1.0,125,123,118,34,30695,116156,19
shitandsable,cz,2,False,empty,unknown,unknown,0.0,0,0,0,0,,18482,
shmel_chik,cz,2,False,channel,ru,ru,1.0,421,381,381,8,649,94132,8
shockwaveradio,cz,2,False,channel,pt,pt,0.966,265,237,223,183,950,6384,0
shopares,cz,2,False,empty,unknown,unknown,0.0,0,0,0,0,,854,
shrodingers_cinema,cz,2,False,channel,ru,ru,0.967,499,222,219,6,1171,6298,15
shternproductuon,cz,2,False,channel,ru,ru,0.952,28,9,9,0,376,374,3
siberiancenter,cz,2,False,empty,unknown,unknown,0.0,0,0,0,0,,3,
sibrednek,cz,2,False,channel,ru,ru,1.0,139,132,130,0,5924,14995,11
signalman_diary,cz,2,False,channel,ru,ru,0.988,82,55,53,24,7175,20688,9
silavpravdetyt,cz,2,False,channel,ru,ru,0.989,1248,935,921,194,168,114,15
silentmemejority,cz,2,False,empty,unknown,unknown,0.0,0,0,0,0,,,
sitebulgari,cz,2,False,group,bg,bg,0.95,996,867,843,934,583,239,18
skabeeva,cz,2,False,channel,ru,ru,1.0,381,374,372,8,84996,221872,7
skarnauhov,cz,2,False,empty,unknown,unknown,0.0,0,0,0,0,,,
skeptik_21,cz,2,False,channel,ru,ru,0.997,164,145,145,0,31558,25714,13
skgovby,cz,2,False,channel,ru,ru,1.0,124,93,93,21,7568,29858,6
skubchenko,cz,2,False,channel,ru,ru,1.0,57,54,54,2,24797,21920,7
skurlatovlive,cz,2,False,channel,ru,ru,1.0,278,277,271,10,83859,1044062,8
slashbizchannel,cz,2,False,channel,en,en,0.996,1780,1648,1036,708,472,3519,13
slavaded1337,cz,2,False,channel,ru,ru,1.0,2552,2087,2073,2,99334,464314,19
slavrus126,cz,2,False,channel,ru,ru,1.0,182,164,153,35,2591,14845,18
slavyansk_z,cz,2,False,channel,ru,ru,1.0,71,66,66,9,11050,11137,6
slganalytica,cz,2,False,channel,en,en,1.0,1,1,1,0,2133,700,18
slonomuch,cz,2,False,channel,ru,ru,0.99,133,114,104,19,1425,2815,10
slowo_najemnika,cz,2,False,channel,ru,ru,1.0,231,137,137,10,356,1525,16
sluganarodu_official,cz,2,False,empty,unknown,unknown,0.0,0,0,0,0,,18,
slutsky_l,cz,2,False,channel,ru,ru,1.0,37,35,35,1,28098,220111,17
smak_media,cz,2,False,empty,unknown,unknown,0.0,0,0,0,0,,456,
smi_2,cz,2,False,channel,ru,ru,1.0,83,83,82,0,537,64634,7
smotri_z,cz,2,False,channel,ru,ru,0.997,978,915,915,42,28648,129285,11
sna1ch,cz,2,False,channel,unknown,unknown,0.0,42,42,0,0,728,3137,6
snabgorg,cz,2,False,channel,bg,bg,0.997,789,672,668,17,308,1886,7
snimulapshu,cz,2,False,channel,ru,ru,0.991,142,102,101,24,760,5499,5
sochitop1,cz,2,False,channel,ru,ru,1.0,350,295,295,0,6420,42040,18
sof_russian,cz,2,False,channel,ru,ru,0.992,406,331,324,220,2504,4082,12
sofiya_fedyna,cz,2,False,channel,uk,uk,0.994,106,78,74,11,3143,22030,17
soldieroffortune777,cz,2,False,channel,ru,ru,0.997,1120,827,817,141,33593,127260,18
songofoil,cz,2,False,channel,en,en,1.0,54,54,54,3,1219,3279,18
sonofmonarchy,cz,2,False,channel,ru,ru,0.991,182,171,168,11,11263,87402,7
soroka_belaya_en,cz,2,False,channel,en,en,0.994,55,55,53,1,5001,7385,7
soulstray,cz,2,False,channel,ru,ru,1.0,327,303,303,98,2556,4275,12
southafricareports,cz,2,False,channel,en,en,1.0,37,33,33,12,8110,16257,7
southern_intel,cz,2,False,channel,en,en,1.0,1016,890,855,971,113,1235,19
southfronteng,cz,2,False,channel,de,en,1.0,588,586,512,26,4612,31970,20
souzpatriotov_official,cz,2,False,channel,ru,ru,1.0,175,96,93,1,213,349,15
sovest_propagandista,cz,2,False,channel,unknown,unknown,0.0,2,2,0,0,,961,15
sovfedofficial,cz,2,False,channel,ru,ru,1.0,107,54,50,14,6037,26868,10
sovsouls,cz,2,False,channel,en,en,0.988,320,303,286,211,132,876,2
sp_1703,cz,2,False,channel,ru,ru,1.0,1033,643,631,376,6450,53651,17
space78125,cz,2,False,channel,ru,ru,1.0,30,30,27,11,2044,9105,8
spainrus,cz,2,False,channel,ru,ru,1.0,31,25,25,10,24374,104949,15
speciallassi,cz,2,False,channel,ru,ru,1.0,8,8,8,2,4479,3073,13
spmmedia,cz,2,False,channel,en,en,1.0,41,37,36,28,436,1409,19
sportexpress,cz,2,False,channel,ru,ru,0.997,813,704,695,121,11786,96935,17
sportrian,cz,2,False,channel,ru,ru,1.0,1232,1155,1149,1,5631,42491,10
sportsmens1,cz,2,False,channel,ru,ru,0.988,504,206,192,2,64651,293253,5
sportsru,cz,2,False,channel,ru,ru,1.0,2350,2330,2326,256,34322,459843,20
spravdi,cz,2,False,channel,uk,uk,1.0,1470,932,932,69,15907,44882,9
sputnik_global,cz,2,False,empty,unknown,unknown,0.0,0,0,0,0,,4576,
sputnik_kyrgyzstan,cz,2,False,empty,unknown,unknown,0.0,0,0,0,0,,105096,
sputnikabkhazia,cz,2,False,empty,unknown,unknown,0.0,0,0,0,0,,41677,
sputnikaf,cz,2,False,empty,unknown,unknown,0.0,0,0,0,0,,6029,
sputnikkz,cz,2,False,empty,unknown,unknown,0.0,0,0,0,0,,42011,
sputniknews_lt,cz,2,False,channel,ru,ru,1.0,133,125,123,2,155,4304,15
sputnikossetia,cz,2,False,empty,unknown,unknown,0.0,0,0,0,0,,13135,
sputnikpolska,cz,2,False,empty,unknown,unknown,0.0,0,0,0,0,,1174,
sputniktj,cz,2,False,empty,unknown,unknown,0.0,0,0,0,0,,17467,
sputnikuzbekistan,cz,2,False,empty,unknown,unknown,0.0,0,0,0,0,,18933,
srpskainicijativa,cz,2,False,channel,mk,mk,0.98,133,114,113,4,453,2809,13
sseagalofficial,cz,2,False,empty,unknown,unknown,0.0,0,0,0,0,,,
ssigny_donbass,cz,2,False,empty,unknown,unknown,0.0,0,0,0,0,,14,
ssj_news,cz,2,False,channel,en,en,1.0,127,117,113,7,1308,4649,22
sskarnaukhov,cz,2,False,channel,ru,ru,0.991,976,847,799,433,31244,114046,12
ssluchay,cz,2,False,channel,ru,ru,1.0,72,72,66,3,8468,25696,10
stankostroitel,cz,2,False,channel,ru,ru,1.0,34,22,21,2,1482,4867,1
stasfejsaa,cz,2,False,empty,unknown,unknown,0.0,0,0,0,0,,,
stavropoltop,cz,2,False,channel,ru,ru,1.0,353,245,242,0,6774,27437,6
stc_vesti,cz,2,False,channel,ru,ru,1.0,10,9,9,0,4041,7255,7
stepdozor,cz,2,False,channel,ru,ru,1.0,392,313,308,88,8192,16253,1
stirlitz039,cz,2,False,channel,ru,ru,1.0,30,29,29,7,923,1033,6
stol_davida,cz,2,False,channel,ru,ru,1.0,50,36,34,12,192,932,9
stolitsarassveta,cz,2,False,empty,unknown,unknown,0.0,0,0,0,0,,8,
stone_eyes_z,cz,2,False,channel,ru,ru,1.0,3,3,3,2,1225,182,12
stopcoronavirusrussia,cz,2,False,empty,unknown,unknown,0.0,0,0,0,0,,1072,
stopsextrafficking,cz,1,False,channel,en,en,1.0,104,104,104,2,2835,5103,15
stormypatriotjoe21,cz,2,False,channel,en,en,1.0,824,745,573,54,18767,76254,23
strana_stranaua_bot,cz,2,False,empty,unknown,unknown,0.0,0,0,0,0,,,
stranamoy,cz,2,False,empty,unknown,unknown,0.0,0,0,0,0,,514,
stranavozmojnostey,cz,2,False,channel,ru,ru,1.0,198,92,83,11,7453,53835,15
stranaz,cz,2,False,channel,ru,ru,0.943,145,100,99,131,1565,1678,8
stranoved,cz,2,False,channel,ru,ru,1.0,981,740,723,928,22346,115236,9
stremidlowsky,cz,2,False,channel,ru,ru,1.0,142,118,118,69,605,5356,6
strizhenovaekaterina,cz,2,False,channel,ru,ru,1.0,28,15,15,0,15236,13765,17
su_skr63,cz,2,False,channel,ru,ru,1.0,68,51,47,19,665,2989,10
subbotin_ru,cz,2,False,channel,ru,ru,1.0,9,9,9,0,9448,4230,10
sudakovss,cz,2,False,channel,ru,ru,1.0,5,5,5,3,20092,17339,8
sudzhanskij_rajon,cz,2,False,channel,ru,ru,1.0,234,125,103,5,1371,4038,13
sueneeuniverse,cz,2,False,channel,cs,cs,1.0,31,31,31,0,199,361,0
surf_noise_sp,cz,2,False,channel,es,es,0.997,1263,1078,1066,484,1144,22407,20
survmed,cz,2,False,empty,unknown,unknown,0.0,0,0,0,0,,,
suspilnenews,cz,2,False,channel,uk,uk,1.0,990,896,896,151,132826,261492,9
svetlanaakulova1,cz,2,False,channel,ru,ru,0.996,53,42,39,3,14098,56916,14
svobodakassa,cz,2,False,channel,ru,ru,1.0,146,121,121,32,7180,30916,8
svod_z,cz,2,False,channel,ru,ru,1.0,37,37,37,0,7885,3201,18
svodki_opolcheniya,cz,2,False,empty,unknown,unknown,0.0,0,0,0,0,,3589,
svodkizfronta,cz,2,False,channel,ru,ru,0.977,1395,1299,1273,57,19688,21464,8
svrfond,cz,2,False,channel,ru,ru,1.0,17,17,17,0,317586,9085,11
swaneconomy,cz,2,False,channel,ru,ru,1.0,66,66,66,9,37669,135015,13
szfo_shnaya,cz,2,False,channel,ru,ru,1.0,324,248,245,51,311,2175,6
t1500tasvir,cz,2,False,channel,fa,fa,0.997,299,278,277,12,54796,50869,18
t34newsfeed,cz,2,False,channel,ru,ru,1.0,90,90,90,33,3531,7314,4
t_norilsk,cz,2,False,empty,unknown,unknown,0.0,0,0,0,0,,7,
tactical_13,cz,2,False,channel,ru,ru,1.0,315,177,153,23,766,35354,8
tactical_z,cz,2,False,channel,ru,ru,1.0,56,31,28,29,12641,64902,7
tamircrimea,cz,2,False,channel,ru,ru,1.0,18,14,14,0,185441,29103,6
tanosnap,cz,2,False,channel,ru,ru,1.0,23,23,23,0,1961,6316,9
tarik_news,cz,2,False,channel,ru,ru,1.0,800,621,590,560,51269,106288,13
tarotbyjaninechannel,cz,2,False,channel,en,en,0.943,762,710,618,355,32862,56870,16
tasmanian_devil,cz,2,False,empty,unknown,unknown,0.0,0,0,0,0,,,
tasnimnews,cz,2,False,channel,fa,fa,1.0,3172,2860,2828,66,22769,2510390,7
tatarkafm1,cz,2,False,channel,ru,ru,1.0,17,17,14,2,16338,16906,17
tauriderepublic_bot,cz,2,False,empty,unknown,unknown,0.0,0,0,0,0,,,
tavovsky,cz,2,False,channel,ru,ru,0.994,187,178,172,0,527,3518,8
tavricheskii_kazachok,cz,2,False,channel,ru,ru,1.0,850,614,596,206,243,812,8
tavridaforyou,cz,2,False,channel,ru,ru,0.997,266,163,150,70,402,3460,13
technikus_news,cz,2,False,empty,unknown,unknown,0.0,0,0,0,0,,26247,
tele_eve,cz,2,False,channel,ru,ru,1.0,451,409,400,0,92302,431502,10
telecommunal,cz,2,False,channel,ru,ru,1.0,93,76,76,9,15802,43013,10
temutyumenii,cz,2,False,channel,ru,ru,1.0,535,331,325,3,5418,22206,12
terrabellum,cz,2,False,empty,unknown,unknown,0.0,0,0,0,0,,,
tertiaroma,cz,2,False,channel,ru,ru,1.0,1050,882,869,216,432,3703,20
tg301ad,cz,2,False,channel,en,en,1.0,282,273,240,15,487,,16
tg301military,cz,2,False,channel,en,en,0.991,258,248,247,59,587,4563,19
tgrussia,cz,2,False,channel,ru,ru,1.0,638,622,619,392,13338,52519,10
the3rdforceua,cz,2,False,channel,uk,uk,0.974,639,547,541,63,28878,57196,14
the_beauties_of_iranii,cz,2,False,channel,ru,ru,0.8,276,71,70,0,11596,48773,7
the_kremlin,cz,2,False,empty,unknown,unknown,0.0,0,0,0,0,,113,
the_kyva,cz,2,False,channel,ru,ru,1.0,222,194,185,5,33119,19128,7
the_right_people,cz,2,False,channel,en,en,0.957,1245,802,766,157,5656,35460,9
thedurancom,cz,2,False,channel,en,en,0.962,110,110,110,0,24621,52767,17
thegraschenkov,cz,2,False,channel,ru,ru,1.0,68,68,67,11,47922,163637,15
thegreaterreset,cz,2,False,channel,en,en,0.988,148,143,127,58,3417,18954,15
thehandofthekremlin,cz,2,False,channel,ru,ru,1.0,1437,1257,1216,253,9006,22070,8
theobservereffect21,cz,2,False,channel,ru,ru,0.993,363,355,349,202,262,2149,7
theparadigmshiftchannel,cz,2,False,channel,en,en,1.0,64,64,64,0,1724,3428,19
thepulseone,cz,2,False,channel,en,en,1.0,50,50,50,0,8465,14140,17
therussianmarket,cz,1,False,empty,unknown,unknown,0.0,0,0,0,0,,352,
thescrollofbenjamin,cz,2,False,channel,en,en,0.99,3037,2770,2398,1599,119,500,18
thestormhasarrived17,cz,2,False,channel,en,en,0.994,258,248,241,169,35923,96360,15
timinfo,cz,2,False,channel,ru,ru,1.0,854,738,735,128,349,1435,9
tipich_kursk,cz,2,False,channel,ru,ru,0.997,361,235,235,3,18836,151657,15
tn_moderator,cz,2,False,empty,unknown,unknown,0.0,0,0,0,0,,,
tobeor_official,cz,2,False,channel,ru,ru,0.997,289,198,197,53,112961,304198,11
tof_vmf,cz,2,False,channel,ru,ru,1.0,149,139,137,40,1982,22753,9
tokmak_ru,cz,2,False,channel,ru,ru,1.0,473,433,433,327,1848,12294,14
tomfitton,cz,2,False,empty,unknown,unknown,0.0,0,0,0,0,,282,
topaz_govorit,cz,2,False,empty,unknown,unknown,0.0,0,0,0,0,,80,
topicdujour,cz,2,False,channel,en,en,1.0,151,120,120,11,792,1676,9
topwar_official,cz,2,False,channel,ru,ru,1.0,1308,939,938,308,49513,98116,9
toyotadshk,cz,2,False,channel,tr,tr,1.0,2484,2064,1990,194,1664,5990,16
trackamercchat,cz,2,False,group,en,en,0.997,29420,27890,25402,2533,11362,8436,21
tretyakov_n,cz,2,False,channel,ru,ru,1.0,9,9,9,1,32922,26687,10
trformer,cz,2,False,channel,en,en,0.997,673,553,544,159,160,1019,20
tro_dpr,cz,2,False,channel,ru,ru,1.0,506,407,407,127,11796,27843,12
troitskinform_new_moscow,cz,2,False,channel,ru,ru,1.0,188,101,95,14,107,534,10
trthaberdijital,cz,2,False,channel,tr,tr,1.0,1355,1158,1156,0,7718,70521,13
truekpspbru,cz,2,False,empty,unknown,unknown,0.0,0,0,0,0,,0,
truenorth51,cz,2,False,channel,ru,ru,1.0,41,36,23,4,5154,6173,13
truetema,cz,2,False,empty,unknown,unknown,0.0,0,0,0,0,,,
truthoflo,cz,2,False,group,unknown,cs,0.0,40,40,1,1,0,154,12
tsarkrest,cz,2,False,channel,ru,ru,1.0,206,191,185,37,4661,21227,14
tsenakrasoty,cz,2,False,channel,ru,ru,1.0,86,73,72,1,9812,23271,6
tsivilev_live,cz,2,False,empty,unknown,unknown,0.0,0,0,0,0,,11,
tsm_moscow,cz,2,False,empty,unknown,unknown,0.0,0,0,0,0,,3,
tsur46,cz,2,False,channel,ru,ru,1.0,115,55,55,2,347,1658,10
tsvtiraspol,cz,2,False,channel,ru,ru,1.0,624,589,570,22,8407,47518,10
tulatop,cz,2,False,channel,ru,ru,0.994,313,255,255,0,11948,39473,13
tumenjtop,cz,2,False,channel,ru,ru,0.994,304,274,274,1,10213,48578,12
tupichat,cz,2,False,group,unknown,en,0.0,575,522,511,571,7626,474,18
turalkerimov,cz,2,False,channel,ru,ru,1.0,21,21,20,6,876,5335,13
turkey_is,cz,2,False,channel,ru,ru,1.0,171,111,110,4,5708,20473,6
tutteplovsegda,cz,2,False,empty,unknown,unknown,0.0,0,0,0,0,,3,
tv_freedom,cz,2,False,channel,ru,ru,1.0,1970,1618,1618,18,10587,39523,13
tvdno,cz,2,False,channel,ru,ru,1.0,416,373,373,12,22062,42819,10
tverdmade,cz,2,False,channel,ru,ru,0.99,45,15,15,0,4089,2586,17
tvrain,cz,2,False,channel,ru,ru,1.0,944,839,837,4,89213,438518,12
tyl_22,cz,2,False,channel,ru,ru,1.0,50,14,14,3,54938,7291,19
u24_gov_ua,cz,2,False,channel,uk,uk,1.0,143,93,92,1,3718,13355,14
ua_pilot_viking,cz,2,False,channel,ru,ru,0.961,142,141,130,6,2166,2294,21
uac_ru,cz,2,False,channel,ru,ru,1.0,65,38,38,1,8110,28886,8
uavdev,cz,2,False,channel,ru,ru,0.991,257,149,134,76,12590,119837,11
udmprotivcor,cz,2,False,channel,ru,ru,1.0,41,36,36,6,4398,11109,15
ufatop1,cz,2,False,channel,ru,ru,1.0,432,345,343,0,12300,37637,9
ugledar_news,cz,2,False,group,ru,ru,0.982,3935,3878,3843,393,22001,5723,18
ugprocdpr,cz,2,False,channel,ru,ru,1.0,48,43,43,8,1990,4189,10
ukol_z,cz,2,False,channel,ru,ru,1.0,88,78,72,38,4348,16359,13
ukr_leaks_eng,cz,2,False,channel,en,en,1.0,101,69,66,15,18242,76198,12
ukr_navoz,cz,2,False,empty,unknown,unknown,0.0,0,0,0,0,,4,
ukr_sof,cz,2,False,channel,uk,uk,1.0,30,30,30,0,160314,134992,5
ukradnutyhotel,cz,1,False,channel,sk,sk,1.0,4,4,4,3,1184,743,7
ukraine_first,cz,2,False,empty,unknown,unknown,0.0,0,0,0,0,,4,
ukropernews,cz,2,False,channel,uk,uk,0.989,230,198,196,10,30377,43027,8
ukrpravdamainnews,cz,2,False,channel,ru,ru,1.0,1064,1064,1064,0,2893,7651,10
uncut_news,cz,2,False,channel,de,de,1.0,831,818,795,2,25745,102588,6
undeground_belgorod,cz,2,False,empty,unknown,unknown,0.0,0,0,0,0,,26,
ungathegreat,cz,1,False,channel,en,en,0.991,140,136,131,45,6964,12948,2
union360,cz,2,False,channel,ru,ru,0.994,1048,879,865,16,4497,5885,8
upc_news,cz,2,False,channel,uk,uk,0.971,533,203,202,60,7100,22709,11
upravdom_channel,cz,2,False,channel,ru,ru,0.994,124,85,85,9,5804,32061,7
ural2205,cz,1,False,channel,sk,sk,0.979,91,91,79,36,1503,2623,10
urallive_chat,cz,2,False,empty,unknown,unknown,0.0,0,0,0,0,,,
uranewsbot,cz,2,False,empty,unknown,unknown,0.0,0,0,0,0,,,
ururural,cz,2,False,channel,ru,ru,1.0,233,158,157,49,385,2994,8
usavsrf,cz,2,False,channel,ru,ru,1.0,39,39,35,0,2216,1201,5
usembrussia,cz,2,False,channel,ru,ru,1.0,95,92,91,5,8358,13217,19
usinfantryman,cz,2,False,empty,unknown,unknown,0.0,0,0,0,0,,286,
usvoterfraud,cz,2,False,channel,en,en,0.99,1261,1100,1053,1127,185,3774,19
utamusic_telegram,cz,2,False,channel,ru,ru,1.0,21,19,18,2,17564,13738,18
uvarovbrest,cz,2,False,channel,ru,ru,1.0,440,386,372,377,2805,2986,17
v_goloz,cz,2,False,channel,ru,ru,1.0,530,530,530,0,41,165,20
v_hurrygun,cz,2,False,empty,unknown,unknown,0.0,0,0,0,0,,199,
v_kazani_poimut,cz,2,False,empty,unknown,unknown,0.0,0,0,0,0,,,
va_kyiv,cz,2,False,channel,uk,uk,1.0,164,148,122,5,22702,52592,12
va_nikonov,cz,2,False,channel,ru,ru,1.0,712,623,621,376,14099,31444,7
vahedavtyan,cz,2,False,empty,unknown,unknown,0.0,0,0,0,0,,915,
vakasamara,cz,2,False,channel,ru,ru,1.0,54,22,19,12,1627,2221,16
vakcinackovia,cz,1,False,group,sk,sk,0.929,45,45,10,0,,73,6
vakulinbot,cz,2,False,empty,unknown,unknown,0.0,0,0,0,0,,,
valdaiclub,cz,2,False,channel,ru,ru,1.0,105,105,95,0,996,8985,8
valentinbogdanov,cz,2,False,channel,ru,ru,0.994,268,255,255,136,13031,40894,17
valentyn_gladkykh,cz,2,False,channel,uk,uk,0.975,28,28,26,0,4089,5967,22
valerii_markus,cz,2,False,channel,uk,uk,1.0,45,36,34,5,113758,97780,14
vamtlgrm,cz,2,False,channel,ru,ru,1.0,3,3,3,0,29174,33079,9
vanek_nikolaev,cz,2,False,channel,ru,ru,0.987,963,884,869,104,235177,2671187,20
vasiletsdmitriy,cz,2,False,channel,ru,ru,0.997,719,573,570,81,251610,356187,13
vasyunin,cz,2,False,channel,ru,ru,1.0,5,5,5,1,9784,2566,17
vatnyyliberal,cz,2,False,channel,ru,ru,0.976,115,102,96,10,2041,2776,10
vdnh_moscow,cz,2,False,channel,ru,ru,0.994,283,219,215,15,3875,80957,7
vdog_vdog,cz,2,False,empty,unknown,unknown,0.0,0,0,0,0,,,
vedomstvo_rf,cz,2,False,channel,ru,ru,1.0,854,707,705,87,13521,30164,9
velika_bulgaria,cz,2,False,group,bg,bg,0.995,225,215,161,123,642,88,17
verdachtig,cz,2,False,channel,ru,ru,0.984,31,31,31,4,681,2127,19
vertolatte,cz,2,False,channel,ru,ru,1.0,56,41,39,8,2905,6640,7
vesti_krsk,cz,2,False,channel,ru,ru,1.0,875,748,642,34,751,5218,7
vesticrimea,cz,2,False,channel,ru,ru,1.0,266,256,256,16,5460,19218,8
vestifmplus,cz,2,False,channel,ru,ru,1.0,841,787,786,291,4655,28060,10
vestnikkavkaza,cz,2,False,channel,ru,ru,1.0,736,643,611,0,177,7096,17
vgor999,cz,2,False,channel,ru,ru,1.0,77,65,65,41,10369,11177,8
vibornyk,cz,2,False,channel,ru,ru,1.0,979,860,846,962,637,91470,7
victorternovsky,cz,2,False,channel,es,es,1.0,208,168,167,75,5945,25294,19
viel_los,cz,2,False,channel,de,de,1.0,249,224,220,0,2107,7363,7
view_news,cz,2,False,channel,ru,ru,0.997,589,403,401,0,1701,1923,20
vigilantfox,cz,2,False,channel,en,en,0.997,281,281,279,124,34885,123305,20
vindemiatrix_art,cz,2,False,channel,ru,ru,1.0,5,5,4,2,5527,1716,19
violavolkova,cz,2,False,channel,ru,ru,0.985,111,98,98,17,2773,5228,20
visegradtv,cz,2,False,channel,en,en,0.991,604,551,510,128,2155,6482,19
vitaliy_klitschko,cz,2,False,channel,uk,uk,1.0,67,60,60,0,222824,187216,14
vkoltashov,cz,2,False,channel,ru,ru,0.984,96,84,80,51,411,4299,9
vladimirlegoyda,cz,2,False,channel,ru,ru,1.0,128,96,93,70,10373,33905,10
vladimirpolyakovlpr,cz,2,False,channel,ru,ru,1.0,81,70,64,48,149,412,6
vladivostok1978,cz,2,False,channel,ru,ru,0.991,244,215,213,78,8594,55517,9
vladlentatarskiy,cz,2,False,empty,unknown,unknown,0.0,0,0,0,0,,,
vladtodaysl,cz,2,False,channel,ru,ru,0.991,218,155,155,13,285870,4754,12
vmfrus,cz,2,False,channel,ru,ru,1.0,101,79,76,21,14682,6472,10
voenacher_zov_bot,cz,2,False,empty,unknown,unknown,0.0,0,0,0,0,,,
voenkorkotenok2,cz,2,False,empty,unknown,unknown,0.0,0,0,0,0,,4605,
voenkors,cz,2,False,channel,ru,ru,1.0,3,3,3,2,16630,7273,7
voentv_by,cz,2,False,channel,ru,ru,1.0,230,168,168,64,1711,5891,9
voice_of_turkey,cz,2,False,channel,ru,ru,1.0,146,109,109,1,6582,13943,13
voin_dv_bot,cz,2,False,empty,unknown,unknown,0.0,0,0,0,0,,,
voinasordoy,cz,2,False,channel,ru,ru,1.0,115,115,115,0,27425,203578,17
volcanowarriors,cz,2,False,empty,unknown,unknown,0.0,0,0,0,0,,3,
voronezh_r36,cz,2,False,channel,ru,ru,0.997,537,415,412,0,16932,73553,6
voroshilovka_dn,cz,2,False,group,ru,ru,0.988,1955,1927,737,6,0,9431,14
voskanapat,cz,2,False,channel,ru,ru,1.0,19,16,16,5,1715,1922,17
vostochnykaraul,cz,2,False,channel,ru,ru,1.0,64,38,38,1,540,3292,17
vostochnysyndrome,cz,2,False,channel,ru,ru,1.0,68,68,67,1,7545,85180,18
voxcartoons,cz,2,False,channel,en,en,0.96,19,19,19,0,3704,4980,10
vozlevoiny,cz,2,False,channel,ru,ru,0.994,197,175,175,30,1281,4403,16
vozmezdie2022,cz,2,False,channel,ru,ru,0.901,787,556,629,85,4186,14641,5
vpanalytics,cz,2,False,channel,ru,ru,1.0,25,23,23,7,2889,5488,9
vpoanalytics,cz,2,False,channel,ru,ru,1.0,75,75,75,8,606,9330,15
vrsoloviev,cz,2,False,empty,unknown,unknown,0.0,0,0,0,0,,9,
vseoakpp,cz,2,False,channel,ru,ru,1.0,29,27,23,0,3532,4910,19
vv_volodin,cz,2,False,channel,ru,ru,1.0,10,10,8,0,2292564,1308860,5
vvsergienko,cz,2,False,channel,ru,ru,1.0,103,93,90,2,19594,42091,10
vybora,cz,2,False,channel,ru,ru,1.0,293,255,255,35,16216,41957,5
vysilac,cz,2,False,channel,sk,sk,0.929,3,3,3,0,3668,3940,17
vzbod,cz,2,False,channel,ru,ru,1.0,3158,2407,2283,421,5873,14654,20
wadim_manukyan,cz,2,False,channel,ru,ru,0.997,291,278,270,235,251,2217,8
wagner,cz,2,False,empty,unknown,unknown,0.0,0,0,0,0,,,
wagner88_bot,cz,2,False,empty,unknown,unknown,0.0,0,0,0,0,,,
wagnernew,cz,2,False,channel,ru,ru,0.997,523,392,391,68,33928,98083,17
wallachian_gazette,cz,2,False,empty,unknown,unknown,0.0,0,0,0,0,,419,
wandererchannel,cz,2,False,channel,ru,ru,1.0,363,304,304,2,3578,6805,9
war_mapper,cz,2,False,channel,en,en,1.0,65,65,65,0,3796,6262,0
war_noir,cz,2,False,channel,en,en,1.0,219,125,124,8,9906,52992,10
warmonitors,cz,2,False,channel,en,en,0.986,1256,1151,1151,0,695,157559,19
wars_news,cz,2,False,empty,unknown,unknown,0.0,0,0,0,0,,1138,
warwebm,cz,2,False,empty,unknown,unknown,0.0,0,0,0,0,,70372,
warzone_publ,cz,2,False,empty,unknown,unknown,0.0,0,0,0,0,,9,
wch_org,cz,2,False,channel,en,en,1.0,181,177,175,8,5777,35534,20
wearethecure1,cz,2,False,channel,unknown,en,0.0,54,54,54,54,2859,11684,11
webstrangler,cz,2,False,channel,ru,ru,1.0,27,27,27,2,7907,27821,10
wehearfromyanina,cz,2,False,channel,ru,ru,1.0,95,95,93,7,70944,89739,11
westcoast_intel,cz,2,False,channel,en,en,1.0,1138,1005,970,819,933,7850,18
whitefilin,cz,2,False,channel,ru,ru,0.997,127,105,96,16,8329,22812,8
whitehousecards,cz,2,False,channel,ru,ru,1.0,264,183,183,3,3292,10299,6
whitelivesmatterofficial,cz,2,False,channel,en,en,1.0,316,155,151,308,2252,23566,12
wind_one,cz,2,False,empty,unknown,unknown,0.0,0,0,0,0,,68,
winiawski,cz,2,False,channel,ru,ru,1.0,173,147,146,1,305,1059,7
wlm_eu_germany,cz,2,False,channel,de,en,0.984,36,29,28,22,406,709,4
wlm_eu_netherlands,cz,2,False,channel,nl,nl,0.971,59,38,36,21,2589,1547,18
wlm_events,cz,2,False,channel,en,en,1.0,1,1,1,0,6208,679,0
wlmcontactbot,cz,2,False,empty,unknown,unknown,0.0,0,0,0,0,,,
wolfgang_art,cz,2,False,channel,ru,ru,0.983,21,21,21,2,1316,1191,12
world_sanctions,cz,2,False,channel,ru,ru,0.997,614,595,595,0,4290,41720,9
worldconflicts,cz,2,False,channel,es,es,0.987,542,464,422,14,4551,44530,17
worldfootball_sports,cz,2,False,empty,unknown,unknown,0.0,0,0,0,0,,9,
worldpowerrussianews,cz,2,False,group,unknown,en,0.0,3,3,2,1,35,6,2
wtfmoldova,cz,2,False,channel,ru,ru,1.0,1702,1480,1476,21,916,13689,9
xaknet_team,cz,2,False,empty,unknown,unknown,0.0,0,0,0,0,,21980,
xkherson,cz,2,False,empty,unknown,unknown,0.0,0,0,0,0,,1,
yachtsheliluxtravels,cz,2,False,channel,ru,ru,1.0,66,38,37,0,1553,1479,7
yakutia14news,cz,2,False,empty,unknown,unknown,0.0,0,0,0,0,,8047,
yakutiavseprosvo,cz,2,False,channel,ru,ru,1.0,99,69,69,88,2130,11660,5
yakutsk_vecherniy,cz,2,False,channel,ru,ru,0.994,1047,697,678,564,3946,22495,4
yaroslav_babushkin,cz,2,False,channel,ru,ru,1.0,41,40,39,10,1610,2247,11
yartop12,cz,2,False,channel,ru,ru,1.0,249,204,204,0,12178,34792,6
yb_ua,cz,2,False,channel,uk,uk,1.0,128,125,125,18,5656,27195,18
yerevan_speaks,cz,2,False,channel,ru,ru,1.0,1125,1051,1021,193,548,2883,9
yerkirmedia_am,cz,2,False,channel,et,et,1.0,1817,1728,1722,0,353,3782,8
yigal_levin,cz,2,False,channel,ru,ru,0.993,1627,1457,1456,115,53107,220181,17
youlistenedmayak,cz,1,False,channel,ru,ru,1.0,330,323,323,0,8818,25642,9
yourabardash,cz,2,False,channel,ru,ru,1.0,19,19,17,1,55310,31114,8
yuglive,cz,2,False,channel,ru,ru,0.986,1391,1194,1191,553,2053,6435,18
yugsn,cz,2,False,channel,ru,ru,1.0,871,856,856,29,90,9135,8
yuliasavicheva,cz,2,False,channel,ru,ru,1.0,25,25,20,0,6743,12721,12
yuriy,cz,2,False,empty,unknown,unknown,0.0,0,0,0,0,,,
yvangil,cz,2,False,empty,unknown,unknown,0.0,0,0,0,0,,,
z_kharkovnash,cz,2,False,empty,unknown,unknown,0.0,0,0,0,0,,40908,
z_memes,cz,2,False,empty,unknown,unknown,0.0,0,0,0,0,,47,
za_front,cz,2,False,empty,unknown,unknown,0.0,0,0,0,0,,,
za_future_of_the_west,cz,2,False,channel,en,en,0.974,260,248,227,81,1023,5990,6
za_pravda,cz,2,False,channel,bg,bg,1.0,1546,1079,1043,0,1384,8715,16
zachistka404,cz,2,False,empty,unknown,unknown,0.0,0,0,0,0,,3160,
zachitniki,cz,2,False,channel,ru,ru,1.0,530,485,485,61,3455,51385,8
zakharevich_igor,cz,2,False,channel,ru,ru,1.0,58,58,57,23,55149,37528,12
zakonybohatstvi,cz,2,False,channel,cs,cs,1.0,14,14,14,0,14414,10458,9
zalizni_zminy,cz,2,False,channel,uk,uk,0.99,59,30,24,14,3892,4540,19
zanashix,cz,2,False,channel,ru,ru,0.988,942,644,633,917,801,2740,20
zaneslow,cz,2,False,channel,ru,ru,1.0,10,6,6,0,4032,139,17
zanoza,cz,2,False,empty,unknown,unknown,0.0,0,0,0,0,,38,
zap_admin,cz,2,False,channel,ru,ru,1.0,334,238,233,141,5560,10322,11
zarbitrazhy,cz,2,False,channel,ru,ru,1.0,74,74,67,0,682,4219,9
zarubinreporter,cz,2,False,channel,ru,ru,0.993,22,22,22,1,71082,464690,17
zazhivembot,cz,2,False,empty,unknown,unknown,0.0,0,0,0,0,,,
zborysvo,cz,2,False,group,ru,ru,0.957,1556,1489,1343,153,437,694,15
zbrodnie_kryminal_afery,cz,2,False,channel,pl,pl,1.0,831,727,726,56,257,2992,9
zeeemedia,cz,2,False,channel,en,en,0.986,570,528,517,13,15353,56066,21
zelenyechelovechki,cz,2,False,channel,ru,ru,1.0,1808,1566,1435,144,4789,9541,18
zergulio,cz,2,False,empty,unknown,unknown,0.0,0,0,0,0,,,
zhabaigaduka,cz,2,False,channel,ru,ru,1.0,31,30,30,6,32887,33515,12
zhdanovrt,cz,2,False,channel,unknown,ru,0.0,2,1,1,2,13877,9741,10
zheltyeslivymail_bot,cz,2,False,empty,unknown,unknown,0.0,0,0,0,0,,,
zhest_belgorod,cz,2,False,channel,ru,ru,1.0,817,547,546,46,159892,592566,10
zimenkin,cz,2,False,channel,ru,ru,1.0,44,37,37,4,7013,9162,18
zimovskyal,cz,2,False,channel,ru,ru,0.994,438,276,258,0,1075,19407,7
zlatoustnikita,cz,2,False,channel,ru,ru,1.0,6,6,5,1,2102,361,21
zloyecolog,cz,2,False,channel,ru,ru,0.984,306,282,280,211,49040,111243,10
zluchka_chat,cz,2,False,group,ru,ru,1.0,10301,9942,9341,885,6219,239,16
zmityaaa,cz,2,False,channel,ru,ru,0.96,115,100,93,46,2621,3727,7
zmmumsu,cz,2,False,channel,ru,ru,1.0,16,16,16,0,726,2645,12
zonasecuritate,cz,2,False,channel,ro,ro,1.0,13,13,13,0,1806,4685,14
zoomer_kingdom,cz,2,False,channel,ru,ru,1.0,109,109,16,7,707,2371,15
zornkrieger,cz,2,False,channel,en,en,1.0,2443,1899,1868,2150,485,2397,14
zov2022rnd,cz,2,False,channel,ru,ru,0.997,134,90,86,18,256,339,11
zov_for_help,cz,2,False,channel,ru,ru,1.0,502,323,276,104,464,400,8
zov_izhevsk,cz,2,False,group,ru,ru,0.994,1339,1295,1107,68,27955,1280,8
zov_kam,cz,2,False,channel,ru,ru,1.0,442,225,224,47,2056,8293,11
zov_sila_rf,cz,2,False,channel,ru,ru,1.0,1296,1007,1001,406,2560,5887,13
zovdroid_bot,cz,2,False,empty,unknown,unknown,0.0,0,0,0,0,,,
zovkras,cz,2,False,channel,ru,ru,0.991,313,271,194,99,596,1037,13
ztv_247,cz,2,False,channel,ru,ru,1.0,20,20,20,0,322369,20135,5
zvezdalive,cz,2,False,channel,ru,ru,1.0,1063,840,711,59,3072,20724,17
zvovajnoe,cz,2,False,empty,unknown,unknown,0.0,0,0,0,0,,2,
zvozduh,cz,2,False,channel,ru,ru,1.0,11,9,9,6,4085,2060,7
a30_pool,ru,2,False,channel,ru,ru,1.0,22,22,20,0,3740,4041,16
a_articles,ru,2,False,channel,ru,ru,1.0,329,326,299,24,19678,109512,4
a_beglov,ru,2,False,channel,ru,ru,1.0,245,49,49,0,29555,83591,7
a_chekunkov,ru,2,False,channel,ru,ru,1.0,90,19,19,0,5537,2183,10
a_kaminsky,ru,2,False,channel,ru,ru,0.997,488,389,387,0,1539,1901,13
a_kuzichev,ru,2,False,channel,ru,ru,1.0,102,89,83,4,17403,86463,11
a_nova,ru,2,False,empty,unknown,unknown,0.0,0,0,0,0,,,
a_remiga,ru,2,False,channel,ru,ru,1.0,5,4,4,0,446,335,11
aa_alikhanov,ru,2,False,empty,unknown,unknown,0.0,0,0,0,0,,96,
aachrt,ru,2,False,channel,ru,ru,1.0,12,8,8,0,203,74,9
aadobrovolskii,ru,2,False,channel,ru,ru,1.0,20,18,15,1,2317,2353,8
aaloskytov,ru,2,False,channel,ru,ru,1.0,99,34,27,24,1822,733,13
aartykru,ru,2,False,empty,unknown,unknown,0.0,0,0,0,0,,74,
abainewskz,ru,2,False,channel,ru,ru,1.0,497,435,434,31,3078,14704,11
abakan24news,ru,2,False,channel,ru,ru,0.991,397,246,246,8,2027,13306,3
abakantoday,ru,2,False,empty,unknown,unknown,0.0,0,0,0,0,,191,
abakanuz,ru,2,False,channel,ru,ru,1.0,74,72,72,0,1872,20554,9
abikh_art,ru,2,False,empty,unknown,unknown,0.0,0,0,0,0,,5,
abireg,ru,2,False,channel,ru,ru,1.0,219,210,209,6,1599,8449,14
abireglip,ru,2,False,channel,ru,ru,1.0,72,72,72,38,251,1499,14
abkhazia_center,ru,2,False,channel,ru,ru,1.0,300,290,277,75,1471,6808,6
aboutbank,ru,2,False,empty,unknown,unknown,0.0,0,0,0,0,,6,
aboutschools,ru,2,False,channel,ru,ru,1.0,142,115,105,9,6722,25774,11
abramchenko_channel,ru,2,False,channel,ru,ru,1.0,17,8,8,1,13907,6010,13
abramov_ivan,ru,2,False,channel,ru,ru,1.0,11,11,10,0,425,437,7
abusaddamshishani,ru,2,False,empty,unknown,unknown,0.0,0,0,0,0,,27029,
abveller,ru,2,False,channel,ru,ru,1.0,15,10,9,0,628,391,12
abyrvalgvrn,ru,2,False,channel,ru,ru,0.994,471,421,376,300,1973,6396,6
abzalovd,ru,2,False,channel,ru,ru,1.0,55,50,47,0,42900,44378,16
academyrosatom,ru,2,False,channel,ru,ru,1.0,13,8,8,0,888,2783,9
accent_tv,ru,2,False,channel,ru,ru,0.993,605,605,605,30,37,364,14
achnov,ru,2,False,channel,ru,ru,0.997,997,889,876,2,1533,28239,8
activatica,ru,2,False,channel,ru,ru,1.0,975,836,835,0,902,9245,13
actual_z,ru,2,False,channel,ru,ru,1.0,2952,2053,2015,137,755,1359,6
actuallyinkherson_bot,ru,2,False,empty,unknown,unknown,0.0,0,0,0,0,,,
actualz_bot,ru,2,False,empty,unknown,unknown,0.0,0,0,0,0,,,
adagain,ru,2,False,channel,ru,ru,0.991,74,57,57,0,4565,3758,14
adam1ua,ru,2,False,empty,unknown,unknown,0.0,0,0,0,0,,59,
addisstandardamh,ru,2,False,channel,unknown,unknown,0.0,120,90,90,0,201,19409,9
addmeto,ru,2,False,channel,ru,ru,1.0,36,36,36,2,47120,72281,10
adindex,ru,2,False,channel,ru,ru,1.0,308,251,250,170,3405,29406,9
adindex_live,ru,2,False,channel,ru,ru,1.0,536,524,524,18,1096,5722,4
adkonspirolog,ru,2,False,channel,ru,ru,1.0,34,26,26,0,1266,1569,8
adlertoday,ru,2,False,channel,ru,ru,1.0,349,185,181,69,554,7978,9
adm_gorodishe_raion,ru,2,False,channel,ru,ru,1.0,82,54,54,43,99,222,13
adm_issa_rayon,ru,2,False,channel,ru,ru,1.0,82,62,62,39,81,212,6
adm_narovch,ru,2,False,channel,ru,ru,1.0,138,78,72,48,105,326,13
adm_nik,ru,2,False,channel,ru,ru,1.0,258,80,79,40,179,976,8
adm_nlomov,ru,2,False,channel,ru,ru,1.0,213,164,133,70,256,620,17
adm_pachelma_rn,ru,2,False,channel,ru,ru,1.0,159,75,73,89,119,387,13
adm_penz,ru,2,False,channel,ru,ru,1.0,73,59,46,29,116,380,13
adm_samara,ru,2,False,channel,ru,ru,1.0,1652,377,363,1217,252,2417,9
adm_serdobsk,ru,2,False,channel,ru,ru,1.0,212,126,124,100,158,1081,13
adm_shemysheyka,ru,2,False,channel,ru,ru,1.0,87,57,46,30,143,451,13
adm_sosnovoborsk,ru,2,False,channel,ru,ru,1.0,74,39,32,38,94,168,13
adm_tamala,ru,2,False,channel,ru,ru,1.0,105,57,50,40,99,449,8
adm_vadinsk,ru,2,False,channel,ru,ru,1.0,93,43,43,47,99,263,13
adm_vl,ru,2,False,channel,ru,ru,1.0,594,274,274,280,4268,22329,2
adm_zarechny,ru,2,False,channel,unknown,ru,0.0,28,13,13,28,143,1867,15
admanadyr,ru,2,False,channel,ru,ru,1.0,61,31,29,3,1939,5425,7
admkolish,ru,2,False,channel,ru,ru,1.0,207,78,73,39,151,580,11
admkrai,ru,2,False,channel,ru,ru,1.0,533,386,383,54,1140,12265,11
admkuzneck,ru,2,False,channel,ru,ru,1.0,61,32,32,32,107,500,6
admolginsky,ru,2,False,channel,ru,ru,1.0,668,304,288,201,848,2318,9
admpenza,ru,2,False,channel,ru,ru,0.994,417,185,180,350,331,2626,12
admspasskrn58,ru,2,False,channel,ru,ru,1.0,150,100,94,61,186,349,13
adnovosti,ru,2,False,empty,unknown,unknown,0.0,0,0,0,0,,17,
adubov31,ru,2,False,channel,ru,ru,1.0,62,21,21,1,2874,2961,9
adviserz,ru,2,False,empty,unknown,unknown,0.0,0,0,0,0,,6,
advo_katsh,ru,2,False,channel,ru,ru,1.0,109,104,104,0,2203,15974,7
advokatchesnokov,ru,2,False,channel,ru,ru,0.986,28,27,26,3,451,1378,13
advstreet,ru,2,False,empty,unknown,unknown,0.0,0,0,0,0,,4,
adzamkad,ru,2,False,channel,bg,ru,0.988,562,449,444,368,246,4782,15
aefremoff80,ru,2,False,channel,ru,ru,1.0,113,89,79,37,803,5697,17
aens2018,ru,2,False,channel,ru,ru,1.0,102,85,85,23,399,1927,21
aerocase,ru,2,False,channel,ru,ru,0.968,47,22,9,0,763,483,12
aerodisk_official,ru,2,False,channel,ru,ru,1.0,5,5,5,0,5175,5366,9
aeroexpress,ru,2,False,channel,ru,ru,1.0,51,37,32,1,938,9437,8
aeroflot,ru,2,False,channel,ru,ru,1.0,9,9,9,1,19009,17431,9
aeroflot_official,ru,2,False,channel,ru,ru,1.0,58,45,38,0,59643,524711,14
aeromochische_channel,ru,2,False,channel,bg,ru,1.0,4,4,4,1,546,1124,2
aeronaut_bel,ru,2,False,channel,ru,ru,0.982,591,530,519,264,259,2334,0
aerostory,ru,2,False,channel,ru,ru,1.0,5,5,4,0,14232,13357,9
aeternahistoria,ru,2,False,channel,ru,ru,0.994,81,74,72,2,3056,13433,9
afanasev82,ru,2,False,channel,ru,ru,1.0,108,39,38,0,1379,2289,12
afanasievatv,ru,2,False,channel,ru,ru,1.0,117,111,108,37,922,4143,12
afishadaily,ru,2,False,channel,ru,ru,1.0,945,861,820,7,7983,72320,13
afishams,ru,2,False,channel,ru,ru,1.0,328,202,197,26,2860,23950,7
afisharestaurants,ru,2,False,channel,ru,ru,1.0,151,76,71,0,2240,42349,15
afonin_yuriy,ru,2,False,channel,ru,ru,1.0,13,5,5,1,1606,3812,20
afpoltorabatko66,ru,2,False,channel,ru,ru,1.0,5,5,5,1,3563,1043,12
afric_ylbibka,ru,2,False,channel,ru,ru,0.993,43,40,40,20,1318,11683,11
africanists,ru,2,False,channel,ru,ru,0.992,132,73,73,83,3622,15423,8
aftericonproject,ru,2,False,channel,ru,ru,0.978,264,121,110,59,2245,8057,11
aga_lnr,ru,2,False,channel,ru,ru,1.0,759,424,420,422,1073,4967,12
agaf0nova,ru,2,False,channel,ru,ru,1.0,10,8,7,1,1563,393,18
agendakyiv,ru,2,False,channel,uk,uk,0.982,187,184,180,0,4579,118994,11
agent_svobodi,ru,2,False,channel,ru,ru,0.997,94,85,73,0,9700,35057,6
agentkarlmarks,ru,2,False,channel,ru,ru,1.0,237,230,229,8,209,578,3
agentstvonews,ru,2,False,channel,ru,ru,1.0,199,197,195,0,23895,101630,14
agentual,ru,2,False,empty,unknown,unknown,0.0,0,0,0,0,,88,
agentura08,ru,2,False,channel,ru,ru,1.0,1070,864,774,832,89,672,17
agiprd,ru,2,False,channel,ru,ru,1.0,297,210,205,95,4740,29229,12
agitblog,ru,2,False,channel,ru,ru,0.993,501,448,442,365,43482,109824,9
agituha,ru,2,False,channel,ru,ru,0.997,1101,802,791,261,383,5651,12
agklnr,ru,2,False,channel,ru,ru,1.0,941,588,578,417,650,2922,11
agl_lnr,ru,2,False,channel,ru,ru,1.0,230,218,217,6,1051,9230,13
agramblog,ru,2,False,channel,unknown,unknown,0.0,1,1,0,0,,18,17
agregator_voina,ru,2,False,channel,ru,ru,0.959,226,225,223,25,646,9515,6
agregatortruth,ru,2,False,channel,ru,ru,1.0,263,251,250,0,16939,37608,13
agregatpolit,ru,2,False,channel,ru,ru,1.0,506,506,506,503,45,1304,11
agrocaretaker,ru,2,False,channel,ru,ru,1.0,191,182,182,190,2262,4196,12
agroinvestor,ru,2,False,channel,ru,ru,1.0,271,255,253,0,1353,14788,14
ags_chat123,ru,2,False,group,ru,ru,0.997,2193,2188,2095,19,175503,11964,18
ags_donbassa_rezerv,ru,2,False,channel,ru,ru,0.997,3682,2929,2884,3563,1342,28489,8
ags_feedback_robot,ru,2,False,empty,unknown,unknown,0.0,0,0,0,0,,,
agstakhanov,ru,2,False,channel,ru,ru,1.0,459,274,273,246,2175,9006,8
ah_voenpod,ru,2,False,channel,ru,ru,1.0,46,29,25,3,1964,5220,18
aheku,ru,2,False,channel,ru,ru,0.988,76,38,39,55,1212,5450,21
ahunenno,ru,2,False,channel,ru,ru,1.0,119,100,100,88,1081,2030,7
aif_dagestan,ru,2,False,empty,unknown,unknown,0.0,0,0,0,0,,46,
aif_dobroe_serdce,ru,2,False,channel,ru,ru,1.0,11,9,7,1,153,252,13
aif_yug,ru,2,False,channel,ru,ru,1.0,320,262,257,100,80,1427,9
aifbelgorod,ru,2,False,channel,ru,ru,1.0,325,226,225,0,196,403,10
aifmd,ru,2,False,empty,unknown,unknown,0.0,0,0,0,0,,57,
aifsk,ru,2,False,channel,ru,ru,1.0,828,632,631,1,217,6594,15
aigle_o,ru,2,False,channel,ru,ru,0.994,60,59,58,11,1960,5352,14
airmedia24,ru,2,False,channel,ru,ru,1.0,25,23,21,2,1089,1609,10
aisen_nikolaev,ru,2,False,channel,ru,ru,1.0,141,63,63,0,23780,24691,7
aitkulova_elvira,ru,2,False,channel,ru,ru,1.0,170,75,68,96,180,951,6
ak46_kursk,ru,2,False,empty,unknown,unknown,0.0,0,0,0,0,,21,
ak_akimov,ru,2,False,channel,ru,ru,1.0,78,46,39,59,33,61,9
akadem_news,ru,2,False,channel,ru,ru,1.0,174,99,99,21,5214,3,6
akashevarova_chat,ru,2,False,group,ru,ru,0.988,8466,8464,6066,28,121098,8579,17
akatuy,ru,2,False,empty,unknown,unknown,0.0,0,0,0,0,,6,
akcentynews,ru,2,False,channel,ru,ru,1.0,96,92,91,10,10941,8432,15
akcentynorth,ru,2,False,channel,ru,ru,1.0,36,35,34,12,12309,3499,3
akhmeddudaev,ru,2,False,channel,ru,ru,1.0,91,88,83,17,5974,16807,8
akhmetovkz,ru,2,False,channel,ru,ru,1.0,208,158,158,5,469,4818,5
akimoscow,ru,2,False,channel,ru,ru,1.0,28,19,19,0,533,18278,14
akinakband,ru,2,False,empty,unknown,unknown,0.0,0,0,0,0,,142,
akko_pomogaem,ru,2,False,group,ru,ru,0.985,6450,6256,5690,108,3782,3075,17
akolesnik39,ru,2,False,channel,ru,ru,1.0,273,183,157,96,5938,7508,7
aksakov_online,ru,2,False,channel,ru,ru,1.0,129,66,65,19,406,2550,7
aksionsmartsignal,ru,2,False,channel,ru,ru,1.0,190,188,125,0,235,1360,8
aksutenko,ru,2,False,channel,ru,ru,1.0,38,36,31,0,1864,7080,4
akullapera,ru,2,False,channel,ru,ru,1.0,144,118,115,58,58,173,5
akusherha,ru,2,False,channel,ru,ru,0.997,67,67,67,0,6163,8178,10
akyn_from_polis,ru,2,False,channel,ru,ru,0.997,421,390,382,236,1137,2986,11
al_kalashnikov,ru,2,False,channel,ru,ru,1.0,150,77,60,0,626,399,14
alanasultanova,ru,2,False,empty,unknown,unknown,0.0,0,0,0,0,,6,
alania_gov,ru,2,False,channel,ru,ru,1.0,143,108,105,30,1129,5892,14
alania_online,ru,2,False,channel,ru,ru,0.963,492,388,379,373,1705,6402,8
alaniadaily,ru,2,False,channel,ru,ru,1.0,428,339,338,418,353,1630,9
alaniatvru,ru,2,False,channel,ru,ru,1.0,590,528,525,9,660,8235,13
alanmamiati,ru,2,False,channel,ru,ru,0.997,115,108,103,26,8787,61828,10
alarmukraine,ru,2,False,empty,unknown,unknown,0.0,0,0,0,0,,474,
albertmalikov,ru,2,False,channel,ru,ru,1.0,85,24,24,0,914,832,10
aldisgobzems,ru,2,False,empty,unknown,unknown,0.0,0,0,0,0,,2099,
alekhina_ekaterina,ru,2,False,empty,unknown,unknown,0.0,0,0,0,0,,,
aleko_n17,ru,2,False,channel,ru,ru,1.0,915,199,197,3,36364,105278,17
aleks804,ru,2,False,channel,ru,ru,0.997,1662,1423,1385,1405,84,127,13
aleks_oleg,ru,2,False,empty,unknown,unknown,0.0,0,0,0,0,,,
aleksandr_enbert,ru,2,False,channel,ru,ru,1.0,2,2,1,0,5703,4854,17
aleksandrovdienko,ru,2,False,channel,ru,ru,1.0,72,12,8,21,754,1645,10
aleksandrprohanov,ru,2,False,channel,ru,ru,1.0,6,6,6,0,52072,15872,14
aleksandrrar,ru,2,False,channel,ru,ru,1.0,1,1,1,0,30573,6647,10
aleksei_kudrin,ru,2,False,empty,unknown,unknown,0.0,0,0,0,0,,185,
alekseikopaigorodskii,ru,2,False,empty,unknown,unknown,0.0,0,0,0,0,,96,
alekseioderov,ru,2,False,channel,ru,ru,1.0,56,12,11,0,1863,1261,11
aleksey_smirnov_official,ru,2,False,channel,ru,ru,1.0,73,41,41,0,282,1641,11
alekseykochetkoff,ru,2,False,channel,ru,ru,1.0,39,35,32,15,833,1300,18
alena3310,ru,2,False,empty,unknown,unknown,0.0,0,0,0,0,,,
alenasivkova,ru,2,False,channel,ru,ru,1.0,44,44,43,3,951,1605,9
alenkov_na_sakhaline,ru,2,False,channel,ru,ru,1.0,86,63,62,27,243,1056,7
alex_galickiy,ru,2,False,channel,ru,ru,1.0,14,14,14,0,867,894,5
alex_prosekov,ru,2,False,channel,ru,ru,0.934,102,66,62,0,810,2265,11
alex_voznesensky,ru,2,False,empty,unknown,unknown,0.0,0,0,0,0,,38,
alexander_kulanov,ru,2,False,channel,ru,ru,0.996,65,36,36,6,262,882,11
alexander_kynev,ru,2,False,channel,ru,ru,0.994,222,200,195,119,8542,18519,20
alexanderkolos,ru,2,False,channel,ru,ru,1.0,45,21,19,8,397,1061,14
alexanderzov2022,ru,2,False,empty,unknown,unknown,0.0,0,0,0,0,,,
alexandrshtefanov,ru,2,False,channel,ru,ru,1.0,289,270,262,66,29754,168727,12
alexanyan_rus,ru,2,False,channel,ru,ru,0.994,191,180,172,19,2349,2339,17
alexbobrowski,ru,2,False,channel,ru,ru,1.0,27,23,22,0,53769,37047,20
alexcarrier,ru,2,False,channel,ru,ru,0.994,138,103,98,0,14230,148399,13
alexchepa_duma,ru,2,False,channel,ru,ru,1.0,11,8,8,1,158,1711,9
alexcorinenco,ru,2,False,channel,ru,ru,0.994,77,64,63,49,182,625,17
alexdudchak,ru,2,False,channel,ru,ru,1.0,451,429,426,58,141,8100,9
alexevgen74,ru,2,False,channel,unknown,unknown,0.0,1,1,0,0,,192,11
alexeyryadinskii,ru,2,False,empty,unknown,unknown,0.0,0,0,0,0,,,
alexeyzhuravko,ru,2,False,channel,ru,ru,0.991,326,266,266,13,6929,14606,6
alexgromskynews,ru,2,False,channel,ru,ru,1.0,17,17,17,8,118,191,10
alexpetrukhin,ru,2,False,channel,ru,ru,1.0,3,3,3,1,55654,3514,11
alfa_investments,ru,2,False,channel,ru,ru,1.0,78,72,64,0,46828,725318,7
alfa_redaktor,ru,2,False,empty,unknown,unknown,0.0,0,0,0,0,,,
alfabank,ru,2,False,channel,ru,ru,1.0,21,15,14,1,1324760,997929,6
alfredkochbayern,ru,2,False,channel,ru,ru,1.0,69,69,69,1,132827,42445,23
alia_versio,ru,2,False,channel,ru,ru,1.0,38,37,37,17,336,449,8
alibaba_05,ru,2,False,empty,unknown,unknown,0.0,0,0,0,0,,3567,
alikinalubov,ru,2,False,channel,ru,ru,0.996,249,196,129,123,58,325,10
alimova64,ru,2,False,channel,ru,ru,1.0,50,43,41,8,199,1124,11
alina_djikaeva,ru,2,False,channel,ru,ru,1.0,17,16,16,3,1646,1781,6
alionapretamanger,ru,2,False,channel,ru,ru,1.0,15,12,12,3,395,1735,8
alisastihi,ru,2,False,channel,ru,ru,1.0,2,2,1,0,140,53,10
alisazabaikalom,ru,2,False,channel,ru,ru,1.0,19,18,16,15,4196,2378,4
all_day_uz,ru,2,False,channel,ru,ru,0.997,107,102,102,43,621,562,7
allaboutuae,ru,2,False,channel,ru,ru,0.994,137,104,103,0,3705,11481,6
allfgermany,ru,2,False,channel,ru,ru,1.0,46,25,24,0,5335,3096,14
alliryston,ru,2,False,channel,ru,ru,1.0,2189,1705,1699,2153,312,3560,8
allnews47,ru,2,False,channel,ru,ru,1.0,770,737,733,0,6122,44337,8
allonews,ru,2,False,channel,uk,uk,1.0,173,150,147,0,49127,157122,12
allonfrankk,ru,2,False,channel,ru,ru,1.0,170,137,134,142,164,450,15
alokot,ru,2,False,channel,ru,ru,1.0,220,49,48,1,2404,1922,7
alooker62,ru,2,False,channel,ru,ru,1.0,2,2,2,0,14425,1065,9
alperina,ru,2,False,channel,ru,ru,0.997,330,270,269,11,2263,12402,14
alpha1918,ru,2,False,channel,unknown,ru,0.0,4,1,1,4,20937,5011,4
alpha2049,ru,2,False,channel,ru,ru,1.0,52,14,14,0,5844,4101,12
alrosadiamonds,ru,2,False,channel,ru,ru,1.0,73,40,40,0,5145,14677,7
alshevskix,ru,2,False,channel,ru,ru,1.0,46,31,23,0,147,582,9
altaigovernment,ru,2,False,channel,ru,ru,1.0,492,267,248,322,1206,5740,4
altaiinfo,ru,2,False,channel,ru,ru,1.0,306,194,192,191,3063,3563,2
altaikrai,ru,2,False,channel,ru,ru,1.0,31,30,26,0,1596,3211,10
altapress_ru,ru,2,False,channel,ru,ru,1.0,537,213,207,0,2108,9616,12
altaytandem,ru,2,False,channel,ru,ru,1.0,4,4,4,0,1172,521,7
altayvalenok,ru,2,False,channel,ru,ru,1.0,15,15,15,9,583,575,9
alter_vij,ru,2,False,channel,ru,ru,1.0,16,16,16,2,1404,5503,4
alternatio,ru,2,False,channel,ru,ru,1.0,1143,1143,1143,0,170,899,8
altkomros,ru,2,False,channel,ru,ru,1.0,54,29,21,7,133,156,4
altsmat,ru,2,False,channel,ru,ru,1.0,79,49,42,46,170,241,8
aluminievie,ru,2,False,channel,ru,ru,1.0,87,72,72,14,4603,38069,4
alvina_4_p,ru,2,False,empty,unknown,unknown,0.0,0,0,0,0,,,
alwaysarmenian,ru,2,False,channel,ru,ru,1.0,2,2,2,0,1485,231,13
alwian,ru,2,False,channel,ru,ru,0.989,105,70,68,5,4595,29280,3
amarft0,ru,2,False,empty,unknown,unknown,0.0,0,0,0,0,,,
amaskru,ru,2,False,empty,unknown,unknown,0.0,0,0,0,0,,,
ambassador_brodsky,ru,2,False,channel,ru,ru,1.0,14,12,11,1,3810,2975,9
ambassadorrzn,ru,2,False,empty,unknown,unknown,0.0,0,0,0,0,,1049,
amberdlb,ru,2,False,channel,ru,ru,0.989,563,361,357,0,14694,113376,15
ambrusssenegal,ru,2,False,channel,fr,en,0.996,218,110,103,72,29,627,17
amediatekatv,ru,2,False,channel,ru,ru,0.997,153,91,91,10,5362,29725,8
americancommunityinrussia,ru,2,False,channel,ru,ru,0.786,7,7,3,0,1415,2135,8
amina_shafikova_mkrb,ru,2,False,channel,ru,ru,1.0,13,2,2,10,265,696,10
amir_ali_1996,ru,2,False,empty,unknown,unknown,0.0,0,0,0,0,,,
amnezia_vpn_news_ru,ru,2,False,channel,ru,ru,1.0,1,1,1,0,322049,520606,14
amountno,ru,2,False,empty,unknown,unknown,0.0,0,0,0,0,,,
amralife,ru,2,False,channel,ru,ru,1.0,68,60,60,23,1714,8307,8
ams_tell,ru,2,False,group,ru,ru,0.981,934,921,789,16,12371,1079,5
amur_inside,ru,2,False,channel,ru,ru,1.0,356,208,208,201,1746,1946,7
amur_mash,ru,2,False,channel,ru,ru,1.0,127,96,95,3,15349,53978,5
amurinfo_news,ru,2,False,channel,ru,ru,0.994,725,450,428,60,9860,37909,1
amurleo_land,ru,2,False,channel,ru,ru,1.0,104,57,57,0,2833,12845,8
amurlife1,ru,2,False,channel,ru,ru,1.0,465,359,351,38,5678,26599,0
amurobl,ru,2,False,channel,ru,ru,0.997,483,417,415,51,1415,4466,0
amurobl_official,ru,2,False,channel,ru,ru,0.997,186,121,115,10,3466,10778,1
amurobl_tv,ru,2,False,channel,ru,ru,1.0,498,383,354,111,1407,8372,0
amursovet,ru,2,False,channel,ru,ru,1.0,47,46,46,19,4720,1309,23
amurvolny,ru,2,False,channel,ru,ru,1.0,15,15,14,8,1302,1651,2
amvmedia,ru,2,False,channel,ru,ru,1.0,7,7,7,0,1819,126,9
analogii_i_genealogii,ru,2,False,channel,ru,ru,1.0,27,26,25,1,723,1533,0
analyst_on_the_couch,ru,2,False,channel,ru,ru,1.0,200,191,188,32,30745,58936,8
ananyevilya,ru,2,False,empty,unknown,unknown,0.0,0,0,0,0,,,
anapa_bloknot,ru,2,False,channel,ru,ru,1.0,882,598,579,86,2165,14688,10
anapaone,ru,2,False,channel,ru,ru,0.997,192,113,113,2,1607,5362,14
anapapapa,ru,2,False,channel,ru,ru,1.0,894,836,828,528,961,1857,5
anastasiyaivanovan,ru,2,False,empty,unknown,unknown,0.0,0,0,0,0,,,
anatoliyklimov31,ru,2,False,empty,unknown,unknown,0.0,0,0,0,0,,866,
andranik,ru,2,False,empty,unknown,unknown,0.0,0,0,0,0,,,
andrea_lucidi,ru,2,False,channel,it,it,1.0,326,246,246,224,1410,18010,20
andrejspagorslive,ru,2,False,channel,ru,ru,0.979,92,69,61,10,553,3535,10
andrewpozitifff,ru,2,False,empty,unknown,unknown,0.0,0,0,0,0,,3,
andrey_selezov,ru,2,False,channel,ru,ru,1.0,1006,381,370,58,877,2715,6
andreygridnev7,ru,2,False,channel,ru,ru,1.0,44,32,32,0,1394,2989,10
andreyiva,ru,2,False,channel,ru,ru,0.922,74,51,21,8,2778,3733,8
andreysmychenkov,ru,2,False,channel,ru,ru,1.0,140,101,96,110,104,194,7
andriygorlivskiy,ru,2,False,channel,ru,ru,0.981,39,38,38,1,14643,19688,4
andronikovmonastery,ru,2,False,channel,ru,ru,0.997,649,465,452,245,1226,5759,21
andymok,ru,2,False,empty,unknown,unknown,0.0,0,0,0,0,,,
anettaorlova,ru,2,False,channel,ru,ru,0.995,48,33,27,0,8305,40971,7
angara18,ru,2,False,channel,ru,ru,1.0,96,96,96,60,474,2000,3
angelbfond,ru,2,False,channel,ru,ru,1.0,443,97,94,38,473,2899,17
angelicakaretkina,ru,2,False,channel,ru,ru,1.0,13,13,13,9,308,973,20
angelika_vz,ru,2,False,channel,ru,ru,1.0,5207,4128,4121,3030,24,2653,5
angelvlg34,ru,2,False,empty,unknown,unknown,0.0,0,0,0,0,,,
angry_opposum,ru,2,False,channel,ru,ru,1.0,25,25,25,4,2040,2460,8
angrybonds,ru,2,False,channel,ru,ru,1.0,119,118,98,14,5915,24163,9
angrykat,ru,2,False,empty,unknown,unknown,0.0,0,0,0,0,,,
angusht_06,ru,2,False,channel,ru,ru,1.0,218,180,180,192,193,1014,3
aniarmenia_ekb,ru,2,False,channel,ru,ru,1.0,11,10,8,3,1001,959,16
anka_donchanka,ru,2,False,channel,ru,ru,1.0,159,95,90,61,451,450,11
ann_1333,ru,2,False,empty,unknown,unknown,0.0,0,0,0,0,,,
ann_butovo,ru,2,False,empty,unknown,unknown,0.0,0,0,0,0,,,
anna_india,ru,2,False,empty,unknown,unknown,0.0,0,0,0,0,,,
anna_korob,ru,2,False,empty,unknown,unknown,0.0,0,0,0,0,,,
anna_krasnopolskaya,ru,2,False,empty,unknown,unknown,0.0,0,0,0,0,,,
anna_otke,ru,2,False,channel,ru,ru,1.0,745,501,487,696,40,223,5
annaburygina,ru,2,False,empty,unknown,unknown,0.0,0,0,0,0,,,
annakytashova,ru,2,False,channel,ru,ru,1.0,350,106,89,0,849,852,12
ano_asiris,ru,2,False,channel,ru,ru,1.0,77,41,27,0,270,2697,6
ano_dialog,ru,2,False,channel,ru,ru,1.0,64,21,21,0,3804,10308,10
anon_prok_press,ru,2,False,channel,ru,ru,1.0,90,90,90,18,4124,20516,10
anons39,ru,2,False,channel,ru,ru,1.0,17,6,6,0,10330,28055,13
anonsisrael,ru,2,False,channel,ru,ru,0.983,429,429,406,1,1412,14262,8
anrysneggy,ru,2,False,empty,unknown,unknown,0.0,0,0,0,0,,,
ansvistunov,ru,2,False,channel,ru,ru,1.0,27,27,18,1,76,212,9
ant0n_kravets,ru,2,False,channel,ru,ru,1.0,228,61,48,32,36,458,16
anthabar,ru,2,False,channel,ru,ru,1.0,45,45,45,0,7120,13843,9
anthro_fun,ru,2,False,channel,ru,ru,0.991,60,54,52,0,34868,76423,12
anti_rubra,ru,2,False,empty,unknown,unknown,0.0,0,0,0,0,,5783,
antibloger_official,ru,2,False,channel,ru,ru,0.986,65,59,49,15,3902,20659,16
antideza,ru,2,False,channel,ru,ru,1.0,366,364,346,46,15366,7895,13
antidigital,ru,2,False,channel,ru,ru,1.0,71,56,56,1,5612,24421,8
antifalivland,ru,2,False,channel,ru,ru,1.0,584,466,440,343,2175,19653,7
antifishechki,ru,2,False,empty,unknown,unknown,0.0,0,0,0,0,,37756,
antifragile_trading,ru,2,False,channel,ru,ru,1.0,26,24,24,0,18591,159,7
antihype_kpss,ru,2,False,channel,ru,ru,1.0,45,31,23,4,53629,172975,9
antiliberast_ru,ru,2,False,channel,ru,ru,1.0,31,31,29,5,1528,1942,15
antimaidanmd,ru,2,False,channel,ru,ru,1.0,218,215,214,62,1543,2254,7
antimakarevich,ru,2,False,channel,ru,ru,1.0,109,92,85,50,218,445,3
antiohperesvetov,ru,2,False,empty,unknown,unknown,0.0,0,0,0,0,,2,
antioranje,ru,2,False,channel,ru,ru,1.0,26,20,20,21,36,28,18
antiraskol,ru,2,False,channel,ru,ru,1.0,445,413,411,93,826,4591,12
antispiegeltv,ru,2,False,channel,de,de,1.0,21,21,21,0,16586,15281,18
antituran,ru,2,False,channel,ru,ru,1.0,511,452,449,265,2059,8967,13
antonsevidov,ru,2,False,channel,ru,ru,1.0,8,7,7,1,3933,2343,15
antonshagin,ru,2,False,channel,ru,ru,1.0,17,13,13,8,8247,8745,12
antonsolovyevspb,ru,2,False,channel,ru,ru,1.0,111,56,48,4,121,2322,13
antonvewaet,ru,2,False,channel,ru,ru,1.0,36,26,26,5,190,431,19
anyanaekrane,ru,2,False,channel,ru,ru,0.991,623,502,485,285,120,1010,6
ao_elara,ru,2,False,channel,ru,ru,1.0,12,12,6,1,2213,2018,9
aokaustik,ru,2,False,channel,ru,ru,1.0,58,29,21,0,1072,2199,6
aomurmansk,ru,2,False,channel,ru,ru,1.0,423,346,340,0,1734,10214,9
aoock,ru,2,False,channel,ru,ru,1.0,224,108,107,16,806,7629,7
ap_krepskiy,ru,2,False,channel,ru,ru,1.0,5,5,5,0,3339,662,2
aparfenchikov,ru,2,False,channel,ru,ru,1.0,208,57,55,0,1360,5951,16
apartsforrent,ru,2,False,group,unknown,unknown,0.0,6,6,0,0,,699,18
apartsharingdohod,ru,2,False,channel,unknown,unknown,0.0,4,4,1,0,1682,169,12
apbusinesstj,ru,2,False,channel,ru,ru,1.0,61,56,56,6,15636,3641,2
apendi_businessman,ru,2,False,channel,ru,ru,1.0,78,74,73,0,547,1254,4
apesotskiy,ru,2,False,channel,ru,ru,1.0,85,73,71,23,1055,2365,14
aphina_pallados,ru,2,False,channel,ru,ru,0.997,400,228,216,44,482,1836,0
apis_borealis,ru,2,False,empty,unknown,unknown,0.0,0,0,0,0,,330,
apkkherson,ru,2,False,channel,ru,ru,1.0,18,17,16,8,3747,3354,9
apolitic_gubit,ru,2,False,empty,unknown,unknown,0.0,0,0,0,0,,61,
apparatustatar,ru,2,False,channel,ru,ru,1.0,83,58,58,2,1366,5153,13
arabia_socialism,ru,2,False,empty,unknown,unknown,0.0,0,0,0,0,,53,
arapovgk,ru,2,False,channel,ru,ru,1.0,12,10,10,3,1030,1520,7
ararathau,ru,2,False,channel,ru,ru,0.991,194,183,173,70,3168,9354,7
arbaletfm,ru,2,False,empty,unknown,unknown,0.0,0,0,0,0,,7742,
arbuztoday30,ru,2,False,channel,ru,ru,1.0,52,36,35,0,1154,6892,12
arcakovadara5,ru,2,False,empty,unknown,unknown,0.0,0,0,0,0,,,
arcax999,ru,2,False,channel,ru,ru,0.997,1077,974,936,789,55,1742,19
archanonews,ru,2,False,channel,ru,ru,1.0,798,605,596,789,25,197,5
archi_econ,ru,2,False,channel,ru,ru,0.994,325,98,97,3,3310,8921,10
archiuja,ru,2,False,channel,ru,ru,0.994,434,341,341,97,4687,14236,11
archzhest,ru,2,False,channel,ru,ru,1.0,4,4,4,0,6387,3168,6
arcticpost,ru,2,False,channel,ru,ru,1.0,182,182,182,0,1665,478,1
arcticrout,ru,2,False,channel,ru,ru,1.0,410,374,374,12,673,372,7
arcticvostok,ru,2,False,channel,ru,ru,1.0,44,26,17,0,362,808,8
arctik_obline,ru,2,False,channel,ru,ru,0.983,639,395,390,582,205,2572,21
argaman_project,ru,2,False,channel,ru,ru,1.0,3,3,3,0,1046,1127,7
argumentik,ru,2,False,channel,ru,ru,1.0,8,8,8,0,532,1054,8
argusm_ru,ru,2,False,empty,unknown,unknown,0.0,0,0,0,0,,,
arh_29ru,ru,2,False,channel,ru,ru,1.0,491,379,373,0,2070,18928,8
arhbigteh,ru,2,False,empty,unknown,unknown,0.0,0,0,0,0,,10,
arhitekturasi,ru,2,False,channel,ru,ru,1.0,35,16,15,0,4910,8644,7
arhiufa,ru,2,False,channel,ru,ru,1.0,12,10,10,0,2442,2403,13
arhmnenie,ru,2,False,group,ru,ru,1.0,650,609,549,359,1109,1664,8
arhnow,ru,2,False,channel,ru,ru,0.994,394,211,210,48,563,2082,9
arhondarik,ru,2,False,channel,ru,ru,0.997,198,138,73,8,2864,8686,9
arhsenator,ru,2,False,channel,ru,ru,1.0,8,7,6,1,117,62,8
arhsvoboda,ru,2,False,channel,ru,ru,0.988,949,886,875,206,4713,10925,8
arhvlasti,ru,2,False,channel,ru,ru,1.0,86,63,63,56,5341,2819,8
arhyz24,ru,2,False,channel,ru,ru,1.0,677,389,386,250,3560,19627,8
ariconluxcompany,ru,2,False,channel,ru,ru,1.0,15,8,7,0,2299,897,19
arinab1973,ru,2,False,channel,ru,ru,1.0,1175,834,800,440,3133,14250,9
arkadydubnov,ru,2,False,channel,ru,ru,1.0,27,27,27,1,9523,10598,11
arkadymaler,ru,2,False,channel,ru,ru,1.0,17,14,14,4,1536,2135,13
arkashaseverny,ru,2,False,channel,ru,ru,0.991,309,262,252,33,663,1055,3
arkhangelfront,ru,2,False,channel,ru,ru,0.997,479,387,352,2,383,21559,16
arkhangelsk01bot,ru,2,False,empty,unknown,unknown,0.0,0,0,0,0,,,
arkhlikbez,ru,2,False,channel,ru,ru,1.0,606,238,229,37,20653,124053,9
arm_aeternum7,ru,2,False,channel,ru,ru,1.0,3,3,3,0,330,1551,10
armbook_bot,ru,2,False,empty,unknown,unknown,0.0,0,0,0,0,,,
armeconomist,ru,2,False,channel,ru,ru,1.0,108,106,106,6,182,434,7
armeec_stupino,ru,2,False,channel,ru,ru,1.0,182,82,72,177,35,99,16
armenia_and_armenians,ru,2,False,empty,unknown,unknown,0.0,0,0,0,0,,146,
armenian_diaspora,ru,2,False,channel,ru,ru,1.0,23,22,22,0,968,1919,13
armeniangc,ru,2,False,channel,ru,ru,0.997,317,243,242,130,1641,9730,10
armenianman,ru,2,False,empty,unknown,unknown,0.0,0,0,0,0,,2568,
armenianpositive,ru,2,False,channel,ru,ru,0.991,33,31,31,0,1191,1518,10
armeniaseychas,ru,2,False,channel,ru,ru,1.0,2182,1968,1953,225,172,788,8
armenpress,ru,2,False,channel,ru,ru,0.997,747,674,671,41,959,9653,9
armenpresshistory,ru,2,False,channel,ru,ru,1.0,2,1,1,0,9533,679,10
armlifechat_new,ru,2,False,group,ru,ru,0.996,31669,31536,29892,1034,2889,400,19
armmil_bot,ru,2,False,empty,unknown,unknown,0.0,0,0,0,0,,,
armmirotvorec,ru,2,False,channel,ru,ru,1.0,263,229,222,54,6616,14270,18
armsilaruchat,ru,2,False,group,ru,ru,0.988,15960,15664,15300,3046,723,615,20
armsport_official,ru,2,False,empty,unknown,unknown,0.0,0,0,0,0,,0,
armtoday,ru,2,False,channel,ru,ru,1.0,928,846,842,71,8270,16773,6
armysymbol,ru,2,False,channel,ru,ru,1.0,194,194,192,2,408,4007,4
armytatarstan,ru,2,False,channel,ru,ru,1.0,35,7,7,0,27524,9888,15
armyzo,ru,2,False,empty,unknown,unknown,0.0,0,0,0,0,,,
arnika_info_bot,ru,2,False,empty,unknown,unknown,0.0,0,0,0,0,,,
arnogujonsrbija,ru,2,False,channel,mk,mk,0.99,71,28,28,0,5694,3974,11
arperf,ru,2,False,channel,ru,ru,1.0,84,84,84,6,823,3639,8
arsenevtv,ru,2,False,empty,unknown,unknown,0.0,0,0,0,0,,,
arsenievmuseum,ru,2,False,channel,ru,ru,1.0,102,66,55,6,814,8735,5
arsenmolchanov,ru,2,False,channel,ru,ru,1.0,84,58,53,0,2293,2975,17
arsininini,ru,2,False,channel,ru,ru,1.0,979,741,741,857,5984,14102,6
arslan_enn,ru,2,False,empty,unknown,unknown,0.0,0,0,0,0,,,
art_arta,ru,2,False,channel,ru,ru,0.994,100,70,66,23,864,2311,6
art_hive,ru,2,False,empty,unknown,unknown,0.0,0,0,0,0,,15,
art_soldat,ru,2,False,channel,ru,ru,1.0,17,17,17,0,1454,436,15
art_svetlana_zhigimont,ru,2,False,channel,ru,ru,0.991,113,82,79,30,1229,1405,10
artabout,ru,2,False,channel,ru,ru,1.0,139,36,36,18,887,2411,13
artamonovs,ru,2,False,channel,ru,ru,1.0,48,24,23,0,545,1468,6
artdom42,ru,2,False,empty,unknown,unknown,0.0,0,0,0,0,,766,
artel_and_maslovskie,ru,2,False,channel,ru,ru,1.0,18,17,17,8,900,143,9
artem_kirianov,ru,2,False,channel,ru,ru,1.0,52,35,35,4,905,7357,12
artem_pavlov_psy,ru,2,False,channel,ru,ru,0.975,48,46,29,7,1318,2205,8
artembichaev,ru,2,False,channel,ru,ru,1.0,33,13,13,29,479,862,9
artemida_90,ru,2,False,empty,unknown,unknown,0.0,0,0,0,0,,,
artemkushnir,ru,2,False,empty,unknown,unknown,0.0,0,0,0,0,,535,
artemvsotnikov,ru,2,False,channel,ru,ru,0.991,87,68,67,38,60,168,9
artenderproject,ru,2,False,channel,ru,ru,0.994,304,194,143,7,958,9964,18
artestate,ru,2,False,empty,unknown,unknown,0.0,0,0,0,0,,5,
artillery_artillery,ru,2,False,channel,ru,ru,1.0,276,140,138,61,2447,14159,21
artisnewsexy,ru,2,False,channel,ru,ru,1.0,91,63,58,2,10897,22154,8
artolmachev,ru,2,False,channel,ru,ru,1.0,45,29,28,16,870,4606,18
artsakh_armenia,ru,2,False,empty,unknown,unknown,0.0,0,0,0,0,,540,
artsakh_daily,ru,2,False,channel,ru,ru,0.991,303,274,271,112,1797,9046,10
artsakhsfront,ru,2,False,channel,ru,ru,0.997,240,194,194,39,273,708,10
artsakhskiakcent,ru,2,False,channel,ru,ru,1.0,6,6,6,0,2027,223,7
arturtelegram,ru,2,False,empty,unknown,unknown,0.0,0,0,0,0,,,
arturtruman,ru,2,False,channel,ru,ru,1.0,141,124,122,33,906,1670,5
artyuhin_aleksey,ru,2,False,channel,ru,ru,1.0,244,87,82,6,748,1026,6
asabst,ru,2,False,channel,ru,ru,1.0,29,25,25,0,394,683,10
asafevstas,ru,2,False,channel,ru,ru,1.0,35,35,35,0,143163,236992,12
asi_ru,ru,2,False,channel,ru,ru,1.0,39,35,33,15,1808,16077,10
asia_korotko,ru,2,False,channel,ru,ru,0.986,1067,1013,1013,12,100,1003,11
asiaplus,ru,2,False,channel,ru,ru,0.997,960,798,768,55,15486,70242,5
asiguta,ru,2,False,channel,ru,ru,1.0,51,41,39,6,6015,3485,14
ask_leviatan_bot,ru,2,False,empty,unknown,unknown,0.0,0,0,0,0,,,
ask_metelev_bot,ru,2,False,empty,unknown,unknown,0.0,0,0,0,0,,,
asket_channel,ru,2,False,channel,ru,ru,0.991,64,56,49,16,4154,5403,18
askjew,ru,2,False,channel,ru,ru,0.997,109,90,90,17,1735,22917,17
askrasul,ru,2,False,channel,ru,ru,1.0,931,874,864,364,20169,94589,11
aspecty,ru,2,False,channel,ru,ru,1.0,460,423,422,2,387,5143,6
aspolrf,ru,2,False,channel,ru,ru,1.0,29,28,27,0,137,1427,8
asscrussia,ru,2,False,channel,ru,ru,1.0,37,23,14,3,539,4204,14
astrapress,ru,2,False,channel,ru,ru,1.0,1734,1077,1064,9,37558,320737,13
astrophotoboloto,ru,2,False,channel,ru,ru,1.0,255,65,65,26,2951,19968,16
astrozapiski,ru,2,False,channel,ru,ru,1.0,32,32,29,0,855,3451,11
astv_ru,ru,2,False,channel,ru,ru,0.986,813,764,744,35,16580,84278,6
atamekenbusiness,ru,2,False,channel,ru,ru,1.0,398,382,344,0,12887,73980,6
ateobreaking,ru,2,False,channel,ru,ru,0.997,1849,1751,1742,43,203628,637224,5
atlantarmour_ru,ru,2,False,channel,ru,ru,1.0,176,52,48,10,3883,13365,9
atomflot_official,ru,2,False,channel,ru,ru,0.993,59,49,47,4,2026,10773,10
atomiccherry,ru,2,False,channel,ru,ru,1.0,6,6,6,0,188342,70193,12
attaqve,ru,2,False,empty,unknown,unknown,0.0,0,0,0,0,,1,
atvmedia26,ru,2,False,channel,ru,ru,1.0,327,242,212,1,715,3886,13
auantonov,ru,2,False,channel,ru,ru,1.0,45,44,43,3,33780,318422,8
audiogazeta,ru,2,False,channel,ru,ru,1.0,46,45,45,12,561,1130,5
auguresofaltai,ru,2,False,channel,ru,ru,1.0,9,9,9,0,2462,920,5
aupch_dnr,ru,2,False,channel,ru,ru,1.0,63,35,29,7,1708,1799,9
aurax,ru,2,False,empty,unknown,unknown,0.0,0,0,0,0,,,
aurora_network,ru,2,False,channel,ru,ru,1.0,65,62,59,39,5945,30632,14
aurora_radio,ru,2,False,channel,ru,ru,1.0,72,72,72,9,5858,18290,17
ausguck,ru,2,False,channel,ru,ru,1.0,33,33,33,0,4098,4964,8
auto_respublika,ru,2,False,channel,ru,ru,0.994,5221,816,811,0,276,356,18
autoclub_kld,ru,2,False,channel,ru,ru,0.997,334,253,246,5,3018,27093,7
autoisrael,ru,2,False,channel,ru,ru,0.964,6,5,5,1,1089,297,11
automobil_md,ru,2,False,channel,ru,ru,1.0,453,337,331,29,2655,13273,13
autonord,ru,2,False,channel,ru,ru,1.0,64,60,60,35,27,201,6
autovalhalla,ru,2,False,channel,ru,ru,1.0,32,14,14,9,3605,856,21
avanti_lnr,ru,2,False,channel,ru,ru,1.0,39,39,37,5,10005,11414,12
avb929,ru,2,False,channel,ru,ru,1.0,28,26,24,2,1660,3595,7
avdjugin,ru,2,False,channel,ru,ru,1.0,119,95,89,36,2848,12137,11
avemeliodas_tg,ru,2,False,channel,ru,ru,1.0,6,5,4,0,24087,2084,6
avhagin,ru,2,False,channel,ru,ru,1.0,32,13,13,0,3350,535,7
avia0kot,ru,2,False,channel,ru,ru,0.985,510,336,332,1,195,1192,6
aviachatchannel,ru,2,False,channel,ru,ru,1.0,71,23,23,34,3300,9390,6
aviahh,ru,2,False,channel,ru,ru,1.0,12,12,12,1,4521,12198,11
aviahub34,ru,2,False,channel,ru,ru,0.924,129,118,117,18,1466,91080,5
avianao,ru,2,False,channel,ru,ru,1.0,24,16,16,5,745,1352,5
aviaru_news,ru,2,False,channel,ru,ru,1.0,765,765,765,0,520,5788,7
aviasales,ru,2,False,channel,ru,ru,1.0,151,105,103,24,42421,300640,9
aviasales_dv,ru,2,False,channel,ru,ru,0.997,177,87,84,2,2976,14813,3
aviation_language,ru,2,False,channel,en,en,0.988,33,33,15,0,867,888,14
aviatorshina,ru,2,False,channel,ru,ru,1.0,71,66,66,0,48280,119458,8
aviatsiya,ru,2,False,channel,ru,ru,1.0,4,4,4,0,12410,6456,8
avitolive,ru,2,False,channel,ru,ru,1.0,96,72,65,0,2475,15680,6
avkurshin,ru,2,False,empty,unknown,unknown,0.0,0,0,0,0,,1,
avocado_dn,ru,2,False,empty,unknown,unknown,0.0,0,0,0,0,,,
avocado_don,ru,2,False,channel,ru,ru,1.0,32,5,5,0,1891,1500,6
avokadiytv,ru,2,False,channel,ru,ru,1.0,58,40,32,30,384,1212,9
avsherbakov,ru,2,False,channel,ru,ru,1.0,33,20,13,4,341,713,10
avshzh,ru,2,False,channel,ru,ru,1.0,33,18,17,19,209,711,19
avt39,ru,2,False,empty,unknown,unknown,0.0,0,0,0,0,,20090,
avto154,ru,2,False,empty,unknown,unknown,0.0,0,0,0,0,,16072,
avtodonetsk,ru,2,False,group,ru,ru,0.983,1145,1136,1101,64,30399,6892,5
avtoprobegrf,ru,2,False,channel,ru,ru,1.0,10,10,9,5,481,534,14
avtozaklive,ru,2,False,channel,ru,ru,1.0,498,392,370,32,5833,26882,11
ayagma_vanchikova,ru,2,False,channel,ru,ru,0.997,276,179,157,158,468,1736,0
ayaks33,ru,2,False,empty,unknown,unknown,0.0,0,0,0,0,,,
ayarusov,ru,2,False,channel,ru,ru,1.0,183,93,80,74,118,522,12
ayboltay,ru,2,False,channel,ru,ru,1.0,38,35,35,17,1081,1211,5
azalianow,ru,2,False,channel,ru,ru,1.0,88,37,35,0,152,1453,13
azarenok_tv,ru,2,False,channel,ru,ru,1.0,1318,1113,1096,1286,1630,2735,14
azarenokctv,ru,2,False,channel,ru,ru,0.987,1319,1112,1093,982,850,15930,14
azarovlife63,ru,2,False,empty,unknown,unknown,0.0,0,0,0,0,,2603,
azatagrum,ru,2,False,channel,ru,ru,1.0,487,472,462,478,624,2187,8
azattykrus,ru,2,False,channel,ru,ru,1.0,288,217,212,14,3040,9851,10
azimut_call,ru,2,False,empty,unknown,unknown,0.0,0,0,0,0,,,
azimuthairlines,ru,2,False,channel,ru,ru,1.0,18,18,11,0,742,5251,16
aznovost,ru,2,False,channel,ru,ru,0.997,2909,2373,2367,23,370,17393,7
azov_v_kyrse,ru,2,False,channel,ru,ru,0.997,596,387,384,74,1405,12363,4
b24tv,ru,2,False,channel,ru,ru,1.0,775,741,728,90,251,4060,16
b_gorod,ru,2,False,channel,ru,ru,1.0,529,436,433,0,1610,12782,9
b_sudoplatov,ru,2,False,empty,unknown,unknown,0.0,0,0,0,0,,277,
ba_elkin,ru,2,False,channel,ru,ru,1.0,181,44,42,0,1345,3831,14
babaiga,ru,2,False,channel,ru,ru,0.99,436,334,325,7,10115,24799,12
babeltower2,ru,2,False,channel,ru,ru,1.0,113,113,113,0,2864,27051,20
babichinosmi,ru,2,False,empty,unknown,unknown,0.0,0,0,0,0,,359,
babkatch,ru,2,False,channel,ru,ru,0.996,224,217,152,69,74,182,15
babr24,ru,2,False,channel,ru,ru,1.0,647,581,557,462,1719,6835,8
babr_138,ru,2,False,channel,ru,ru,1.0,86,83,83,18,1121,1592,6
babr_mash,ru,2,False,channel,ru,ru,1.0,123,79,79,1,13112,42559,10
babrmedia,ru,2,False,channel,ru,ru,1.0,146,120,120,0,1032,2193,11
babushkin30,ru,2,False,channel,ru,ru,1.0,203,49,46,0,9664,23326,14
babyshka33,ru,2,False,channel,ru,ru,1.0,58,54,53,10,4227,3936,8
back_to_israel,ru,2,False,channel,ru,ru,1.0,53,53,37,1,2503,12854,7
bad_good_chat,ru,2,False,group,ru,ru,0.985,243,241,219,14,53699,5504,10
badcrimea_bot,ru,2,False,empty,unknown,unknown,0.0,0,0,0,0,,,
baddykiton_true,ru,2,False,channel,ru,ru,1.0,186,163,160,26,6249,8851,11
bagramyan26,ru,2,False,channel,ru,ru,1.0,831,715,709,50,27168,99757,9
baian18,ru,2,False,empty,unknown,unknown,0.0,0,0,0,0,,86,
baikal_center,ru,2,False,channel,ru,ru,1.0,34,11,11,14,921,858,6
baikalnofilters,ru,2,False,channel,ru,ru,1.0,74,64,64,3,7858,22127,4
baikalzdrav,ru,2,False,channel,ru,ru,1.0,214,125,114,42,24,44,9
baiqapiramidabot,ru,2,False,empty,unknown,unknown,0.0,0,0,0,0,,,
bajov_skaz,ru,2,False,channel,ru,ru,1.0,56,51,51,10,4256,35598,9
bakburila,ru,2,False,channel,ru,ru,0.997,677,575,568,32,439,98946,8
bakhmut,ru,2,False,empty,unknown,unknown,0.0,0,0,0,0,,1906,
bakinskiy_nord,ru,2,False,channel,ru,ru,1.0,524,433,433,117,952,6014,7
baksheevao,ru,2,False,empty,unknown,unknown,0.0,0,0,0,0,,,
bakutvru,ru,2,False,channel,ru,ru,1.0,757,561,553,38,242,3868,13
balabanov_live,ru,2,False,channel,ru,ru,1.0,49,27,24,0,762,339,11
balagan_news,ru,2,False,channel,ru,ru,1.0,36,35,35,0,3093,3395,13
balashikha_life,ru,2,False,channel,ru,ru,0.994,517,330,329,2,6187,52504,15
balbaltas,ru,2,False,empty,unknown,unknown,0.0,0,0,0,0,,,
baldebut,ru,2,False,channel,ru,ru,1.0,172,109,106,18,7528,22837,6
balitskyev,ru,2,False,channel,ru,ru,1.0,112,60,60,0,45682,59384,11
balkar_hychin,ru,2,False,channel,ru,ru,1.0,37,28,28,35,177,5131,12
baltbolt,ru,2,False,empty,unknown,unknown,0.0,0,0,0,0,,94,
balti_online,ru,2,False,channel,ru,ru,1.0,382,281,281,5,2733,17676,8
baltictea,ru,2,False,channel,ru,ru,0.997,220,157,152,57,1161,9641,14
balticvision,ru,2,False,channel,ru,ru,1.0,194,177,176,165,426,1053,8
bamway,ru,2,False,channel,ru,ru,1.0,50,50,50,0,36350,39408,23
bananatomato,ru,2,False,channel,ru,ru,1.0,127,108,105,123,214,651,13
banditskayasamara,ru,2,False,channel,ru,ru,1.0,231,205,114,12,4552,28264,7
bank_tochka,ru,2,False,channel,ru,ru,1.0,48,20,19,0,8306,54445,10
bankfax_official,ru,2,False,channel,ru,ru,1.0,314,314,314,0,392,3203,2
bankingtruth,ru,2,False,channel,ru,ru,1.0,655,648,648,4,13305,32763,7
bankser,ru,2,False,channel,ru,ru,0.997,431,399,399,37,34700,130858,7
bankuem,ru,2,False,channel,ru,ru,1.0,141,141,141,18,1081,12982,14
bankvtb,ru,2,False,channel,ru,ru,1.0,27,18,16,0,141859,460885,12
bapaxlo,ru,2,False,channel,ru,ru,1.0,443,357,357,324,845,3380,10
baraban_region,ru,2,False,channel,ru,ru,1.0,164,162,162,40,1022,1325,13
baraeva_vidit,ru,2,False,channel,ru,ru,1.0,71,71,71,8,395,4876,7
barakholka32,ru,2,False,channel,ru,ru,1.0,118,98,97,0,12936,65122,6
baranovmovie,ru,2,False,channel,ru,ru,0.997,252,162,155,0,4527,23088,11
barbarossa_smgi,ru,2,False,channel,de,de,1.0,198,195,189,34,10659,31201,17
bardachevlive,ru,2,False,channel,ru,ru,1.0,337,249,243,272,50,257,15
bardachko,ru,2,False,channel,ru,ru,1.0,83,51,51,0,6147,611758,8
barnaul22official,ru,2,False,empty,unknown,unknown,0.0,0,0,0,0,,849,
barnaul_i_tochka,ru,2,False,channel,ru,ru,1.0,221,177,160,2,2986,5466,4
barnaul_org,ru,2,False,channel,ru,ru,1.0,303,171,169,83,1351,6283,9
barnaul_press,ru,2,False,channel,ru,ru,1.0,215,109,109,62,1917,4471,2
barnaul_region,ru,2,False,channel,ru,ru,1.0,459,348,348,2,6793,16680,6
barnaulanalytics,ru,2,False,channel,ru,ru,1.0,43,37,26,4,7189,6308,9
baronova,ru,2,False,channel,ru,ru,1.0,643,550,492,182,3397,6676,15
baronovatarot_bot,ru,2,False,empty,unknown,unknown,0.0,0,0,0,0,,,
barrymore_sir_bot,ru,2,False,empty,unknown,unknown,0.0,0,0,0,0,,,
barsolutionnews,ru,2,False,channel,ru,ru,1.0,62,26,24,10,2618,8592,7
basenkovvv,ru,2,False,empty,unknown,unknown,0.0,0,0,0,0,,358,
bashbat02,ru,2,False,channel,ru,ru,0.991,172,113,112,94,8313,10246,6
bashica2,ru,2,False,channel,ru,ru,1.0,120,103,97,20,2448,2210,17
bashk01_bot,ru,2,False,empty,unknown,unknown,0.0,0,0,0,0,,,
bashkortostan_gov,ru,2,False,channel,ru,ru,1.0,402,197,196,2,239,5431,5
bashnews,ru,2,False,empty,unknown,unknown,0.0,0,0,0,0,,117,
basicmoscow,ru,2,False,channel,ru,ru,1.0,631,399,399,1,14791,55889,18
batalyon15bot,ru,2,False,empty,unknown,unknown,0.0,0,0,0,0,,,
batawoman,ru,2,False,channel,ru,ru,1.0,107,100,100,26,398,612,19
batayskgorod,ru,2,False,channel,ru,ru,0.997,501,320,316,9,4781,30103,7
bathett,ru,2,False,channel,ru,ru,0.997,262,92,85,15,190,1020,9
batkalukashenko,ru,2,False,channel,ru,ru,0.991,1390,1143,1068,1211,75,813,12
batollo_void,ru,2,False,channel,ru,ru,1.0,846,819,105,147,791,11289,14
batratsvet,ru,2,False,channel,ru,ru,1.0,230,160,159,42,265,320,5
batt_terek,ru,2,False,channel,ru,ru,0.975,187,156,149,72,1567,7427,5
battfemale,ru,2,False,channel,ru,ru,1.0,76,37,36,0,1530,140,9
batyr_emeev,ru,2,False,channel,ru,ru,1.0,39,10,8,0,655,10327,19
bazhenovteam,ru,2,False,empty,unknown,unknown,0.0,0,0,0,0,,80026,
bazoviy_ded_iz_bresta,ru,2,False,channel,ru,ru,0.997,2021,1769,1633,878,453,2508,18
bc_pari,ru,2,False,channel,ru,ru,1.0,189,171,154,10,3760,103102,7
bcodenews,ru,2,False,empty,unknown,unknown,0.0,0,0,0,0,,42,
bditelnost,ru,2,False,channel,ru,ru,1.0,739,494,493,216,255,1198,21
bdtprb,ru,2,False,channel,ru,ru,1.0,1054,858,816,21,57054,291615,5
bealltainnn,ru,2,False,channel,ru,ru,1.0,18,18,18,0,1028,794,13
beard_cliff,ru,2,False,channel,ru,ru,1.0,64,35,31,0,858,6485,6
beatbarenboim,ru,2,False,channel,ru,ru,1.0,11,10,10,3,4688,1610,15
beauty_sleep_russia,ru,2,False,channel,ru,ru,1.0,30,20,20,0,3510,5747,18
becedyem,ru,2,False,group,ru,ru,0.984,2993,2952,2882,302,21953,533,13
bedgorod,ru,2,False,channel,ru,ru,0.991,849,719,709,179,429,1006,8
before_and_afterward,ru,2,False,channel,ru,ru,1.0,133,111,105,37,5676,12967,19
begleita,ru,2,False,channel,ru,ru,1.0,1,1,1,0,4928,4573,17
begtin,ru,2,False,channel,ru,ru,1.0,82,58,57,3,1917,9156,10
being_human_rus,ru,2,False,channel,ru,ru,0.997,151,125,123,0,2607,12293,19
bek_adm,ru,2,False,channel,ru,ru,1.0,231,79,70,34,86,252,6
bel_buj,ru,2,False,channel,ru,ru,1.0,99,85,84,80,291,1307,12
bel_podrobnosti,ru,2,False,channel,ru,ru,1.0,346,145,137,5,6216,7111,21
belarus_files,ru,2,False,channel,ru,ru,1.0,57,57,55,1,1024,2002,15
belavia_official,ru,2,False,channel,ru,ru,1.0,48,14,13,0,7786,56521,12
belaya_kaska,ru,2,False,channel,ru,ru,1.0,799,505,502,43,19305,80222,13
belayabereska,ru,2,False,empty,unknown,unknown,0.0,0,0,0,0,,3,
beletskiyshitaet,ru,2,False,channel,ru,ru,1.0,72,36,34,12,229,1440,14
belgornews,ru,2,False,empty,unknown,unknown,0.0,0,0,0,0,,22,
belgorod00,ru,2,False,empty,unknown,unknown,0.0,0,0,0,0,,40,
belgorod_informant,ru,2,False,channel,ru,ru,0.979,369,332,332,3,22871,22929,10
belgorodhelp_bot,ru,2,False,empty,unknown,unknown,0.0,0,0,0,0,,,
belgorodskiy31,ru,2,False,channel,ru,ru,0.994,332,229,223,60,1886,1697,13
belgorpost,ru,2,False,channel,ru,ru,1.0,308,196,196,98,8537,62899,7
belguber,ru,2,False,channel,ru,ru,1.0,131,95,95,71,237,346,8
belinadm,ru,2,False,channel,ru,ru,1.0,187,78,75,0,277,620,13
belka,ru,2,False,empty,unknown,unknown,0.0,0,0,0,0,,,
belnews_belgorod,ru,2,False,channel,ru,ru,0.997,664,400,397,0,12763,16962,6
belogvardejac,ru,2,False,channel,ru,ru,0.996,209,178,81,21,104,100,5
belovodskadm,ru,2,False,channel,ru,ru,1.0,317,129,123,107,1769,4075,8
belpressa,ru,2,False,channel,ru,ru,1.0,591,279,278,0,567,3764,7
belregion_ru,ru,2,False,channel,ru,ru,1.0,394,177,175,68,1126,4623,11
belrostv,ru,2,False,channel,ru,ru,1.0,1022,996,977,92,113,7928,6
belsmp,ru,2,False,channel,ru,ru,1.0,78,26,26,0,398,2600,19
beltskienovosti,ru,2,False,channel,ru,ru,1.0,171,151,145,20,494,2438,11
beluga3,ru,2,False,channel,ru,ru,1.0,48,40,38,20,1954,720,9
belvestnik,ru,2,False,channel,ru,ru,1.0,910,799,799,87,3904,20464,8
benefitsar,ru,2,False,channel,ru,ru,1.0,11,11,11,0,22062,20789,7
bennyjohnson,ru,2,False,channel,en,en,0.991,115,113,113,1,14888,65238,16
benzokolonia,ru,2,False,empty,unknown,unknown,0.0,0,0,0,0,,9,
berdovaalena,ru,2,False,channel,ru,ru,1.0,478,162,161,11,43928,141760,14
berdyanskak,ru,2,False,channel,ru,ru,1.0,504,448,446,66,244,110,10
bereginifeedbackbot,ru,2,False,empty,unknown,unknown,0.0,0,0,0,0,,,
beregofic,ru,2,False,channel,ru,ru,1.0,555,449,446,98,11441,37494,8
beregz,ru,2,False,empty,unknown,unknown,0.0,0,0,0,0,,2,
beringia41,ru,2,False,channel,ru,ru,1.0,21,19,17,0,5621,1593,4
bers1970,ru,2,False,channel,ru,ru,1.0,89,84,83,34,71,229,16
beryslavru,ru,2,False,channel,ru,ru,1.0,1391,1202,1198,106,1828,2646,7
beshbarmakkk,ru,2,False,channel,ru,ru,1.0,35,34,34,30,3046,4706,8
beshfirst,ru,2,False,empty,unknown,unknown,0.0,0,0,0,0,,10,
beshfirst_bot,ru,2,False,empty,unknown,unknown,0.0,0,0,0,0,,,
bespirozhok,ru,2,False,channel,ru,ru,1.0,35,32,32,1,2424,1892,18
bessimptomno,ru,2,False,channel,ru,ru,1.0,345,306,303,3,4643,21170,4
bessonadm,ru,2,False,channel,ru,ru,1.0,144,89,88,39,178,971,6
bettercalltillert,ru,2,False,channel,ru,ru,0.961,54,50,37,10,708,1737,14
betternotworse,ru,2,False,channel,ru,ru,1.0,3,3,3,0,15258,28690,13
bevzenkocom,ru,2,False,channel,ru,ru,1.0,315,259,257,53,1750,57425,9
bez_cenznn,ru,2,False,empty,unknown,unknown,0.0,0,0,0,0,,214,
bez_mas_fact,ru,2,False,empty,unknown,unknown,0.0,0,0,0,0,,3118,
bez_sroka,ru,2,False,channel,ru,ru,1.0,26,22,22,5,566,3737,11
bez_tor,ru,2,False,empty,unknown,unknown,0.0,0,0,0,0,,45,
bezbuldyrabyz,ru,2,False,channel,ru,ru,1.0,639,534,526,132,373,1941,22
bezdelov,ru,2,False,channel,ru,ru,1.0,1,1,1,0,2936,730,15
bezrabotnyi,ru,2,False,channel,ru,ru,1.0,54,54,54,0,12502,14077,19
bezvlastnoe_boloto,ru,2,False,empty,unknown,unknown,0.0,0,0,0,0,,263,
bezvoz,ru,2,False,channel,ru,ru,1.0,36,35,33,27,407,1207,11
bfidea,ru,2,False,channel,ru,ru,1.0,15,15,10,1,176,37,16
bfmnews,ru,2,False,channel,ru,ru,1.0,714,682,680,0,15121,91943,6
bfvremyadobryh,ru,2,False,channel,ru,ru,0.991,50,49,49,0,608,2019,9
bgtodays,ru,2,False,empty,unknown,unknown,0.0,0,0,0,0,,4805,
bgvesti,ru,2,False,channel,ru,ru,1.0,494,257,250,158,784,3044,9
bib_32,ru,2,False,channel,ru,ru,1.0,172,126,125,11,2116,5652,9
big_brother_oren,ru,2,False,channel,ru,ru,1.0,60,37,37,7,4064,3112,11
bigarcticrace,ru,2,False,channel,ru,ru,0.993,25,22,22,1,390,924,12
bigbattlepanda,ru,2,False,channel,ru,ru,0.991,325,177,177,25,4571,22544,6
bigbro_khab,ru,2,False,empty,unknown,unknown,0.0,0,0,0,0,,5,
bigbro_rus,ru,2,False,channel,unknown,ru,0.0,5,5,2,2,389,22,3
bigpros,ru,2,False,channel,ru,ru,0.982,254,158,158,15,3635,1985,6
bikbovguru,ru,2,False,channel,ru,ru,1.0,52,52,51,26,289,695,11
biketov_official,ru,2,False,channel,ru,ru,1.0,445,103,101,0,373,1064,16
biletskyandriy,ru,2,False,channel,uk,uk,1.0,7,7,7,0,110403,46681,10
binarcat,ru,2,False,channel,ru,ru,1.0,80,73,72,16,7967,30657,15
bioomberg,ru,2,False,channel,ru,ru,1.0,384,347,347,6,8998,73089,8
biotehno,ru,2,False,channel,ru,ru,1.0,92,88,88,0,382,2510,8
birdsrussia,ru,2,False,channel,ru,ru,0.97,46,29,27,16,367,112,8
birmanalex,ru,2,False,channel,ru,ru,1.0,8,8,8,0,9278,5978,13
bismarckedit,ru,2,False,empty,unknown,unknown,0.0,0,0,0,0,,49,
bitkogan_prosto,ru,2,False,empty,unknown,unknown,0.0,0,0,0,0,,384,
bitnevpoet,ru,2,False,channel,ru,ru,1.0,6,6,6,0,352,441,5
bitriver_ru,ru,2,False,channel,ru,ru,1.0,81,81,80,0,1134,8642,9
bitteltv,ru,2,False,channel,de,de,1.0,347,345,343,79,35826,92318,11
bitva_za_donbass_bot,ru,2,False,empty,unknown,unknown,0.0,0,0,0,0,,,
biznteoriy,ru,2,False,channel,ru,ru,1.0,19,19,18,0,22867,9106,1
bk55_news,ru,2,False,channel,ru,ru,1.0,33,33,33,0,547,3240,1
bkhodakovsky,ru,2,False,empty,unknown,unknown,0.0,0,0,0,0,,2715,
blablanomika,ru,2,False,channel,ru,ru,1.0,61,61,61,0,9666,43870,15
black_economics,ru,2,False,channel,ru,ru,1.0,31,31,31,0,5424,6128,13
black_history,ru,2,False,channel,ru,ru,1.0,81,75,75,2,34019,95011,5
black_river_27,ru,2,False,empty,unknown,unknown,0.0,0,0,0,0,,1,
blackaudit,ru,2,False,channel,ru,ru,1.0,149,149,147,1,8098,52158,6
blackcolonel2020,ru,2,False,channel,ru,ru,1.0,38,37,36,0,19704,21865,7
blacklander,ru,2,False,channel,ru,ru,1.0,77,72,72,3,6758,47763,8
blacklistkld,ru,2,False,channel,ru,ru,1.0,249,165,160,0,5212,29832,6
blackvioletblue,ru,2,False,empty,unknown,unknown,0.0,0,0,0,0,,,
blackzemye,ru,2,False,channel,ru,ru,1.0,534,462,411,439,5535,20994,10
bletgorod,ru,2,False,channel,ru,ru,1.0,198,137,137,1,36788,103770,14
blockchainrf,ru,2,False,channel,ru,ru,1.0,131,123,119,2,3458,19973,13
blogomaniatg,ru,2,False,channel,ru,ru,1.0,217,125,125,2,19017,83031,12
blogstrajj,ru,2,False,channel,ru,ru,0.997,824,735,735,36,1134,2498,6
bloknot_bakhanovich,ru,2,False,channel,ru,ru,1.0,124,103,98,11,876,3173,17
bloknot_rostov,ru,2,False,channel,ru,ru,1.0,793,528,514,125,5191,39514,15
bloknot_star,ru,2,False,channel,ru,ru,0.985,520,344,317,51,25361,129233,7
bloknot_stavropol,ru,2,False,channel,ru,ru,1.0,554,441,416,79,9865,59474,8
bloknot_tambov_68,ru,2,False,channel,ru,ru,0.989,427,329,323,56,1774,7184,8
bloknot_vlg,ru,2,False,empty,unknown,unknown,0.0,0,0,0,0,,642,
bloknot_volzhsky,ru,2,False,channel,ru,ru,1.0,780,462,445,83,2785,21207,12
bloknotkrasnodar,ru,2,False,channel,ru,ru,1.0,1189,743,709,102,3363,26997,12
bloknotmd,ru,2,False,channel,ru,ru,0.988,736,598,586,150,1699,12451,10
blood_concrete,ru,2,False,channel,ru,ru,1.0,301,224,222,258,3095,5472,14
bloomberg4you,ru,2,False,channel,ru,ru,0.991,1017,1017,1012,63,397,5383,10
bloombg,ru,2,False,channel,ru,ru,1.0,141,134,132,3,6183,13173,10
bluepillar,ru,2,False,channel,ru,ru,0.988,104,66,65,3,2058,2741,7
bnews32,ru,2,False,empty,unknown,unknown,0.0,0,0,0,0,,65,
bnk11,ru,2,False,channel,ru,ru,0.997,575,390,388,5,1343,12043,11
bo_kanal,ru,2,False,empty,unknown,unknown,0.0,0,0,0,0,,6167,
boarlogos,ru,2,False,channel,ru,ru,1.0,51,47,21,21,170,168,13
bobkina8,ru,2,False,empty,unknown,unknown,0.0,0,0,0,0,,179,
bobr_ahmat,ru,2,False,channel,ru,ru,1.0,59,54,52,16,2816,1365,5
bochkala_war,ru,2,False,channel,uk,uk,0.993,533,389,384,124,20297,40000,8
bodrova_ay,ru,2,False,channel,ru,ru,1.0,41,22,19,0,324,191,9
bodryakovsn,ru,2,False,channel,ru,ru,1.0,51,15,9,0,1420,661,13
bogdan_bezpalko,ru,2,False,empty,unknown,unknown,0.0,0,0,0,0,,878,
bogdee,ru,2,False,channel,ru,ru,0.997,118,71,67,27,24165,22119,8
bogemasranaya,ru,2,False,channel,ru,ru,0.984,567,475,428,168,4567,27863,10
boilingchat,ru,2,False,group,ru,ru,0.991,5318,5300,5173,158,5916,2019,20
bolatizutdinov,ru,2,False,channel,ru,ru,0.996,48,45,39,7,3855,2647,12
bolecon,ru,2,False,channel,ru,ru,1.0,74,67,67,0,29409,58732,8
bolkunets1,ru,2,False,channel,ru,ru,0.997,296,268,253,93,5779,3290,19
bolshaya_p,ru,2,False,channel,ru,ru,1.0,921,667,658,9,5485,27547,7
bolshaya_zona,ru,2,False,channel,ru,ru,1.0,101,66,64,73,560,1822,18
bolshov_evgeniy,ru,2,False,empty,unknown,unknown,0.0,0,0,0,0,,,
boltovnya_brunetki,ru,2,False,channel,ru,ru,0.994,173,164,162,100,300,472,8
bondarev_gennadi,ru,2,False,channel,ru,ru,1.0,105,52,50,1,1348,1784,16
bondareva_bez_kupjur,ru,2,False,channel,ru,ru,0.983,1767,1058,1038,1027,111,1712,9
bookingaz,ru,2,False,channel,ru,ru,0.997,503,352,348,104,263,1414,6
bookninja,ru,2,False,channel,ru,ru,1.0,58,56,54,9,4441,18209,9
books,ru,2,False,channel,en,en,1.0,18,18,18,0,69485,212110,18
boomers_tv,ru,2,False,channel,ru,ru,1.0,86,65,65,0,18331,165646,11
boozy_nerds,ru,2,False,channel,ru,ru,1.0,24,17,14,0,1829,3561,9
borbuev,ru,2,False,channel,ru,ru,1.0,403,276,262,201,2140,4848,9
borisenkod,ru,2,False,channel,ru,ru,1.0,390,334,333,130,31778,111463,8
borislutset,ru,2,False,channel,ru,ru,1.0,53,53,53,1,622,3791,7
borisseverus,ru,2,False,channel,ru,ru,0.997,443,401,303,141,329,574,13
borodaioficial,ru,2,False,channel,ru,ru,1.0,22,22,22,0,4038,2101,8
borodatayaba,ru,2,False,channel,ru,ru,0.983,201,193,191,6,18645,20449,15
borodav,ru,2,False,channel,unknown,ru,0.0,414,335,331,414,622,4034,12
borodavchenkoznaet,ru,2,False,channel,ru,ru,0.997,165,129,125,15,494,1223,9
borodavz,ru,2,False,channel,ru,ru,0.991,188,185,184,3,1756,2667,10
borodino1812,ru,2,False,channel,ru,ru,1.0,195,80,80,7,198,2151,15
borotba,ru,2,False,channel,ru,ru,0.996,216,177,177,181,467,2358,16
borovikova_online,ru,2,False,channel,ru,ru,1.0,35,31,30,14,163,392,7
bortmi8,ru,2,False,channel,ru,ru,1.0,58,40,34,12,1272,1908,9
bortscht,ru,2,False,channel,ru,ru,1.0,69,44,44,60,1328,1573,9
borusio,ru,2,False,channel,ru,ru,1.0,979,760,759,183,25030,68332,4
bosphorus1861,ru,2,False,channel,ru,ru,1.0,99,84,83,67,139,418,2
bosteleg,ru,2,False,empty,unknown,unknown,0.0,0,0,0,0,,,
botanicalillustration_zk,ru,2,False,channel,ru,ru,1.0,1,1,1,0,461,53,10
botsman05,ru,2,False,empty,unknown,unknown,0.0,0,0,0,0,,,
boulevard_ring,ru,2,False,channel,ru,ru,1.0,983,593,591,928,5136,72190,9
box_of_pencils,ru,2,False,empty,unknown,unknown,0.0,0,0,0,0,,94,
boxx39,ru,2,False,channel,ru,ru,1.0,63,55,47,3,1159,1302,16
boyart777,ru,2,False,channel,ru,ru,1.0,985,938,927,524,416,1812,4
bozhenabozhenabozhena,ru,2,False,channel,ru,ru,1.0,29,26,26,3,31772,65408,19
bplainfo,ru,2,False,channel,ru,ru,1.0,154,116,113,117,236,1552,9
bportcom,ru,2,False,channel,ru,ru,1.0,585,517,515,6,303,1785,14
bpshkola,ru,2,False,channel,ru,ru,0.994,671,372,315,39,3954,16762,6
br1anm7ps,ru,2,False,channel,ru,ru,1.0,13,13,3,0,696774,1076951,18
br_vorchun,ru,2,False,channel,ru,ru,1.0,708,663,641,50,1348,6680,5
braga32,ru,2,False,empty,unknown,unknown,0.0,0,0,0,0,,,
brain177,ru,2,False,empty,unknown,unknown,0.0,0,0,0,0,,245,
bratchane,ru,2,False,channel,ru,ru,0.997,498,326,290,41,1531,11127,2
bratishkajournal,ru,2,False,channel,ru,ru,1.0,311,241,239,13,355,715,20
bravolara,ru,2,False,channel,ru,ru,0.997,140,111,111,5,3855,10089,17
brd988,ru,2,False,empty,unknown,unknown,0.0,0,0,0,0,,,
breadpup,ru,2,False,empty,unknown,unknown,0.0,0,0,0,0,,,
breaking_spb,ru,2,False,channel,ru,ru,1.0,608,401,399,13,5797,8831,18
breege_time_20z,ru,2,False,channel,ru,ru,1.0,671,545,539,146,108,883,12
breegtime_chatz,ru,2,False,group,ru,ru,0.982,13300,13012,12862,1301,7897,4032,20
brianlovethailand,ru,2,False,channel,en,en,0.994,120,106,106,33,15709,41649,18
briefly56,ru,2,False,empty,unknown,unknown,0.0,0,0,0,0,,93,
briefspb,ru,2,False,empty,unknown,unknown,0.0,0,0,0,0,,9,
brigadayasno,ru,2,False,channel,ru,ru,1.0,659,560,552,42,649,1364,7
brnews01,ru,2,False,channel,ru,ru,1.0,183,166,160,39,431,1499,8
brodsky_twitter,ru,2,False,empty,unknown,unknown,0.0,0,0,0,0,,26,
brokentsvet,ru,2,False,channel,ru,ru,1.0,38,38,38,0,5618,,11
brootto,ru,2,False,channel,ru,ru,1.0,3,3,1,0,7631,351,21
brootto_jobs,ru,2,False,empty,unknown,unknown,0.0,0,0,0,0,,40633,
brootto_sale,ru,2,False,empty,unknown,unknown,0.0,0,0,0,0,,7,
brotherhoodoftaii,ru,2,False,channel,ru,ru,0.969,40,19,17,7,1622,1051,11
brt_rdt,ru,2,False,channel,ru,ru,1.0,44,19,18,0,1320,3094,5
bruch_kazak,ru,2,False,channel,ru,ru,1.0,121,84,84,119,816,1314,8
brusakov,ru,2,False,channel,ru,ru,1.0,379,104,76,2,525,773,13
brusser,ru,2,False,empty,unknown,unknown,0.0,0,0,0,0,,9,
bryansk_typical,ru,2,False,channel,ru,ru,0.997,637,438,435,0,1096,2354,17
bryanskayatapo4ka,ru,2,False,empty,unknown,unknown,0.0,0,0,0,0,,81,
brynskit,ru,2,False,channel,ru,ru,1.0,93,92,86,9,491,521,8
brysnichnyduh,ru,2,False,channel,ru,ru,1.0,215,197,191,2,771,8498,2
bskgram,ru,2,False,empty,unknown,unknown,0.0,0,0,0,0,,152,
bsnsinsider,ru,2,False,empty,unknown,unknown,0.0,0,0,0,0,,3,
btc_change_bot,ru,2,False,empty,unknown,unknown,0.0,0,0,0,0,,,
btgr_nevskiy,ru,2,False,channel,ru,ru,1.0,11,6,6,7,5348,15421,9
btrn_baturin,ru,2,False,channel,unknown,ru,0.0,4,3,1,1,282,216,18
bubnov_l,ru,2,False,channel,ru,ru,1.0,115,55,48,23,2354,1393,19
budem_zhit,ru,2,False,channel,ru,ru,1.0,267,175,173,7,14438,25171,9
budem_zhit_bot,ru,2,False,empty,unknown,unknown,0.0,0,0,0,0,,,
budem_zhit_lugansk,ru,2,False,channel,ru,ru,1.0,166,129,128,1,1011,1465,11
budni_dag,ru,2,False,channel,ru,ru,0.994,562,457,443,294,843,3140,9
budnideputata,ru,2,False,channel,ru,ru,1.0,66,60,58,48,739,14818,7
buhta92,ru,2,False,channel,ru,ru,1.0,155,110,109,148,66,294,14
buisness_ideal,ru,2,False,channel,ru,ru,1.0,123,123,121,0,26348,447078,5
bulbazhor,ru,2,False,channel,ru,ru,1.0,380,271,271,18,1761,1750,19
bulbe_de_trones,ru,2,False,channel,ru,ru,0.994,491,446,441,107,43177,30954,14
bulbe_de_trones_bot,ru,2,False,empty,unknown,unknown,0.0,0,0,0,0,,,
bulbo_di_troni,ru,2,False,channel,ru,ru,1.0,1581,1355,606,187,2888,2385,15
bullendog,ru,2,False,empty,unknown,unknown,0.0,0,0,0,0,,,
bumaznayazmeya,ru,2,False,channel,ru,ru,0.976,736,652,542,222,3889,9358,9
bumba_bumba,ru,2,False,channel,ru,ru,0.994,162,139,138,44,2314,3547,8
buninco,ru,2,False,channel,ru,ru,1.0,28,28,28,0,8148,8612,13
bunker_polit,ru,2,False,channel,ru,ru,1.0,7,7,7,0,10462,5989,14
bunkerdayly,ru,2,False,channel,ru,ru,0.962,118,104,103,49,578,1651,16
buntariy,ru,2,False,channel,ru,ru,1.0,429,397,396,90,9995,9276,9
bur24,ru,2,False,channel,ru,ru,0.997,233,228,219,45,438,3636,8
burlyaevtv,ru,2,False,channel,ru,ru,0.989,113,103,98,14,322,1099,19
burmatoff,ru,2,False,channel,ru,ru,1.0,118,101,101,33,8709,19075,10
burninghut,ru,2,False,channel,ru,ru,1.0,591,291,283,1,5617,26772,7
buroics_taxi,ru,2,False,channel,ru,ru,1.0,336,241,238,324,138,3480,12
burovaia,ru,2,False,channel,ru,ru,1.0,256,255,255,38,5611,41289,7
burovdt,ru,2,False,channel,ru,ru,1.0,20,20,17,1,4598,7584,16
business_buy,ru,2,False,empty,unknown,unknown,0.0,0,0,0,0,,10,
business_people_success,ru,2,False,empty,unknown,unknown,0.0,0,0,0,0,,6,
businessgazeta,ru,2,False,channel,ru,ru,1.0,126,99,99,0,12280,51637,8
businessinmsk,ru,2,False,channel,ru,ru,1.0,265,99,90,0,15923,31267,15
businessnewskirov,ru,2,False,channel,ru,ru,1.0,162,110,107,19,428,1778,13
businesssecrets,ru,2,False,channel,ru,ru,1.0,804,609,609,0,3204,10654,17
buskinigor,ru,2,False,channel,ru,ru,1.0,404,126,119,31,85,377,13
butiyljok,ru,2,False,empty,unknown,unknown,0.0,0,0,0,0,,,
butovo88,ru,2,False,empty,unknown,unknown,0.0,0,0,0,0,,,
button13,ru,2,False,channel,ru,ru,1.0,35,23,23,0,12546,14339,7
buvet26,ru,2,False,channel,ru,ru,1.0,27,25,25,13,294,463,17
buzoters_and_crows,ru,2,False,channel,ru,ru,1.0,66,45,45,10,1821,2095,9
buzzerking,ru,2,False,channel,ru,ru,1.0,68,55,55,38,2883,153680,9
bvgekb,ru,2,False,channel,ru,ru,0.99,28,19,15,2,2207,2408,10
by136,ru,2,False,channel,ru,ru,0.994,234,93,90,8,16480,38345,16
by_valeriia_designer,ru,2,False,channel,ru,ru,1.0,58,28,28,0,131,46,18
bykazan,ru,2,False,channel,ru,ru,1.0,140,118,117,24,1070,11072,12
byzantiumdoc,ru,2,False,empty,unknown,unknown,0.0,0,0,0,0,,956,
byzovahouse,ru,2,False,channel,ru,ru,0.989,77,72,56,8,163478,418640,9
ca_nalchik,ru,2,False,channel,ru,ru,1.0,119,76,76,117,170,577,12
ca_vostok,ru,2,False,channel,ru,ru,1.0,84,81,81,34,144,377,10
cab_24,ru,2,False,channel,ru,ru,1.0,83,42,42,18,398,717,13
cablemanru,ru,2,False,channel,ru,ru,1.0,172,153,152,0,1599,5663,11
caip_official,ru,2,False,channel,unknown,ru,0.0,5,5,5,5,169,216,6
caliber_az_official,ru,2,False,channel,ru,ru,1.0,859,713,713,3,10196,52648,8
calombour,ru,2,False,channel,ru,ru,0.991,373,323,270,134,494,1149,23
camel74,ru,2,False,channel,ru,ru,1.0,156,155,153,1,1469,10344,4
cameratopor,ru,2,False,channel,ru,ru,1.0,9,9,9,2,3085,3180,7
canal2018,ru,2,False,channel,ru,ru,1.0,1882,1758,1757,1762,416,1320,9
cancercorps,ru,2,False,channel,ru,ru,1.0,11,11,11,1,1017,610,6
caparctic,ru,2,False,channel,ru,ru,1.0,17,17,15,0,3008,5519,4
capital_dfo,ru,2,False,channel,unknown,ru,0.0,3,3,3,3,1024,616,0
capitalno,ru,2,False,channel,ru,ru,1.0,165,138,131,132,359,823,10
capsicum_anapa,ru,2,False,channel,ru,ru,1.0,6,5,5,1,2096,937,13
carbonheresy,ru,2,False,channel,ru,ru,1.0,26,25,20,1,1101,63,13
carbonpolygon,ru,2,False,channel,ru,ru,1.0,99,98,97,9,282,2688,5
cargo_ally_bot,ru,2,False,empty,unknown,unknown,0.0,0,0,0,0,,,
cargoread,ru,2,False,channel,ru,ru,0.914,233,222,213,220,50,779,12
carnegierussiaasia,ru,2,False,empty,unknown,unknown,0.0,0,0,0,0,,623,
cars_for_zov,ru,2,False,empty,unknown,unknown,0.0,0,0,0,0,,,
carsnosleep,ru,2,False,channel,ru,ru,1.0,245,214,209,0,17807,499291,11
cassandrasach,ru,2,False,channel,ru,ru,1.0,238,227,225,40,2992,14188,23
cat_rashist,ru,2,False,empty,unknown,unknown,0.0,0,0,0,0,,5,
cat_the_most,ru,2,False,channel,ru,ru,1.0,93,53,52,0,4000,7658,13
catalunyatriomfant,ru,2,False,channel,ru,ru,1.0,267,263,255,10,5962,14733,21
catmadison,ru,2,False,empty,unknown,unknown,0.0,0,0,0,0,,,
cayvxankendi,ru,2,False,channel,ru,ru,1.0,19,15,15,0,3207,1029,9
cbctvaz,ru,2,False,channel,ru,ru,0.991,1194,970,970,14,937,12904,13
cbrstocks,ru,2,False,channel,ru,ru,0.997,820,775,735,53,27002,118023,13
cdpodcast,ru,2,False,empty,unknown,unknown,0.0,0,0,0,0,,551,
celno3or,ru,2,False,channel,ru,ru,1.0,3652,3107,3011,3360,1140,4459,18
cemehhukob,ru,2,False,empty,unknown,unknown,0.0,0,0,0,0,,3,
cenasreview,ru,2,False,channel,ru,ru,1.0,177,169,169,5,659,1371,4
censor_net,ru,2,False,channel,uk,uk,0.991,1632,1323,1321,111,62007,182410,21
center_ekb,ru,2,False,empty,unknown,unknown,0.0,0,0,0,0,,,
center_south,ru,2,False,channel,unknown,ru,0.0,1,1,1,1,780,274,13
center_svarog,ru,2,False,channel,ru,ru,0.985,330,194,154,33,1670,20882,13
centerofslaviccultures,ru,2,False,channel,ru,ru,1.0,17,15,15,0,481,1300,13
centpart,ru,2,False,channel,ru,ru,1.0,181,87,85,8,777,7062,8
centralasianow,ru,2,False,channel,ru,ru,1.0,177,175,168,7,307,7934,3
centralbank_russia,ru,2,False,channel,ru,ru,1.0,46,46,44,1,57900,245587,13
centrtelegraph,ru,2,False,channel,ru,ru,1.0,275,177,177,3,107,362,8
centrwagner,ru,2,False,channel,ru,ru,1.0,65,36,29,13,14021,10504,15
cessnafleet,ru,2,False,channel,ru,ru,0.983,78,51,48,0,974,1548,11
cetraria,ru,2,False,channel,ru,ru,0.985,48,21,20,0,1365,2333,11
cezar_salagor,ru,2,False,channel,ro,ro,1.0,28,23,22,6,307,429,12
cgifs,ru,2,False,empty,unknown,unknown,0.0,0,0,0,0,,15,
cgtn_russian,ru,2,False,channel,ru,ru,1.0,1140,1004,986,0,215,7376,11
ch_krai,ru,2,False,channel,ru,ru,0.992,112,40,39,0,2056,5423,13
ch_shprot,ru,2,False,channel,ru,ru,1.0,73,51,51,72,914,1454,8
ch_t_k_bot,ru,2,False,empty,unknown,unknown,0.0,0,0,0,0,,,
chainikorka,ru,2,False,channel,ru,ru,0.994,276,273,273,7,3688,2697,14
chakchakbag,ru,2,False,channel,ru,ru,1.0,51,51,47,0,640,1394,15
championat,ru,2,False,channel,ru,ru,0.991,1092,1041,1033,136,29547,249412,14
chanelpeskova,ru,2,False,channel,ru,ru,1.0,222,216,216,209,5412,3490,18
channel_no6,ru,2,False,channel,ru,ru,1.0,146,88,87,0,15565,28061,7
channelbelbot,ru,2,False,empty,unknown,unknown,0.0,0,0,0,0,,,
chaoss_flame,ru,2,False,channel,ru,ru,1.0,123,110,106,27,7028,69290,18
chaplain15,ru,2,False,channel,ru,ru,0.991,162,102,98,48,873,2759,5
chapmananya,ru,2,False,empty,unknown,unknown,0.0,0,0,0,0,,9477,
chasovojpogody,ru,2,False,channel,ru,ru,1.0,639,536,530,433,2934,14838,9
chassisfilatov_bot,ru,2,False,empty,unknown,unknown,0.0,0,0,0,0,,,
chat_acitythatsmog,ru,2,False,group,ru,ru,0.979,233,225,208,21,6282,662,10
chat_ekatskoechtivo,ru,2,False,group,ru,ru,0.994,831,814,767,61,14299,390,16
chat_pmr,ru,2,False,empty,unknown,unknown,0.0,0,0,0,0,,69,
chat_vpokoe,ru,2,False,group,ru,ru,0.986,42,42,38,1,36224,2291,18
chatbp22,ru,2,False,group,ru,ru,1.0,56,56,50,1,119054,2091,18
chatkaa,ru,2,False,channel,ru,ru,1.0,55,30,30,0,889,4510,2
chaykadnr,ru,2,False,channel,ru,ru,1.0,11,10,10,4,332,173,10
chaykinwatch,ru,2,False,channel,ru,ru,1.0,100,30,29,0,1247,6946,12
chb_brn,ru,2,False,channel,ru,ru,1.0,91,50,50,0,2584,17294,6
chebcult21,ru,2,False,channel,ru,ru,1.0,143,91,89,50,259,924,13
chebmedia,ru,2,False,channel,ru,ru,1.0,533,297,294,3,2433,8712,5
checkeredchannel,ru,2,False,channel,ru,ru,1.0,1194,1176,47,123,532,10797,6
chefirru,ru,2,False,channel,ru,ru,1.0,218,195,193,0,2069,2026,11
chefvasiliy,ru,2,False,channel,ru,ru,1.0,131,73,46,0,10336,48018,8
chehovvid,ru,2,False,channel,ru,ru,1.0,569,302,238,12,2805,27226,17
cheka_notes,ru,2,False,empty,unknown,unknown,0.0,0,0,0,0,,1,
chekhovmuseum,ru,2,False,channel,ru,ru,0.988,159,85,72,7,331,3703,7
chel_ingalyator,ru,2,False,channel,ru,ru,1.0,123,51,51,5,148,314,7
chelkp,ru,2,False,channel,ru,ru,1.0,676,554,544,10,410,2503,12
chelnytv,ru,2,False,channel,ru,ru,1.0,363,242,215,6,688,6292,11
cheltodayru,ru,2,False,channel,ru,ru,1.0,392,232,217,156,1245,6088,11
cheltravel,ru,2,False,channel,ru,ru,0.989,112,66,64,16,610,2143,8
cheltvbot,ru,2,False,empty,unknown,unknown,0.0,0,0,0,0,,,
cheltvru,ru,2,False,channel,ru,ru,1.0,892,683,678,3,733,10486,4
chelurban,ru,2,False,channel,ru,ru,1.0,87,48,45,0,7546,8038,13
chelyabinsk01_bot,ru,2,False,empty,unknown,unknown,0.0,0,0,0,0,,,
chelyabushka,ru,2,False,channel,ru,ru,1.0,70,68,68,0,4488,49348,13
chelzakon,ru,2,False,channel,ru,ru,0.997,337,287,287,0,14629,43244,3
chemicalexpert,ru,2,False,channel,ru,ru,1.0,53,53,51,13,571,2805,9
cheplashh,ru,2,False,channel,ru,ru,0.857,8,2,2,0,766,1111,14
chepoli,ru,2,False,channel,ru,ru,1.0,242,240,226,11,151,845,10
chepsochi,ru,2,False,empty,unknown,unknown,0.0,0,0,0,0,,13832,
cherevatstreams,ru,2,False,channel,ru,ru,1.0,331,187,172,0,28592,154116,10
cherevik2022,ru,2,False,channel,ru,ru,1.0,7,7,4,0,352,1119,7
cherkasskyy,ru,2,False,empty,unknown,unknown,0.0,0,0,0,0,,,
chernaya100,ru,2,False,channel,ru,ru,1.0,5,4,4,3,6141,10255,17
chernaya100kitchen,ru,2,False,channel,ru,ru,1.0,41,24,24,23,2687,6498,19
chernogaev,ru,2,False,channel,ru,ru,1.0,577,549,524,36,2694,13058,8
chernosliv,ru,2,False,channel,unknown,ru,0.0,306,237,237,306,161,1055,9
chernovik,ru,2,False,channel,ru,ru,0.997,2024,1832,1806,936,6506,48914,8
chernukhindenis,ru,2,False,channel,ru,ru,0.992,143,131,120,11,8323,5986,17
chernykh_ov,ru,2,False,channel,ru,ru,1.0,206,167,165,118,156,1247,15
cherostov,ru,2,False,channel,ru,ru,1.0,127,99,98,1,10646,28511,10
chesnakov,ru,2,False,channel,ru,ru,0.991,46,46,45,2,9517,14488,7
chestny804,ru,2,False,channel,ru,ru,1.0,123,52,49,1,2856,2553,16
chestnyjdetektiv,ru,2,False,empty,unknown,unknown,0.0,0,0,0,0,,81,
chetyrepera,ru,2,False,channel,ru,ru,1.0,1461,1212,1099,893,513,2475,12
chifirvradost,ru,2,False,channel,ru,ru,1.0,23,18,18,1,1168,3606,8
chill_online,ru,2,False,channel,ru,ru,1.0,34,18,18,0,1661,714,17
chinabackdoor,ru,2,False,channel,ru,ru,1.0,45,32,31,0,29402,50667,13
chinabrief,ru,2,False,channel,ru,ru,1.0,48,48,48,1,853,2618,9
chinafootball,ru,2,False,channel,ru,ru,1.0,13,13,13,2,144,888,10
chinaindextg,ru,2,False,channel,ru,ru,0.975,601,437,421,116,2436,7695,18
chinaposter,ru,2,False,channel,ru,ru,1.0,21,19,19,1,10068,22054,6
chinaustigercowboy,ru,2,False,channel,ru,ru,0.993,55,54,51,28,1392,2906,14
chinesechime,ru,2,False,channel,ru,ru,1.0,19,19,19,0,1834,3177,15
chitaru75,ru,2,False,channel,ru,ru,0.997,1433,1154,1125,99,9998,106020,3
chitaynas,ru,2,False,empty,unknown,unknown,0.0,0,0,0,0,,549,
cho_opyat,ru,2,False,channel,ru,ru,1.0,296,212,212,21,2968,10247,5
choiceekb,ru,2,False,channel,ru,ru,1.0,286,175,174,1,3005,22798,6
choirrf,ru,2,False,channel,ru,ru,1.0,74,50,48,0,7474,24690,14
chopovpolitics,ru,2,False,channel,ru,ru,1.0,60,53,48,2,344,346,16
chotokupil,ru,2,False,empty,unknown,unknown,0.0,0,0,0,0,,32,
chp27,ru,2,False,channel,ru,ru,1.0,36,36,36,0,87,333,8
chp_crimea,ru,2,False,channel,ru,ru,1.0,1250,952,949,181,49058,482862,8
chp_ekb,ru,2,False,channel,ru,ru,0.997,359,248,247,0,4804,32064,7
chp_kchr,ru,2,False,channel,ru,ru,0.997,300,195,188,72,11844,64288,7
chp_krd,ru,2,False,channel,ru,ru,1.0,423,276,276,79,18926,88940,8
chp_perm_kray,ru,2,False,empty,unknown,unknown,0.0,0,0,0,0,,45,
chp_prm,ru,2,False,channel,ru,ru,1.0,358,260,260,17,5848,27709,7
chp_rus24,ru,2,False,channel,ru,ru,1.0,1421,1046,1045,82,9269,76661,7
chp_sochi,ru,2,False,channel,ru,ru,1.0,423,254,254,9,28696,322622,10
chpbelgorod,ru,2,False,channel,ru,ru,1.0,380,281,281,4,30902,36540,10
chpkrasnodara,ru,2,False,channel,ru,ru,1.0,714,491,490,19,15475,263053,16
chpmoscow,ru,2,False,empty,unknown,unknown,0.0,0,0,0,0,,914,
chpnvrsk,ru,2,False,empty,unknown,unknown,0.0,0,0,0,0,,358,
chpsaratovlive,ru,2,False,group,ru,ru,0.988,1371,1199,1122,40,26535,3250,7
chpserpuhov,ru,2,False,channel,ru,ru,0.967,132,87,87,23,5992,34608,11
chpsochi1_bot,ru,2,False,empty,unknown,unknown,0.0,0,0,0,0,,,
chpyug,ru,2,False,channel,ru,ru,0.997,130,89,88,37,5331,28659,11
chradmin,ru,2,False,channel,ru,ru,1.0,110,56,33,0,344,967,16
chrisma_center,ru,2,False,channel,ru,ru,1.0,39,34,33,22,780,6147,10
christmas_club_dn,ru,2,False,channel,ru,ru,0.994,169,100,100,0,4011,5197,10
chtddd,ru,2,False,channel,ru,ru,1.0,1042,722,721,9,84957,437553,15
chto_delat_2022,ru,2,False,channel,ru,ru,1.0,258,256,187,115,17157,69489,8
chtogdeestvpeterburge,ru,2,False,channel,ru,ru,1.0,180,79,76,14,6388,37054,11
chtuh,ru,2,False,channel,ru,ru,1.0,4311,2580,2542,4294,952,2002,14
chubologiabot,ru,2,False,empty,unknown,unknown,0.0,0,0,0,0,,,
chudopolitiksaltay,ru,2,False,channel,ru,ru,1.0,30,26,24,25,133,315,1
chuhon_47,ru,2,False,empty,unknown,unknown,0.0,0,0,0,0,,4,
chukotraion,ru,2,False,channel,ru,ru,1.0,52,27,27,5,534,950,2
church_charity,ru,2,False,channel,ru,ru,1.0,66,30,28,2,1973,15290,16
church_review,ru,2,False,channel,ru,ru,1.0,816,816,816,0,91,237,13
churcher_info,ru,2,False,channel,uk,uk,0.983,79,60,59,39,1721,4141,8
chuv_prok,ru,2,False,channel,ru,ru,1.0,114,71,58,7,663,4248,12
chuv_today,ru,2,False,channel,ru,ru,1.0,175,122,112,17,1407,12174,11
chuvashiadream,ru,2,False,channel,ru,ru,1.0,114,64,64,0,12691,121036,14
chuvesk,ru,2,False,channel,ru,ru,1.0,50,32,32,9,359,2132,5
chuvinform,ru,2,False,channel,ru,ru,1.0,193,183,181,10,985,8761,9
chvans,ru,2,False,channel,ru,ru,1.0,8,8,8,0,15763,14925,11
chvteme,ru,2,False,channel,ru,ru,1.0,375,347,347,206,497,2180,8
chzsa21,ru,2,False,channel,ru,ru,1.0,7,7,7,2,270,307,10
cihansteakandkebab,ru,2,False,channel,ru,ru,1.0,6,6,6,0,587,1424,8
cikrf,ru,2,False,channel,ru,ru,1.0,23,23,23,0,1893,15216,15
cikrossii,ru,2,False,channel,ru,ru,1.0,36,27,25,0,16633,28722,6
cinic_komyak,ru,2,False,channel,ru,ru,0.994,259,224,208,82,191,254,18
cipso_bulletin,ru,2,False,channel,ru,ru,0.997,342,331,330,77,75,163,11
circle_of,ru,2,False,channel,ru,ru,1.0,6,6,3,0,26774,685,16
circulary,ru,2,False,channel,ru,ru,1.0,84,72,69,73,265,1466,11
circusciniselli,ru,2,False,channel,ru,ru,1.0,87,42,32,27,500,2142,14
cislive,ru,2,False,channel,ru,ru,1.0,77,49,49,5,256,3969,10
cispress,ru,2,False,channel,ru,ru,1.0,1309,1223,1222,121,192,786,14
city51,ru,2,False,empty,unknown,unknown,0.0,0,0,0,0,,8,
city_vrn,ru,2,False,channel,ru,ru,1.0,336,332,317,0,1497,14526,10
citymurmanskru,ru,2,False,channel,ru,ru,1.0,262,89,89,19,174,1840,12
civesorel,ru,2,False,channel,ru,ru,1.0,105,82,77,41,139,413,6
civilcase,ru,2,False,channel,ru,ru,1.0,71,43,31,13,12061,1443,19
ckladnovostei,ru,2,False,channel,unknown,ru,0.0,2471,2109,2083,2467,3,122,21
cknot,ru,2,False,channel,ru,ru,1.0,334,334,334,0,2309,9541,7
clashof_thetitans,ru,2,False,channel,ru,ru,1.0,249,247,247,49,2674,2453,4
cleanthechurch_bot,ru,2,False,empty,unknown,unknown,0.0,0,0,0,0,,,
climategate,ru,2,False,channel,ru,ru,1.0,138,107,99,11,677,1392,15
club4erdak,ru,2,False,channel,ru,ru,0.992,50,41,40,6,1076,4034,11
club_habitue,ru,2,False,empty,unknown,unknown,0.0,0,0,0,0,,,
club_shebekino,ru,2,False,channel,ru,ru,1.0,244,157,153,0,25780,49088,7
clubbern,ru,2,False,channel,ru,ru,1.0,125,48,47,1,147,605,17
clubpravda,ru,2,False,channel,ru,ru,0.998,329,310,294,224,28159,90003,11
clubrf,ru,2,False,channel,ru,ru,1.0,144,134,134,59,349,41489,11
cn_laowai,ru,2,False,channel,ru,ru,1.0,263,245,245,1,2714,20285,7
cniioizofficial,ru,2,False,channel,ru,ru,1.0,75,38,35,35,2262,9648,7
co_legko,ru,2,False,channel,ru,ru,1.0,11,11,11,0,29914,62124,10
coast51,ru,2,False,channel,ru,ru,1.0,11,11,11,0,898,9994,10
cobraregiment,ru,2,False,channel,ru,ru,1.0,249,215,209,58,660,3025,11
cobratete,ru,2,False,empty,unknown,unknown,0.0,0,0,0,0,,,
coconutdigger,ru,2,False,channel,ru,ru,1.0,28,27,21,18,30,12,18
coffee_sukhum,ru,2,False,channel,ru,ru,1.0,199,178,177,85,5674,10455,17
cognitivedomain,ru,2,False,channel,ru,ru,1.0,2,2,2,0,6746,140,1
coin_post,ru,2,False,channel,ru,ru,0.991,175,173,172,8,58831,296840,18
coldmannvox,ru,2,False,channel,ru,ru,1.0,104,100,96,1,2061,20676,19
coliseumhistory,ru,2,False,channel,ru,ru,0.997,153,133,133,6,1564,6218,13
colonel_cassad,ru,2,False,channel,ru,ru,1.0,977,977,601,0,17372,31522,18
colorad2022,ru,2,False,channel,ru,ru,0.994,248,231,224,96,200,162,18
combat_cypress,ru,2,False,channel,ru,ru,0.986,38,30,24,8,247371,236809,17
comitato_bielorussia,ru,2,False,channel,it,it,1.0,248,210,206,130,262,1606,15
commerage,ru,2,False,empty,unknown,unknown,0.0,0,0,0,0,,2538,
commkomi,ru,2,False,channel,ru,ru,1.0,187,178,177,0,982,1508,10
compassfund,ru,2,False,channel,ru,ru,1.0,19,15,13,0,1224,5176,13
compromatru,ru,2,False,channel,ru,ru,0.977,78,78,78,2,2363,8114,10
comradepelevin,ru,2,False,channel,ru,ru,0.997,376,344,329,120,7189,19994,11
concerto_grosso,ru,2,False,empty,unknown,unknown,0.0,0,0,0,0,,,
concillor_bot,ru,2,False,empty,unknown,unknown,0.0,0,0,0,0,,,
concordepetroleum,ru,2,False,channel,uk,uk,1.0,20,20,19,0,5379,669,12
confirmeddenied,ru,2,False,channel,ru,ru,0.979,327,319,51,50,486,1236,19
conqueror95_bot,ru,2,False,empty,unknown,unknown,0.0,0,0,0,0,,,
conser_vata,ru,2,False,channel,ru,ru,1.0,8,8,7,0,399,252,13
conspirolog,ru,2,False,channel,ru,ru,1.0,14,12,12,0,6181,591,14
consuldiplomat,ru,2,False,channel,ru,ru,0.937,16,12,11,2,381,247,20
content84,ru,2,False,empty,unknown,unknown,0.0,0,0,0,0,,9721,
contentreview,ru,2,False,channel,ru,ru,0.989,63,63,62,0,2219,8369,9
contextuz,ru,2,False,channel,ru,ru,1.0,29,27,27,3,954,2042,11
contrejour_irinapavlova,ru,2,False,channel,ru,ru,1.0,473,274,245,4,1800,6194,21
control_sigma,ru,2,False,channel,ru,ru,1.0,1164,1032,1024,59,1121,32162,8
control_zakupka,ru,2,False,channel,ru,ru,1.0,810,708,707,25,20173,66467,6
cool_workk,ru,2,False,empty,unknown,unknown,0.0,0,0,0,0,,498,
coolnews1,ru,2,False,channel,ru,ru,0.994,523,442,441,1,1942,23983,6
coosdev,ru,2,False,empty,unknown,unknown,0.0,0,0,0,0,,436,
cop_lt,ru,2,False,channel,ru,ru,1.0,132,121,120,0,656,587,11
copperhorn,ru,2,False,channel,ru,ru,1.0,515,433,399,149,4506,4430,17
corona_travel,ru,2,False,channel,ru,ru,0.997,332,301,300,2,2519,7934,9
corpmspof,ru,2,False,channel,ru,ru,0.994,96,64,60,1,6124,40977,6
corruptiontv,ru,2,False,channel,ru,ru,1.0,35,35,34,9,5245,14163,6
cossack_art,ru,2,False,empty,unknown,unknown,0.0,0,0,0,0,,2185,
cottageofcards,ru,2,False,channel,ru,ru,1.0,100,100,100,1,5251,13955,6
counteringcrime,ru,2,False,empty,unknown,unknown,0.0,0,0,0,0,,19,
countryfreekherson,ru,2,False,empty,unknown,unknown,0.0,0,0,0,0,,12,
covid19north,ru,2,False,channel,ru,ru,1.0,64,57,57,37,587,347,6
covid_parazit,ru,2,False,empty,unknown,unknown,0.0,0,0,0,0,,1435,
coweram,ru,2,False,channel,ru,ru,1.0,8,8,8,0,425,587,8
cprtv,ru,2,False,channel,ru,ru,1.0,24,14,14,0,11534,2731,11
cpsip,ru,2,False,channel,ru,ru,1.0,780,773,750,39,82,565,7
cptgrantov,ru,2,False,channel,ru,ru,1.0,37,37,36,0,15663,70847,7
crawler63,ru,2,False,channel,ru,ru,0.997,1930,1930,1930,0,14,109,12
crazypower1,ru,2,False,empty,unknown,unknown,0.0,0,0,0,0,,1885,
crazyprophecies,ru,2,False,channel,ru,ru,1.0,44,39,31,2,60848,106824,8
crew_russia,ru,2,False,empty,unknown,unknown,0.0,0,0,0,0,,16,
crime,ru,2,False,empty,unknown,unknown,0.0,0,0,0,0,,6080,
crimea24_sport,ru,2,False,channel,ru,ru,1.0,121,116,112,7,178,1226,14
crimea24new,ru,2,False,channel,ru,ru,0.985,1929,1544,1533,9,16739,94282,8
crimea24news,ru,2,False,channel,ru,ru,1.0,398,289,289,33,1188,32130,8
crimea_algorithm,ru,2,False,channel,ru,ru,1.0,369,258,258,324,419,1059,9
crimea_chp,ru,2,False,empty,unknown,unknown,0.0,0,0,0,0,,83998,
crimea_chp82,ru,2,False,empty,unknown,unknown,0.0,0,0,0,0,,220,
crimea_kompas,ru,2,False,channel,ru,ru,1.0,151,89,86,0,1236,5436,7
crimea_novosti,ru,2,False,empty,unknown,unknown,0.0,0,0,0,0,,190,
crimea_operative,ru,2,False,channel,ru,ru,1.0,353,286,286,1,9379,21688,7
crimeainform,ru,2,False,channel,ru,ru,1.0,110,81,81,20,9585,14602,6
crimeanewscom,ru,2,False,channel,ru,ru,1.0,445,425,425,93,3135,13798,12
crimeanplatform,ru,2,False,channel,ru,ru,1.0,114,80,80,24,14143,12164,10
crimeasees,ru,2,False,empty,unknown,unknown,0.0,0,0,0,0,,10973,
crimesakh,ru,2,False,channel,ru,ru,1.0,351,236,235,20,5027,12057,4
criminalniy_cet,ru,2,False,channel,ru,ru,0.997,314,260,253,34,718,2991,7
criminalru,ru,2,False,channel,ru,ru,1.0,224,217,217,8,58020,119391,13
crimsondigest,ru,2,False,channel,ru,ru,1.0,4,4,4,0,77524,139951,15
crimyakutiaru,ru,2,False,channel,ru,ru,1.0,1040,668,643,489,9304,43724,8
criptopatolog,ru,2,False,channel,ru,ru,1.0,399,383,383,0,30173,80121,18
crisisman,ru,2,False,channel,ru,ru,1.0,246,144,132,15,3166,41630,9
crptbreaking,ru,2,False,channel,ru,ru,1.0,94,86,86,15,3159,29403,9
crypto_pushka,ru,2,False,empty,unknown,unknown,0.0,0,0,0,0,,33,
cryptocritique,ru,2,False,channel,ru,ru,1.0,2,2,2,0,1079,942,19
cska1989nb,ru,2,False,channel,ru,ru,1.0,45,42,41,29,413,181,13
csptakmed,ru,2,False,channel,ru,ru,1.0,38,18,16,0,3951,6239,6
csu76,ru,2,False,channel,ru,ru,1.0,102,56,53,15,1764,6884,7
ctm_teatr,ru,2,False,channel,ru,ru,1.0,24,12,12,0,682,2217,12
ctnsis,ru,2,False,empty,unknown,unknown,0.0,0,0,0,0,,6,
ctotoznayu,ru,2,False,channel,ru,ru,1.0,225,210,210,58,2480,14346,10
ctzn24,ru,2,False,empty,unknown,unknown,0.0,0,0,0,0,,220,
cu_ua,ru,2,False,channel,ru,ru,0.994,476,467,466,10,7232,27871,11
cuisine_by,ru,2,False,channel,ru,ru,1.0,488,420,420,40,574,3991,15
cult_maykop,ru,2,False,channel,ru,ru,1.0,45,18,17,4,845,1245,17
cultrf,ru,2,False,channel,ru,ru,0.955,201,119,118,1,5280,19283,5
cultura43,ru,2,False,channel,ru,ru,1.0,250,144,144,170,149,379,11
cultural_priorities,ru,2,False,channel,ru,ru,1.0,8,8,7,0,5257,474,18
culture24,ru,2,False,channel,ru,ru,1.0,234,76,71,37,599,3387,8
cumatru,ru,2,False,channel,ru,ru,0.982,149,129,128,0,2192,16974,14
cumtaalertsenglishchannel,ru,2,False,channel,en,en,0.939,14,14,7,0,10821,22318,2
cumtaalertsrussianchannel,ru,2,False,channel,ru,ru,1.0,14,14,7,0,16780,40493,2
cumyshovy_kot,ru,2,False,channel,ru,ru,1.0,37,12,12,1,14118,5094,15
customs_rf,ru,2,False,channel,ru,ru,1.0,127,82,78,3,8645,55386,7
cuticles,ru,2,False,channel,ru,ru,1.0,34,34,33,1,1845,2739,7
cvbpmedia,ru,2,False,channel,ru,ru,1.0,160,130,130,7,6915,28052,6
cvk_news,ru,2,False,channel,ru,ru,1.0,97,79,77,32,71,314,0
cyberfreek,ru,2,False,channel,ru,ru,1.0,278,278,278,0,18814,90280,7
cybernebo,ru,2,False,channel,ru,ru,1.0,821,759,758,1,5337,6052,16
cyberruss,ru,2,False,channel,ru,ru,0.987,890,768,719,750,62,1883,10
cybersports_mad,ru,2,False,channel,ru,ru,1.0,15,15,15,0,1564,1662,9
cynic2020,ru,2,False,channel,ru,ru,1.0,45,44,44,8,50989,20889,9
cz_infobot,ru,2,False,empty,unknown,unknown,0.0,0,0,0,0,,,
czarizm,ru,2,False,empty,unknown,unknown,0.0,0,0,0,0,,,
d_code,ru,2,False,channel,ru,ru,1.0,167,155,154,0,43938,383985,7
d_conversation,ru,2,False,group,ru,ru,0.997,360,326,307,274,1132,120,4
d_karlov,ru,2,False,channel,ru,ru,1.0,99,54,51,55,392,1426,6
d_lubchinov,ru,2,False,channel,ru,ru,1.0,175,77,73,1,339,1511,8
d_of_p72,ru,2,False,channel,ru,ru,1.0,102,94,84,10,411,1438,5
da_bogush,ru,2,False,channel,ru,ru,1.0,59,14,12,0,1947,5708,16
daaevminobr,ru,2,False,channel,ru,ru,1.0,61,61,33,0,3622,5659,19
dadsandkids,ru,2,False,empty,unknown,unknown,0.0,0,0,0,0,,8,
daetotak,ru,2,False,empty,unknown,unknown,0.0,0,0,0,0,,31,
dagizvestiya,ru,2,False,channel,ru,ru,1.0,300,260,256,70,8766,26026,15
dagnews24,ru,2,False,channel,ru,ru,0.991,379,374,369,39,1746,37325,9
dagranovsky,ru,2,False,channel,ru,ru,0.994,279,254,248,116,455,5226,16
dailyblogteam,ru,2,False,empty,unknown,unknown,0.0,0,0,0,0,,277,
dailymoscowru,ru,2,False,channel,ru,ru,1.0,113,107,107,22,224,945,10
daisyluxembu,ru,2,False,empty,unknown,unknown,0.0,0,0,0,0,,,
dalstroy,ru,2,False,channel,ru,ru,1.0,73,67,66,21,1090,632,0
damir_fattakhov,ru,2,False,channel,ru,ru,1.0,30,22,22,0,1379,12448,11
dan_dnr,ru,2,False,channel,ru,ru,1.0,570,456,453,15,1115,44296,11
danilova35,ru,2,False,empty,unknown,unknown,0.0,0,0,0,0,,,
daokedao,ru,2,False,channel,ru,ru,0.994,408,383,380,55,17240,99596,6
dapk_yanao,ru,2,False,channel,ru,ru,1.0,35,22,22,26,102,332,12
daria_fedko,ru,2,False,channel,ru,ru,1.0,10,2,2,0,1609,191,12
dariedu,ru,2,False,channel,ru,ru,1.0,156,76,39,0,826,9010,14
dark_avenues,ru,2,False,channel,ru,ru,1.0,33,33,33,0,3732,3777,6
darkmgimo,ru,2,False,channel,ru,ru,1.0,524,201,198,112,21442,101446,12
darkzotovland,ru,2,False,channel,ru,ru,1.0,90,55,34,0,18394,105535,10
dataleak,ru,2,False,channel,ru,ru,1.0,23,23,23,0,54197,121346,7
daterekhov,ru,2,False,channel,ru,ru,1.0,249,105,102,76,4745,19960,7
davankov,ru,2,False,channel,ru,ru,1.0,5,5,5,2,22039,228492,11
davidbek1724,ru,2,False,channel,ru,ru,1.0,25,22,21,0,1021,937,16
davmelik,ru,2,False,channel,ru,ru,1.0,146,82,81,2,3100,2723,15
davosdv,ru,2,False,channel,ru,ru,1.0,833,576,569,732,1020,10040,23
davydovin,ru,2,False,channel,ru,ru,1.0,51,51,51,4,1016653,1916394,7
davydovopinion,ru,2,False,channel,ru,ru,1.0,182,182,182,0,1005,898,10
dayaz,ru,2,False,channel,ru,ru,1.0,774,511,510,0,759,5186,8
daytec,ru,2,False,channel,ru,ru,1.0,2672,2538,2527,2671,120,2935,13
dbaturin,ru,2,False,channel,ru,ru,1.0,66,66,66,22,99,325,12
dczworknowbbot,ru,2,False,empty,unknown,unknown,0.0,0,0,0,0,,,
dd_ufo,ru,2,False,channel,ru,ru,1.0,120,84,84,117,1312,2293,8
debmz,ru,2,False,channel,ru,ru,1.0,61,48,39,0,2022,1648,9
decembrist_spb,ru,2,False,channel,ru,ru,1.0,74,71,71,12,12244,77766,8
dedmoroztrain,ru,2,False,channel,ru,ru,1.0,42,27,27,0,7365,29668,15
dedpomor,ru,2,False,channel,ru,ru,1.0,70,70,70,0,4314,37313,11
deep_karelia,ru,2,False,channel,ru,ru,1.0,49,48,43,6,1772,3088,11
deerasylum,ru,2,False,channel,ru,ru,0.997,318,310,310,0,1946,1749,11
defender062,ru,2,False,channel,ru,ru,1.0,2,2,2,0,44609,7145,7
defensorcivitatis,ru,2,False,channel,ru,en,1.0,5,2,2,4,3322,3843,7
degtyarev_info,ru,2,False,channel,ru,ru,1.0,315,134,131,129,7092,18450,2
deitaru,ru,2,False,channel,ru,ru,0.997,283,247,242,15,263,4241,3
dek_delivery,ru,2,False,empty,unknown,unknown,0.0,0,0,0,0,,,
dekabrband,ru,2,False,channel,ru,ru,1.0,1,1,1,0,745,515,5
deliveryclubpr,ru,2,False,empty,unknown,unknown,0.0,0,0,0,0,,4,
demacre,ru,2,False,channel,en,en,1.0,367,328,14,10,15306,38919,8
demidovoleg,ru,2,False,channel,ru,ru,1.0,325,294,292,211,680,1951,19
demkin_an,ru,2,False,channel,ru,ru,1.0,164,47,37,0,1726,1228,6
demkovknives,ru,2,False,empty,unknown,unknown,0.0,0,0,0,0,,,
den_110,ru,2,False,empty,unknown,unknown,0.0,0,0,0,0,,,
denis_bukalov,ru,2,False,empty,unknown,unknown,0.0,0,0,0,0,,6,
denisandfriends,ru,2,False,channel,ru,ru,0.986,35,26,25,2,111,66,15
denisbutsaev,ru,2,False,channel,ru,ru,1.0,19,13,13,1,1356,3519,14
denismaydanov,ru,2,False,channel,ru,ru,1.0,5,5,4,0,7099,8684,10
denisov_kaluga,ru,2,False,channel,ru,ru,1.0,134,51,47,0,1076,4915,11
dep_shishkina,ru,2,False,channel,ru,ru,1.0,342,222,217,325,648,1126,16
deposugra,ru,2,False,channel,ru,ru,1.0,166,66,60,15,270,1228,5
deptrud44,ru,2,False,channel,ru,ru,1.0,21,12,11,9,94,132,17
deputat_ionin,ru,2,False,channel,ru,ru,1.0,29,25,25,2,865,2338,8
deputat_terentev,ru,2,False,channel,ru,ru,1.0,25,20,18,4,68,638,9
deputatarctic,ru,2,False,channel,ru,ru,1.0,5,5,5,0,885,320,8
deputatdumy,ru,2,False,channel,ru,ru,1.0,28,28,28,1,23454,155675,9
deputatekaterina,ru,2,False,channel,ru,ru,1.0,42,35,34,3,28588,44795,14
deputatgoryacheva,ru,2,False,channel,ru,ru,1.0,73,35,24,2,1387,67527,11
deputatpgd,ru,2,False,channel,ru,ru,1.0,155,139,129,53,763,1051,8
deputatseleznev,ru,2,False,channel,ru,ru,1.0,53,53,50,0,651,13846,6
deputaty,ru,2,False,channel,ru,ru,1.0,6,5,5,1,10437,306,12
deputatzhuravlev,ru,2,False,channel,ru,ru,1.0,268,243,240,56,3519,10288,6
derbentnovosti,ru,2,False,channel,ru,ru,0.997,298,172,167,135,2770,13215,14
derz_khab,ru,2,False,channel,ru,ru,1.0,159,119,119,65,25976,55173,12
derzhi_morda,ru,2,False,channel,ru,ru,1.0,83,64,64,18,2991,2159,14
designarchitectureisrael,ru,2,False,channel,ru,ru,0.988,1551,232,231,71,291,2494,9
detalynews,ru,2,False,channel,ru,ru,1.0,32,32,32,1,2649,13564,15
detipoyut,ru,2,False,empty,unknown,unknown,0.0,0,0,0,0,,1,
detki_in_israel,ru,2,False,channel,ru,ru,1.0,47,47,47,0,1097,4399,15
detskymat,ru,2,False,channel,ru,ru,1.0,301,255,255,15,755,2076,7
devkivbane,ru,2,False,channel,ru,ru,0.997,60,57,56,10,1765,2046,8
devochkamnravitsya,ru,2,False,empty,unknown,unknown,0.0,0,0,0,0,,,
dfo_news,ru,2,False,channel,ru,ru,1.0,289,153,153,16,56,162,0
dfonews,ru,2,False,channel,ru,ru,1.0,888,652,650,815,10893,33362,9
dg_cast,ru,2,False,channel,ru,ru,1.0,14,14,13,6,141660,65698,14
dgilmutdinov,ru,2,False,channel,ru,ru,1.0,150,89,87,79,585,7680,7
dgkhmos,ru,2,False,channel,ru,ru,1.0,160,45,41,36,302,3096,9
dgodv,ru,2,False,empty,unknown,unknown,0.0,0,0,0,0,,,
dgonews,ru,2,False,channel,ru,ru,1.0,286,73,73,46,881,4216,6
dgtsyganok,ru,2,False,empty,unknown,unknown,0.0,0,0,0,0,,109,
di_linohome,ru,2,False,channel,ru,ru,1.0,218,113,96,0,1425,9840,7
dialectic_club,ru,2,False,empty,unknown,unknown,0.0,0,0,0,0,,25902,
dianajavsevamrasskazu,ru,2,False,empty,unknown,unknown,0.0,0,0,0,0,,27,
diarno_z,ru,2,False,channel,ru,ru,0.991,248,212,211,64,115,301,8
diaryrest,ru,2,False,empty,unknown,unknown,0.0,0,0,0,0,,10635,
dictatura_net,ru,2,False,empty,unknown,unknown,0.0,0,0,0,0,,7,
dies6,ru,2,False,channel,ru,ru,0.994,420,387,351,36,10539,30670,14
digital_sevastopol,ru,2,False,channel,ru,ru,1.0,8,8,7,2,543,575,12
dihuntress,ru,2,False,empty,unknown,unknown,0.0,0,0,0,0,,,
dimaslobanov,ru,2,False,empty,unknown,unknown,0.0,0,0,0,0,,,
dimasqs,ru,2,False,empty,unknown,unknown,0.0,0,0,0,0,,,
dimitribamberg,ru,2,False,channel,ru,ru,1.0,5,5,3,0,22326,23739,11
dimoglonina,ru,2,False,channel,ru,ru,0.985,141,94,91,97,112,8055,20
dionis_vv,ru,2,False,empty,unknown,unknown,0.0,0,0,0,0,,,
diplomat1423chat,ru,2,False,group,unknown,ru,0.0,1639,1269,1238,1639,392,235,9
diplomat_1423,ru,2,False,channel,ru,ru,0.994,1650,1280,1238,129,383,3128,9
direct_line_23_bot,ru,2,False,empty,unknown,unknown,0.0,0,0,0,0,,,
dirtymarketing,ru,2,False,channel,ru,ru,1.0,23,15,15,0,9138,11741,11
disclosed_blog,ru,2,False,channel,ru,ru,1.0,387,342,324,111,5230,22846,9
discoartillery,ru,2,False,channel,ru,ru,0.977,48,47,44,6,2310,1975,10
disprognoti,ru,2,False,channel,ru,ru,1.0,29,22,21,13,187,240,10
dit_moscow,ru,2,False,channel,ru,ru,1.0,45,36,34,9,1045,8010,6
divandoc,ru,2,False,channel,ru,ru,0.992,49,47,47,28,780,1459,10
divforever,ru,2,False,channel,ru,ru,1.0,205,205,200,184,23504,78439,8
divgenshtabbot,ru,2,False,empty,unknown,unknown,0.0,0,0,0,0,,,
diyak,ru,2,False,empty,unknown,unknown,0.0,0,0,0,0,,,
djawish,ru,2,False,channel,unknown,unknown,0.0,1,1,0,0,,92,10
djioeva18,ru,2,False,empty,unknown,unknown,0.0,0,0,0,0,,,
djumhuriyat,ru,2,False,channel,ru,ru,1.0,89,77,75,7,389,1152,7
dk_army_squad,ru,2,False,channel,ru,ru,1.0,197,152,150,175,33,36,20
dk_chel,ru,2,False,channel,ru,ru,1.0,200,177,177,0,339,1898,6
dkrmos,ru,2,False,channel,ru,ru,1.0,188,23,23,0,172,716,13
dkuklachev,ru,2,False,channel,ru,ru,1.0,1,1,1,0,6162,1563,11
dlyaponimaniya,ru,2,False,empty,unknown,unknown,0.0,0,0,0,0,,8,
dlytkinmos,ru,2,False,channel,ru,ru,1.0,259,83,79,10,53,205,13
dm_artis,ru,2,False,channel,ru,ru,1.0,48,38,38,16,3358,5368,15
dmbegun,ru,2,False,empty,unknown,unknown,0.0,0,0,0,0,,4458,
dmibykov,ru,2,False,channel,ru,ru,1.0,40,40,36,2,35314,40814,13
dmitrii_israel,ru,2,False,empty,unknown,unknown,0.0,0,0,0,0,,,
dmitriiglushko,ru,2,False,channel,ru,ru,0.997,114,72,57,16,923,4681,6
dmitriy_rudas,ru,2,False,channel,ru,ru,1.0,2,2,2,0,2930,553,6
dmitriy_tsukanov,ru,2,False,channel,ru,ru,1.0,16,12,12,2,1668,219,0
dmitry_22_kalibr61,ru,2,False,empty,unknown,unknown,0.0,0,0,0,0,,,
dmitry_melnikoff_poetry,ru,2,False,empty,unknown,unknown,0.0,0,0,0,0,,39,
dmitry_mikhaylin,ru,2,False,channel,ru,ru,1.0,7,5,5,0,1743,1263,14
dmitry_nazarov_official,ru,2,False,channel,ru,ru,1.0,7,7,7,0,39483,5247,1
dmitryabarenov,ru,2,False,channel,ru,ru,1.0,126,32,32,19,614,923,14
dmitryenin,ru,2,False,channel,ru,ru,0.977,52,20,20,1,148,218,13
dnbs_now,ru,2,False,channel,ru,ru,1.0,589,499,499,22,33754,36333,8
dnevnik_volontera_z,ru,2,False,channel,ru,ru,1.0,3,3,3,0,148,40,8
dnevniki_znamenitostey,ru,2,False,empty,unknown,unknown,0.0,0,0,0,0,,143,
dnevnikkachura,ru,2,False,channel,ru,ru,0.982,57,57,56,30,61,136,18
dnimedialogistiki,ru,2,False,channel,ru,ru,1.0,56,54,52,4,82,378,13
dnipro_now,ru,2,False,channel,ru,ru,0.974,1741,1114,1112,231,74917,120701,14
dnmu_official,ru,2,False,channel,ru,ru,0.994,627,563,540,26,1068,5869,18
dnr_lideryvozrozhdeniya,ru,2,False,channel,ru,ru,1.0,179,72,72,0,722,426,9
dnrhotline,ru,2,False,empty,unknown,unknown,0.0,0,0,0,0,,149,
dnronline,ru,2,False,channel,ru,ru,0.997,1735,1030,1016,656,3625,13100,12
do_you_want_total_war,ru,2,False,channel,unknown,unknown,0.0,2,2,0,1,5571,311,9
dobriy_ovchinnikov,ru,2,False,channel,ru,ru,1.0,122,87,74,29,736,6249,11
dobro_dnr,ru,2,False,channel,ru,ru,1.0,188,126,123,109,1260,1820,6
dobro_i_tochka,ru,2,False,empty,unknown,unknown,0.0,0,0,0,0,,8,
dobrodelpiter,ru,2,False,channel,ru,ru,1.0,66,53,51,21,430,372,19
dobrodelpiter_bot,ru,2,False,empty,unknown,unknown,0.0,0,0,0,0,,,
dobroinrussia,ru,2,False,empty,unknown,unknown,0.0,0,0,0,0,,7811,
dobrotavr,ru,2,False,channel,ru,ru,0.988,117,75,69,12,531,1178,14
dobrovolecru74,ru,2,False,channel,ru,ru,0.988,324,311,294,27,331,979,18
dobrovolsky_live,ru,2,False,channel,ru,ru,0.993,52,50,49,6,7034,3120,7
doc_inform,ru,2,False,channel,uk,uk,0.994,414,369,349,0,4098,13780,6
doc_rumyantsev,ru,2,False,channel,ru,ru,1.0,25,20,16,8,107,442,7
docpro,ru,2,False,channel,ru,ru,1.0,130,129,129,9,27009,145349,11
docstomru,ru,2,False,channel,ru,ru,0.991,299,280,257,2,3239,6886,6
doctor_yuraa,ru,2,False,channel,ru,ru,1.0,46,32,30,12,1600,3660,13
doctorpavlova,ru,2,False,channel,ru,ru,1.0,17,16,15,1,39330,85709,5
doctorutin,ru,2,False,channel,ru,ru,1.0,25,18,16,0,8152,24297,7
doctv_official,ru,2,False,channel,ru,ru,1.0,240,186,177,0,388,6038,14
dohod,ru,2,False,channel,ru,ru,1.0,29,29,28,0,26754,70825,8
dokladzakonchil,ru,2,False,channel,ru,ru,1.0,51,49,47,0,3143,4749,15
doktorvlad,ru,2,False,empty,unknown,unknown,0.0,0,0,0,0,,,
dolenkino,ru,2,False,channel,ru,ru,0.997,687,392,335,37,509,3201,5
dom_doc_tambov,ru,2,False,group,ru,ru,0.963,111,102,81,11,352,88,15
dom_edinstva52,ru,2,False,channel,ru,ru,1.0,35,16,16,1,627,9524,9
domodedovo365,ru,2,False,empty,unknown,unknown,0.0,0,0,0,0,,20,
domrf_bank,ru,2,False,channel,ru,ru,1.0,115,72,56,18,3571,17143,14
domrf_life,ru,2,False,channel,ru,ru,1.0,191,88,88,37,4717,33909,8
don24tv,ru,2,False,channel,ru,ru,1.0,514,481,438,50,1090,14252,14
donat_abc_bot,ru,2,False,empty,unknown,unknown,0.0,0,0,0,0,,,
donate,ru,2,False,empty,unknown,unknown,0.0,0,0,0,0,,,
donatedocinform,ru,2,False,empty,unknown,unknown,0.0,0,0,0,0,,14,
donbass_art,ru,2,False,channel,ru,ru,1.0,14,12,12,5,695,791,15
donbass_n,ru,2,False,channel,ru,ru,0.997,2419,1120,1120,153,4192,9720,8
donbassborisov,ru,2,False,empty,unknown,unknown,0.0,0,0,0,0,,,
donbasscase,ru,2,False,channel,ru,ru,0.994,317,279,279,36,11544,67125,9
donbasswarz,ru,2,False,channel,ru,ru,0.994,916,646,625,366,857,1844,10
donbaz_z,ru,2,False,channel,ru,ru,1.0,5221,3361,3358,1163,293,292,12
dondostavka,ru,2,False,empty,unknown,unknown,0.0,0,0,0,0,,2295,
donetsk,ru,2,False,channel,ru,ru,1.0,127,97,97,5,119,465,6
donetskafisharu,ru,2,False,channel,ru,ru,0.997,507,321,316,340,197,1551,11
donetskaya_guberniya_bot,ru,2,False,empty,unknown,unknown,0.0,0,0,0,0,,,
donetsknow,ru,2,False,channel,ru,ru,1.0,318,255,254,123,1152,3304,16
donetsknow_bot,ru,2,False,empty,unknown,unknown,0.0,0,0,0,0,,,
doninside,ru,2,False,channel,ru,ru,1.0,42,40,39,15,10612,24962,12
donnewsru,ru,2,False,channel,ru,ru,1.0,430,363,355,23,1218,8336,7
donporchay,ru,2,False,channel,ru,ru,1.0,100,83,76,66,590,896,15
donskoy,ru,2,False,empty,unknown,unknown,0.0,0,0,0,0,,,
dontel,ru,2,False,channel,ru,ru,1.0,706,419,413,645,2605,11708,9
dopomogage_bot,ru,2,False,empty,unknown,unknown,0.0,0,0,0,0,,,
doraduraduradora,ru,2,False,channel,ru,ru,0.984,418,362,344,141,3899,4477,17
dorinvest,ru,2,False,channel,ru,ru,1.0,107,25,25,6,429,784,11
dorogitransport,ru,2,False,empty,unknown,unknown,0.0,0,0,0,0,,183,
doska_pocheta_dagestan,ru,2,False,empty,unknown,unknown,0.0,0,0,0,0,,799,
dostoevsky_fm_dostoverno,ru,2,False,channel,ru,ru,1.0,63,47,46,3,14718,80061,5
dostoverno,ru,2,False,channel,ru,ru,0.997,356,299,287,233,262,2357,1
dostupnayaipoteka,ru,2,False,channel,ru,ru,0.997,158,138,131,8,2629,16557,7
doveoftheworld,ru,2,False,channel,ru,ru,1.0,82,44,44,0,45392,61895,15
dozor_kozak1,ru,2,False,channel,uk,uk,1.0,21,20,20,0,4077,4189,19
dpc_chukotka,ru,2,False,channel,ru,ru,0.993,58,47,44,5,3807,11118,23
dpioosmos,ru,2,False,channel,ru,ru,1.0,13,11,10,0,430,487,13
dprembassy,ru,2,False,channel,ru,ru,1.0,164,72,70,67,449,1034,9
dprunews,ru,2,False,channel,ru,ru,1.0,662,616,616,3,3039,19123,9
dps_lazo27,ru,2,False,channel,ru,ru,0.987,562,379,324,144,3448,17213,0
dpskontrol_125rus,ru,2,False,channel,ru,ru,0.991,871,564,521,219,8939,50003,4
dr_kuban,ru,2,False,channel,ru,ru,1.0,12,9,9,9,119,606,19
dr_leshiy,ru,2,False,empty,unknown,unknown,0.0,0,0,0,0,,,
dr_timakov7777,ru,2,False,channel,ru,ru,1.0,15,5,3,12,535,1378,17
dr_voenvrach,ru,2,False,channel,ru,ru,1.0,42,37,36,0,19741,44698,9
dragon_dances,ru,2,False,channel,ru,ru,1.0,462,301,248,23,5270,9752,19
drawanything,ru,2,False,channel,unknown,unknown,0.0,2,2,1,0,29225,2735,10
dream_smm1,ru,2,False,empty,unknown,unknown,0.0,0,0,0,0,,474,
drinkirk,ru,2,False,channel,ru,ru,1.0,9,9,9,1,1867,952,5
drkarapetyan,ru,2,False,channel,ru,ru,1.0,90,54,53,0,10358,67983,4
drmaqueen4eva,ru,2,False,channel,ru,ru,1.0,68,25,25,19,11112,8985,8
drozdenko_au_lo,ru,2,False,channel,ru,ru,1.0,112,38,38,1,10121,79709,17
drozdovlive,ru,2,False,empty,unknown,unknown,0.0,0,0,0,0,,3127,
drozhzhina_yu,ru,2,False,channel,ru,ru,1.0,39,16,15,1,1035,2040,11
drrakhmatullin,ru,2,False,channel,ru,ru,1.0,82,53,40,2,2178,8599,10
drrobertm,ru,2,False,channel,ru,ru,1.0,92,69,66,0,12695,38891,10
drsamyshina,ru,2,False,channel,ru,ru,1.0,99,51,51,24,129,682,12
drucity,ru,2,False,empty,unknown,unknown,0.0,0,0,0,0,,7554,
drug_kz,ru,2,False,empty,unknown,unknown,0.0,0,0,0,0,,62,
drugoedeloru,ru,2,False,channel,ru,ru,0.982,46,29,25,0,2306,11826,12
drugoinnov,ru,2,False,channel,ru,ru,1.0,33,24,24,23,345,1083,12
drugoros_spb,ru,2,False,channel,ru,ru,0.967,32,29,28,12,501,3796,15
drugorostv,ru,2,False,empty,unknown,unknown,0.0,0,0,0,0,,1,
drugrosrostov,ru,2,False,channel,ru,ru,1.0,18,17,16,6,212,362,7
drugudm,ru,2,False,channel,ru,ru,1.0,138,111,106,81,41,184,14
drunken_masta,ru,2,False,channel,ru,ru,1.0,81,78,78,3,5750,17763,12
drunkenpolitolog,ru,2,False,channel,ru,ru,1.0,270,262,231,136,3065,10890,8
drv_official,ru,2,False,channel,ru,ru,1.0,44,44,44,0,307,2249,6
drzyabkin,ru,2,False,channel,ru,ru,1.0,10,8,8,2,680,422,20
ds_am,ru,2,False,empty,unknown,unknown,0.0,0,0,0,0,,,
ds_oleinik,ru,2,False,channel,ru,ru,1.0,76,26,21,10,271,745,13
dtekdniprovskielektromerezhibot,ru,2,False,empty,unknown,unknown,0.0,0,0,0,0,,,
dtoperativno,ru,2,False,channel,ru,ru,1.0,351,336,336,0,15785,113070,14
dtp777,ru,2,False,channel,ru,ru,1.0,643,393,387,0,12769,135874,7
dtpchp05,ru,2,False,empty,unknown,unknown,0.0,0,0,0,0,,62,
dtpsochi,ru,2,False,channel,ru,ru,1.0,192,137,137,15,3936,14675,9
dtsznsevastopol,ru,2,False,channel,ru,ru,0.984,62,23,23,36,1855,4637,12
dubaiafisha,ru,2,False,channel,ru,ru,1.0,238,91,72,2,8198,11398,22
dubaimap,ru,2,False,channel,ru,ru,0.997,275,167,168,0,51539,111571,10
dubaispetskor,ru,2,False,channel,ru,ru,1.0,105,61,60,5,5806,9604,17
dubovd,ru,2,False,channel,ru,ru,1.0,79,75,74,1,6813,39185,12
dulkin16,ru,2,False,channel,ru,ru,0.994,458,342,321,239,146,725,6
duma_2021,ru,2,False,channel,ru,ru,1.0,214,196,186,42,2375,27059,10
dumai_sam_i_sei4as,ru,2,False,channel,ru,ru,1.0,26,24,23,4,7272,29391,15
dunnataly,ru,2,False,empty,unknown,unknown,0.0,0,0,0,0,,,
durnolistchronic,ru,2,False,channel,ru,ru,1.0,105,87,83,45,228,1724,15
durov,ru,2,False,channel,en,en,1.0,1,1,1,0,3076858,11640663,16
durovs_code,ru,2,False,channel,en,en,1.0,87,85,83,0,1482,37233,5
durshlag,ru,2,False,channel,bg,ru,0.571,102,94,91,100,617,2997,10
dushepoleznoe_chtenie,ru,2,False,channel,ru,ru,1.0,19,19,19,15,538,869,7
dv_traveler,ru,2,False,channel,ru,ru,1.0,179,76,76,0,113,4598,3
dvapiva,ru,2,False,channel,ru,ru,1.0,18,18,18,0,2115,3804,6
dvapoistorii,ru,2,False,channel,ru,ru,1.0,52,48,48,0,120,32,7
dvhab_novosti,ru,2,False,channel,ru,ru,1.0,943,423,415,22,5058,56822,5
dvinform,ru,2,False,empty,unknown,unknown,0.0,0,0,0,0,,38,
dvizhenievremya,ru,2,False,channel,ru,ru,1.0,19,17,16,4,484,1257,9
dvizhpronedvizh,ru,2,False,channel,ru,ru,1.0,170,85,83,0,15922,69972,14
dvkalmar,ru,2,False,channel,ru,ru,1.0,105,64,59,26,630,5792,8
dvkpru,ru,2,False,empty,unknown,unknown,0.0,0,0,0,0,,17,
dvreportazh,ru,2,False,channel,ru,ru,1.0,2,2,2,1,355,139,4
dvtbabayan,ru,2,False,channel,ru,ru,0.763,52,52,50,0,451,484,20
dvuglav,ru,2,False,empty,unknown,unknown,0.0,0,0,0,0,,101,
dvved,ru,2,False,channel,ru,ru,1.0,662,582,575,170,1063,8961,0
dwellercity,ru,2,False,channel,ru,ru,1.0,138,65,64,17,7820,19006,8
dwglavnoe,ru,2,False,channel,ru,ru,1.0,1067,996,996,22,18347,82124,15
dyadyaalan15,ru,2,False,channel,ru,ru,0.979,518,450,444,144,308,518,9
dyadyabeksolt06,ru,2,False,channel,ru,ru,0.987,444,365,362,89,99,213,9
dyadyaeldar07,ru,2,False,channel,ru,ru,1.0,335,287,261,0,683,1038,9
dyadyahabib05,ru,2,False,channel,ru,ru,0.997,220,166,166,6,566,592,8
dyakonova_ti,ru,2,False,channel,ru,ru,1.0,48,31,31,1,475,1353,9
dymkamchatki,ru,2,False,channel,ru,ru,1.0,18,13,13,0,1564,9821,21
dymovceramic,ru,2,False,empty,unknown,unknown,0.0,0,0,0,0,,5919,
dzdmos,ru,2,False,channel,ru,ru,0.997,246,131,117,62,2332,238373,9
dzen_z,ru,2,False,empty,unknown,unknown,0.0,0,0,0,0,,12,
dzermant,ru,2,False,channel,ru,ru,1.0,115,112,110,33,2124,7833,8
dzhankoynovosti,ru,2,False,channel,ru,ru,1.0,120,47,44,0,251,671,11
dzhmao,ru,2,False,channel,ru,ru,1.0,158,90,85,46,236,2077,9
dzkkz,ru,2,False,channel,unknown,unknown,0.0,4,4,4,0,79,81,10
dzubavictor,ru,2,False,channel,ru,ru,1.0,62,47,45,0,4623,2362,16
e1_news,ru,2,False,channel,ru,ru,1.0,2547,1693,1660,58,39559,422501,8
e2toe4,ru,2,False,channel,ru,ru,1.0,288,251,236,128,669,8441,7
e_lapushkina,ru,2,False,channel,ru,ru,1.0,55,16,15,1,3144,2003,10
e_nutria,ru,2,False,channel,ru,ru,1.0,125,125,125,0,380,2288,21
e_tsunaeva,ru,2,False,channel,ru,ru,1.0,196,121,114,16,158,1609,12
e_ved,ru,2,False,empty,unknown,unknown,0.0,0,0,0,0,,2431,
ea_borisov,ru,2,False,channel,ru,ru,1.0,5,4,4,0,2587,336,8
ea_evtuhova,ru,2,False,channel,ru,ru,1.0,155,59,53,48,533,1081,5
ea_vtorygina,ru,2,False,channel,ru,ru,1.0,114,40,31,0,152,400,14
eabr_bank,ru,2,False,channel,ru,ru,1.0,10,10,10,0,1410,3047,7
ean_orenburg,ru,2,False,channel,ru,ru,1.0,114,88,87,18,255,1329,13
eanchel,ru,2,False,channel,ru,ru,1.0,241,212,204,65,206,1320,9
eannews,ru,2,False,channel,ru,ru,1.0,416,336,326,14,877,5029,14
east_shift,ru,2,False,channel,ru,ru,1.0,67,67,67,1,4033,11263,4
easternpromis,ru,2,False,channel,ru,ru,1.0,80,64,64,0,3857,3359,12
easydalle2,ru,2,False,empty,unknown,unknown,0.0,0,0,0,0,,16,
ebanulisnews,ru,2,False,channel,ru,ru,0.994,1206,672,672,13,2952,8020,11
ebuldinskyspez,ru,2,False,channel,ru,ru,0.994,399,398,394,208,786,4522,12
ech0_m1rage,ru,2,False,channel,ru,ru,0.989,81,59,53,34,85,111,14
echoonline_news,ru,2,False,channel,ru,ru,1.0,357,357,357,0,40689,72540,9
echtdevol,ru,2,False,channel,ru,ru,0.992,109,91,88,50,10143,14429,17
ecmoru,ru,2,False,channel,ru,ru,1.0,45,45,44,0,1234,3790,15
ecodelai,ru,2,False,channel,ru,ru,1.0,101,33,30,10,304,948,15
ecodied,ru,2,False,channel,ru,ru,1.0,26,24,24,8,287,119,13
ecofuturerf,ru,2,False,empty,unknown,unknown,0.0,0,0,0,0,,4,
ecolog29,ru,2,False,channel,ru,ru,1.0,222,219,219,34,166,1240,9
ecology_56,ru,2,False,channel,ru,ru,1.0,24,18,18,22,317,389,13
ecomisli,ru,2,False,channel,ru,ru,1.0,51,38,38,12,10140,45590,14
economicsmagazine,ru,2,False,channel,ru,ru,1.0,126,108,104,0,2211,11686,11
economyofarmenia,ru,2,False,channel,ru,ru,1.0,283,173,173,22,8207,29694,11
ecosophyrsv,ru,2,False,channel,ru,ru,1.0,29,13,12,2,1705,1330,11
ecozhora,ru,2,False,channel,ru,ru,1.0,55,49,49,16,4914,32697,17
ecshe,ru,2,False,channel,ru,ru,1.0,23,20,20,3,235,328,8
ed_kozlov,ru,2,False,channel,ru,ru,1.0,38,22,22,22,352,700,9
edagdasmr,ru,2,False,channel,ru,ru,1.0,528,168,168,2,6909,34491,7
edaperm,ru,2,False,channel,ru,ru,1.0,185,177,177,1,2100,6778,4
edaruofficial,ru,2,False,channel,ru,ru,1.0,43,43,39,0,3708,21442,16
edcpublicnews,ru,2,False,channel,ru,ru,0.996,106,62,48,13,173,1378,11
edemves,ru,2,False,empty,unknown,unknown,0.0,0,0,0,0,,,
edimtv,ru,2,False,channel,ru,ru,1.0,10,10,10,0,11422,12816,8
edinajakuban,ru,2,False,channel,ru,ru,1.0,64,52,47,49,83,113,9
edinstvotv,ru,2,False,channel,ru,ru,1.0,127,108,102,114,907,1941,21
eduardboyakov,ru,2,False,channel,ru,ru,1.0,11,11,11,4,3008,2296,18
eduardlimonov,ru,2,False,channel,unknown,ru,0.0,7,7,7,7,2123,1406,15
eduardsharafiev,ru,2,False,channel,ru,ru,1.0,16,8,8,1,1569,2629,10
eduardsharmazanov,ru,2,False,channel,et,ru,1.0,235,216,212,99,378,883,20
eduvtatarstan,ru,2,False,channel,ru,ru,0.994,1469,1053,1036,217,6900,40156,14
eecommission,ru,2,False,channel,ru,ru,1.0,16,16,13,0,27390,7160,6
eeguard,ru,2,False,empty,unknown,unknown,0.0,0,0,0,0,,3,
eestipost,ru,2,False,channel,ru,ru,1.0,95,95,95,0,1766,4486,14
egorpolomoshnov,ru,2,False,channel,ru,ru,1.0,24,23,22,9,151,188,7
egoryakovleff,ru,2,False,channel,ru,ru,1.0,191,137,132,56,9245,61363,14
egoszakupkiru,ru,2,False,channel,ru,ru,1.0,24,20,17,8,2069,13397,12
ehidnaaaa,ru,2,False,channel,ru,ru,1.0,121,97,97,0,5160,7885,6
ehosev,ru,2,False,channel,ru,ru,1.0,400,322,321,37,2000,6563,9
eipp_official,ru,2,False,channel,ru,ru,1.0,30,21,20,2,470,2712,6
eisr_feedback,ru,2,False,empty,unknown,unknown,0.0,0,0,0,0,,,
eisragenda,ru,2,False,channel,ru,ru,1.0,67,52,51,0,8751,13254,12
ekat01_bot,ru,2,False,empty,unknown,unknown,0.0,0,0,0,0,,,
ekaterina_mizulina,ru,2,False,channel,ru,ru,1.0,64,44,42,8,24534,892174,13
ekaterinaalekhina,ru,2,False,channel,ru,ru,1.0,19,17,15,0,2816,13343,13
ekaterinamechetina,ru,2,False,channel,ru,ru,1.0,25,25,20,5,2427,3184,19
ekaterinapechorina,ru,2,False,empty,unknown,unknown,0.0,0,0,0,0,,,
ekb4tv,ru,2,False,channel,ru,ru,1.0,788,617,593,0,4511,30954,6
ekb_food_bot,ru,2,False,empty,unknown,unknown,0.0,0,0,0,0,,,
ekbatom,ru,2,False,channel,ru,ru,1.0,50,27,24,1,489,3183,3
ekbfamily,ru,2,False,channel,ru,ru,1.0,60,56,55,1,1479,6314,11
ekbkuda,ru,2,False,channel,ru,ru,1.0,460,266,266,27,1556,15873,9
ekbonfire,ru,2,False,channel,ru,ru,1.0,38,32,32,0,1560,3073,5
ekdme,ru,2,False,channel,ru,ru,1.0,252,244,244,0,2206,18031,16
ekho_kavkaza,ru,2,False,channel,ru,ru,1.0,407,366,366,37,685,7439,16
ekoasia,ru,2,False,channel,ru,ru,1.0,283,241,239,22,239,5243,7
ekskyrsovod,ru,2,False,empty,unknown,unknown,0.0,0,0,0,0,,4259,
ekvinokurova,ru,2,False,empty,unknown,unknown,0.0,0,0,0,0,,5582,
el_daimmax,ru,2,False,channel,ru,ru,0.994,77,34,27,1,256,516,15
eladimru,ru,2,False,group,ru,ru,0.991,9409,9373,8681,38,3414,3614,10
elbakyan_edgar,ru,2,False,channel,et,et,1.0,122,113,111,78,839,2711,17
elbrusresort,ru,2,False,channel,ru,ru,0.988,145,110,84,33,4517,50605,15
eldorado_official_bot,ru,2,False,empty,unknown,unknown,0.0,0,0,0,0,,,
election_usa,ru,2,False,channel,unknown,ru,0.0,672,615,615,672,10,47,17
electionallawyers,ru,2,False,channel,ru,ru,1.0,270,256,255,268,123,1384,8
elena_dm630782,ru,2,False,empty,unknown,unknown,0.0,0,0,0,0,,,
elena_icon,ru,2,False,channel,ru,ru,1.0,136,74,59,0,3765,6043,7
elena_sanny_sochi,ru,2,False,empty,unknown,unknown,0.0,0,0,0,0,,,
elenakozenkova,ru,2,False,channel,ru,ru,1.0,491,404,353,245,622,5404,12
elenasorokinarzn,ru,2,False,channel,ru,ru,1.0,106,58,34,5,556,185,14
elenasotnikovaletters,ru,2,False,channel,ru,ru,0.994,514,268,255,1,10040,20981,8
elephants_motherland,ru,2,False,channel,ru,ru,1.0,21,20,20,0,10611,6886,5
elina_patykova,ru,2,False,channel,ru,ru,1.0,106,65,25,34,12056,19789,9
elinviktor,ru,2,False,channel,ru,ru,1.0,345,152,137,132,252,781,9
elite_rezerve,ru,2,False,empty,unknown,unknown,0.0,0,0,0,0,,84,
elvirikkk,ru,2,False,empty,unknown,unknown,0.0,0,0,0,0,,594,
elzcentr,ru,2,False,channel,ru,ru,1.0,52,26,24,1,1768,611,11
embusa,ru,2,False,channel,en,ru,0.99,192,148,142,143,788,6831,14
emeralagency,ru,2,False,empty,unknown,unknown,0.0,0,0,0,0,,13,
emigriceps_spain,ru,2,False,channel,ru,ru,1.0,35,35,33,0,6670,11112,14
emphasises,ru,2,False,channel,ru,ru,1.0,150,146,144,64,17119,26148,9
empire_look,ru,2,False,channel,ru,ru,1.0,316,304,301,231,204,832,8
empire_truth,ru,2,False,channel,ru,ru,0.991,121,102,102,1,769,1593,12
empireoffroad,ru,2,False,empty,unknown,unknown,0.0,0,0,0,0,,122,
empive,ru,2,False,channel,ru,ru,1.0,177,137,137,26,737,3977,14
empty_clear_bottles,ru,2,False,empty,unknown,unknown,0.0,0,0,0,0,,2311,
enabludatel,ru,2,False,channel,ru,ru,1.0,77,77,77,13,315,6135,6
enakievo_1,ru,2,False,channel,ru,ru,1.0,555,305,303,434,84,394,13
enakievo_official,ru,2,False,channel,ru,ru,1.0,1286,658,632,923,107,3494,13
ener_admin,ru,2,False,channel,ru,ru,1.0,115,76,76,42,887,2503,9
energo3,ru,2,False,channel,ru,ru,1.0,3,3,3,0,4869,906,11
energodaar,ru,2,False,empty,unknown,unknown,0.0,0,0,0,0,,23,
energodar_ru,ru,2,False,channel,ru,ru,1.0,417,379,379,282,3461,35810,8
energoinnovation,ru,2,False,channel,ru,ru,1.0,44,43,42,27,2535,533,14
energopolee,ru,2,False,channel,ru,ru,1.0,40,40,40,4,318,3330,15
energot,ru,2,False,channel,ru,ru,1.0,1431,767,13,12,305,1885,12
energy_digest,ru,2,False,channel,ru,ru,1.0,19,19,19,0,8616,1176,13
energyfromwaste,ru,2,False,channel,ru,ru,1.0,62,62,62,1,5145,5361,7
energystrategynataliagrib,ru,2,False,channel,ru,ru,1.0,39,37,36,33,899,2866,21
energytodayredactor,ru,2,False,empty,unknown,unknown,0.0,0,0,0,0,,,
enewsmd,ru,2,False,channel,ru,ru,1.0,837,777,762,30,298,3489,9
enfrardgenomasien,ru,2,False,channel,ru,ru,1.0,54,36,35,4,672,2020,5
englishntvplus,ru,2,False,empty,unknown,unknown,0.0,0,0,0,0,,606,
eniseytv,ru,2,False,channel,ru,ru,0.994,922,656,651,1,2291,15771,4
enothersonmanager_bot,ru,2,False,empty,unknown,unknown,0.0,0,0,0,0,,,
enter_saransk,ru,2,False,channel,ru,ru,1.0,244,95,95,0,1707,14649,6
eoblast,ru,2,False,channel,ru,ru,0.997,1072,633,622,217,446,3482,3
epanchintsev,ru,2,False,channel,ru,ru,1.0,77,62,62,16,3278,2274,4
epolitica,ru,2,False,channel,ru,ru,1.0,27,21,20,10,307,365,16
eprussia,ru,2,False,channel,ru,ru,1.0,273,272,254,22,590,6913,7
er_kalmykia,ru,2,False,channel,ru,ru,1.0,424,184,163,176,125,512,14
er_lnr,ru,2,False,channel,ru,ru,1.0,122,121,121,0,1309,3198,14
er_mordovia,ru,2,False,channel,ru,ru,1.0,25,21,19,3,179,966,9
er_tyumen,ru,2,False,channel,ru,ru,1.0,107,86,84,18,144,872,9
er_uao,ru,2,False,channel,ru,ru,1.0,137,65,61,46,112,560,14
er_uvao,ru,2,False,channel,ru,ru,1.0,29,13,13,17,68,120,13
er_uzao,ru,2,False,channel,ru,ru,1.0,21,18,18,0,170,213,10
erdcnews,ru,2,False,channel,ru,ru,1.0,86,54,54,12,801,6674,6
eremin_krsk,ru,2,False,channel,ru,ru,1.0,10,7,6,0,10969,4834,11
ergosdumaofficial,ru,2,False,channel,ru,ru,1.0,343,268,265,27,347,4338,12
erkharkov,ru,2,False,channel,ru,ru,1.0,33,28,27,8,792,655,12
ermaka2022,ru,2,False,channel,uk,uk,0.997,131,124,124,2,204902,86671,14
ernestv_2020,ru,2,False,channel,ru,ru,0.994,740,629,605,492,6149,14420,8
erpalych,ru,2,False,channel,ru,ru,1.0,126,121,118,69,551,676,12
ersevastopol,ru,2,False,channel,ru,ru,1.0,465,151,149,46,77,906,14
ershtg,ru,2,False,channel,ru,ru,1.0,7,7,5,0,4101,2082,5
erzrf,ru,2,False,channel,ru,ru,0.994,315,214,207,19,2343,14600,12
esbu_gov_ua,ru,2,False,channel,uk,uk,1.0,62,43,42,0,2200,13296,14
esengaliy_ibraev,ru,2,False,channel,ru,ru,1.0,71,52,52,26,257,992,9
esgcongress,ru,2,False,channel,ru,ru,1.0,16,12,12,12,638,342,8
esgpost,ru,2,False,channel,ru,ru,1.0,166,166,166,3,426,13165,11
esgworld,ru,2,False,channel,ru,ru,1.0,56,56,55,4,5173,7793,6
eshkinkrot,ru,2,False,channel,ru,ru,1.0,733,468,467,244,94745,228137,8
eshsga,ru,2,False,empty,unknown,unknown,0.0,0,0,0,0,,,
estonews,ru,2,False,channel,ru,ru,1.0,34,27,23,0,9395,3938,14
esxaton,ru,2,False,channel,ru,ru,1.0,19,19,19,1,4881,9087,13
eterebenin,ru,2,False,channel,ru,ru,0.996,79,53,46,11,5915,34098,10
eternal_russia,ru,2,False,channel,ru,ru,1.0,33,8,3,0,1737,432,18
etodonetsk_bot,ru,2,False,empty,unknown,unknown,0.0,0,0,0,0,,,
etofaib,ru,2,False,channel,ru,ru,1.0,74,58,56,1,8099,203963,9
etudes_avec_accent,ru,2,False,channel,ru,ru,1.0,86,56,55,0,2138,5407,9
eugenejut,ru,2,False,channel,ru,ru,1.0,756,506,498,44,113,1220,4
eurasia_diary,ru,2,False,empty,unknown,unknown,0.0,0,0,0,0,,110,
eurasiamoldova,ru,2,False,channel,ru,ru,1.0,510,495,479,93,2173,2935,7
eureka_news_english,ru,2,False,channel,en,en,1.0,101,101,101,0,29,177,10
eurekapress,ru,2,False,channel,es,es,0.921,733,669,663,87,1497,12317,11
euroarctic,ru,2,False,channel,ru,ru,1.0,188,155,152,169,232,616,7
eurodomru,ru,2,False,channel,ru,ru,1.0,41,30,30,0,1030,3597,7
ev_gd,ru,2,False,empty,unknown,unknown,0.0,0,0,0,0,,4,
ev_pisareva,ru,2,False,channel,ru,ru,1.0,80,27,27,10,132,244,16
eventmedia,ru,2,False,channel,ru,ru,1.0,80,79,78,0,2988,12918,7
evgeniadruzhinina,ru,2,False,empty,unknown,unknown,0.0,0,0,0,0,,,
evgenii_ponasenkov,ru,2,False,channel,ru,ru,1.0,153,143,142,0,30175,75569,9
evgeniy_serkin,ru,2,False,channel,ru,ru,1.0,1301,971,971,4,4247,45012,11
evgeniygrachev5,ru,2,False,channel,unknown,ru,0.0,16,7,6,15,113,54,10
evgeny_kuyvashev,ru,2,False,channel,ru,ru,1.0,1,1,1,0,23162,2620,8
evgeny_svetlov_74,ru,2,False,empty,unknown,unknown,0.0,0,0,0,0,,255,
evghenytukan,ru,2,False,channel,ru,ru,1.0,17,17,17,9,248,273,10
evilsailor,ru,2,False,empty,unknown,unknown,0.0,0,0,0,0,,18,
evnoazef,ru,2,False,channel,ru,ru,1.0,73,69,69,40,1852,1354,6
evnshatun,ru,2,False,channel,ru,ru,1.0,112,98,98,70,730,3735,5
evnurban,ru,2,False,channel,ru,ru,1.0,43,14,14,5,2011,2607,16
evpatoria_yalta,ru,2,False,channel,ru,ru,1.0,30,22,22,0,11802,8684,10
evraev,ru,2,False,channel,ru,ru,1.0,49,49,49,7,487,1626,8
evrazcom,ru,2,False,channel,ru,ru,1.0,55,29,22,0,2487,6321,12
evraziiskiihomyachok,ru,2,False,channel,ru,ru,1.0,235,195,195,110,2931,7312,8
evropeiskiy_trc,ru,2,False,channel,ru,ru,1.0,268,103,98,0,793,11809,13
evsiutkin,ru,2,False,channel,ru,ru,1.0,1,1,1,0,1113,4575,7
evstupin,ru,2,False,channel,ru,ru,1.0,59,32,32,1,15554,54565,14
exarchleonid,ru,2,False,channel,ru,ru,0.984,343,155,153,0,2643,13202,10
exclusive_ukraina_ru,ru,2,False,channel,ru,ru,1.0,479,479,479,17,373,33592,15
exitexist,ru,2,False,channel,ru,ru,1.0,13,13,13,4,3516,4877,16
exp_fdn,ru,2,False,channel,ru,ru,1.0,39,39,39,2,1901,3329,9
expertned,ru,2,False,channel,ru,ru,1.0,79,76,76,4,3645,5901,7
expertprimorye,ru,2,False,channel,ru,ru,1.0,17,17,17,0,12011,11732,4
exportcenter,ru,2,False,empty,unknown,unknown,0.0,0,0,0,0,,155,
exspress58,ru,2,False,channel,ru,ru,1.0,229,209,206,0,499,1758,14
extra_vaganza,ru,2,False,channel,ru,ru,1.0,30,29,29,6,1789,2258,12
extremism_71,ru,2,False,channel,ru,ru,1.0,58,40,40,1,1397,3207,18
extremizmunet,ru,2,False,channel,ru,ru,1.0,37,32,30,13,1323,2726,12
f_s_c_p,ru,2,False,channel,ru,ru,0.997,579,436,436,3,1136,13485,13
factory_base,ru,2,False,channel,ru,ru,1.0,15,15,15,0,657,3203,13
factovrn,ru,2,False,channel,ru,ru,1.0,27,27,23,0,1189,2050,15
factsonthetable,ru,2,False,channel,ru,ru,1.0,2,2,2,0,30752,177,6
facultetmo,ru,2,False,channel,ru,ru,1.0,43,17,17,0,1771,7625,11
faeasfokus,ru,2,False,channel,ru,ru,1.0,69,38,38,0,1137,5221,14
fake_news_ru,ru,2,False,channel,ru,ru,1.0,25,19,9,8,6907,3667,15
fakecemetery,ru,2,False,channel,ru,ru,0.997,122,98,98,1,12100,16567,9
faktorinfo,ru,2,False,channel,ru,ru,1.0,59,53,52,11,705,649,6
falloutnewvegasmemez,ru,2,False,channel,unknown,ru,0.0,48,48,1,1,1465,2254,14
fareast_rus,ru,2,False,channel,ru,ru,1.0,81,19,18,1,1728,4380,8
fareastpost,ru,2,False,empty,unknown,unknown,0.0,0,0,0,0,,566,
fasady_massiv,ru,2,False,empty,unknown,unknown,0.0,0,0,0,0,,248,
fashionaggression,ru,2,False,channel,ru,ru,1.0,8,8,8,1,12403,1662,16
fashizminukraine,ru,2,False,channel,ru,ru,1.0,6,5,5,5,1331,435,13
fasietalks,ru,2,False,channel,ru,ru,1.0,28,21,21,8,4133,22383,12
fatcat18,ru,2,False,channel,ru,ru,1.0,229,229,229,6,53434,101245,7
fatherland_rus,ru,2,False,empty,unknown,unknown,0.0,0,0,0,0,,258,
fatigarov,ru,2,False,empty,unknown,unknown,0.0,0,0,0,0,,554,
fauda_orda,ru,2,False,empty,unknown,unknown,0.0,0,0,0,0,,757,
faust21century,ru,2,False,channel,ru,ru,1.0,41,26,23,1,9702,75278,13
favtrf,ru,2,False,channel,ru,ru,1.0,59,52,51,16,1591,4567,16
fbchu,ru,2,False,channel,ru,ru,0.968,634,356,354,20,3049,42644,19
fcieabrkonkurs,ru,2,False,channel,ru,ru,1.0,17,17,17,0,503,127,7
fck_rkn_bot,ru,2,False,empty,unknown,unknown,0.0,0,0,0,0,,,
fcrotor,ru,2,False,channel,ru,ru,0.993,29,23,23,8,1413,1817,8
fcsmtg,ru,2,False,channel,ru,ru,0.988,433,220,148,41,38549,268071,14
fctomtomsk,ru,2,False,channel,ru,ru,1.0,12,12,12,0,3093,608,12
fcufa_team,ru,2,False,channel,ru,ru,0.991,321,178,131,2,1753,9179,7
fedechkindmitrii,ru,2,False,channel,ru,ru,0.997,61,59,58,3,479,754,5
fedenkovin,ru,2,False,channel,ru,ru,1.0,114,45,45,0,265,873,9
federalcity,ru,2,False,channel,ru,ru,1.0,51,51,51,0,4852,7583,11
fedinaarina,ru,2,False,empty,unknown,unknown,0.0,0,0,0,0,,,
fedorinvest,ru,2,False,channel,ru,ru,1.0,196,129,117,0,6363,70453,14
fedorovafond,ru,2,False,channel,ru,ru,1.0,33,21,19,0,182,323,16
fedorovichvv,ru,2,False,channel,ru,ru,1.0,10,10,8,4,7209,6551,17
fedot_tumusov,ru,2,False,empty,unknown,unknown,0.0,0,0,0,0,,5,
fedyaevpavel,ru,2,False,channel,ru,ru,1.0,125,72,59,54,533,943,6
feedback_1703_bot,ru,2,False,empty,unknown,unknown,0.0,0,0,0,0,,,
feedback_avengers_bot,ru,2,False,empty,unknown,unknown,0.0,0,0,0,0,,,
feelauto2022,ru,2,False,channel,ru,ru,0.988,644,266,253,0,1584,5010,14
felixrazumovskiy,ru,2,False,channel,ru,ru,1.0,18,17,15,3,5670,4817,22
fenittosnaiperitto,ru,2,False,channel,ru,ru,1.0,7,7,5,0,2404,2217,21
fenixkorsik,ru,2,False,empty,unknown,unknown,0.0,0,0,0,0,,,
feofilakttg,ru,2,False,channel,ru,ru,1.0,6,6,6,0,41358,21361,17
fergananews,ru,2,False,channel,ru,ru,1.0,223,204,204,140,1368,6071,8
ferganauzbekistan,ru,2,False,channel,ru,ru,1.0,157,135,134,9,2681,743,8
ferrumworld,ru,2,False,channel,ru,ru,0.996,660,406,289,91,190,1460,12
fetva_ar,ru,2,False,channel,ru,ru,1.0,69,69,68,48,65,181,13
fgnews07,ru,2,False,channel,de,de,1.0,879,774,772,67,4187,17681,13
fiftnmls,ru,2,False,channel,ru,ru,0.984,950,668,667,6,3285,102724,16
fightnightsofficial,ru,2,False,channel,ru,ru,1.0,73,66,66,19,1330,7558,18
fightpencil,ru,2,False,channel,ru,ru,0.976,8,8,8,0,3281,1290,10
fihtenholz,ru,2,False,channel,ru,ru,1.0,53,48,48,31,141,110,14
fikerdeslek,ru,2,False,channel,ru,ru,1.0,49,48,47,13,2093,5001,20
fikirlerimiz,ru,2,False,channel,ru,ru,0.99,201,173,172,20,425,489,13
filatofff,ru,2,False,channel,ru,ru,1.0,46,41,41,0,5906,36997,4
filatovs_chatbot,ru,2,False,empty,unknown,unknown,0.0,0,0,0,0,,,
filinmudr,ru,2,False,empty,unknown,unknown,0.0,0,0,0,0,,1,
filippov_spb,ru,2,False,empty,unknown,unknown,0.0,0,0,0,0,,,
film_hedgehog,ru,2,False,channel,ru,ru,1.0,36,25,24,9,4964,10388,7
finadmbot,ru,2,False,empty,unknown,unknown,0.0,0,0,0,0,,,
finamnews,ru,2,False,channel,ru,ru,1.0,712,712,712,1,42,1491,7
financekaz,ru,2,False,channel,ru,ru,1.0,208,186,174,11,21645,61373,4
financialdesant,ru,2,False,channel,ru,ru,1.0,71,71,71,0,290,357,9
finanz_ru,ru,2,False,channel,ru,ru,1.0,18,18,18,0,27571,23493,11
findchild,ru,2,False,channel,ru,ru,1.0,222,169,158,15,335,3045,13
finexpertiza,ru,2,False,channel,ru,ru,1.0,14,14,14,0,186,598,9
fingerson,ru,2,False,channel,ru,ru,1.0,62,62,62,0,33985,108672,15
finkrolik,ru,2,False,channel,ru,ru,1.0,2108,2107,2107,31,35704,113053,20
first_aid_expert,ru,2,False,empty,unknown,unknown,0.0,0,0,0,0,,13,
first_arctic,ru,2,False,channel,ru,ru,1.0,324,252,252,21,433,16224,15
firstdesk,ru,2,False,channel,ru,ru,1.0,13,7,6,0,489,907,15
firstmedtv,ru,2,False,channel,ru,ru,1.0,83,61,55,0,800,11273,10
firstshottm,ru,2,False,channel,ru,ru,1.0,18,15,13,0,2505,1136,5
fisazade,ru,2,False,channel,ru,ru,1.0,24,24,20,5,3042,1822,18
fish_gov_ru,ru,2,False,channel,ru,ru,1.0,110,80,79,16,1105,9768,8
fishechki,ru,2,False,channel,ru,ru,0.994,167,167,69,0,9840,26372,10
fisherkrasnoselkup,ru,2,False,channel,ru,ru,1.0,11,7,7,0,879,528,4
fishing38irk,ru,2,False,channel,ru,ru,0.992,193,110,82,4,590,6315,2
fityla,ru,2,False,empty,unknown,unknown,0.0,0,0,0,0,,,
fivepublic01,ru,2,False,channel,ru,ru,1.0,24,24,24,0,9895,302,9
fizruk_93,ru,2,False,empty,unknown,unknown,0.0,0,0,0,0,,,
fktdeutsch,ru,2,False,channel,de,de,1.0,47,44,44,11,6348,11659,7
flashlenobl,ru,2,False,channel,ru,ru,1.0,267,267,267,0,435,2440,8
fleetrus,ru,2,False,empty,unknown,unknown,0.0,0,0,0,0,,13,
flotiliya_krd,ru,2,False,channel,ru,ru,1.0,37,25,24,6,175,1019,9
flotnadivane,ru,2,False,channel,ru,ru,1.0,38,38,38,26,979,283,12
fly_pereslavl,ru,2,False,channel,ru,ru,1.0,27,10,10,0,6593,34320,6
fly_to_me,ru,2,False,channel,ru,ru,0.97,258,258,258,0,10040,13693,6
flyredwings,ru,2,False,channel,ru,ru,1.0,62,25,24,0,4335,20418,9
flysmartavia,ru,2,False,channel,ru,ru,1.0,31,18,13,0,14949,45057,14
fmusbot,ru,2,False,empty,unknown,unknown,0.0,0,0,0,0,,,
fnsis,ru,2,False,empty,unknown,unknown,0.0,0,0,0,0,,,
fnvmemes,ru,2,False,empty,unknown,unknown,0.0,0,0,0,0,,2,
fnvolga,ru,2,False,empty,unknown,unknown,0.0,0,0,0,0,,103,
follyfly,ru,2,False,channel,ru,ru,1.0,537,489,486,32,5701,10049,18
foma_kino,ru,2,False,channel,ru,ru,1.0,12,8,8,0,3659,2105,10
foma_ru_glavnoe,ru,2,False,channel,ru,ru,1.0,147,103,101,11,10105,80416,6
foma_ru_pictures,ru,2,False,channel,ru,ru,1.0,59,48,47,10,5510,15951,10
fomopress,ru,2,False,channel,ru,ru,0.991,472,436,433,0,1529,6234,6
fonariksvetit,ru,2,False,channel,ru,ru,1.0,110,110,110,31,356,1438,7
fonartv,ru,2,False,channel,ru,ru,1.0,462,336,333,0,8975,26692,10
fond_blagodeteli,ru,2,False,channel,unknown,ru,0.0,5,4,4,5,1586,1145,7
fonograf_jazz,ru,2,False,channel,ru,ru,1.0,6,5,4,0,444,954,12
foodorgiy,ru,2,False,channel,ru,ru,1.0,14,14,14,2,20986,18260,13
foodstudies,ru,2,False,channel,ru,ru,1.0,14,14,14,0,993,3103,8
forbes_business,ru,2,False,channel,ru,ru,1.0,47,37,37,2,50134,26765,7
forbesglobalrus,ru,2,False,channel,ru,ru,1.0,126,124,124,8,9938,23242,13
forbesliferussia,ru,2,False,channel,ru,ru,1.0,230,155,154,0,3585,16378,6
force_resistance,ru,2,False,channel,ru,ru,1.0,22,22,20,1,19198,7306,8
foreoyoung,ru,2,False,empty,unknown,unknown,0.0,0,0,0,0,,1687,
forestcomplex,ru,2,False,channel,ru,ru,1.0,74,72,71,3,1261,4325,10
forestsouth,ru,2,False,channel,ru,ru,1.0,8,6,6,5,363,509,12
forgo_official,ru,2,False,channel,ru,ru,1.0,11,11,11,0,12940,48717,7
forpost_sev,ru,2,False,channel,ru,ru,1.0,449,368,362,30,4581,25749,7
forrussian,ru,2,False,channel,ru,ru,1.0,34,10,10,0,6960,7931,9
fort8ress,ru,2,False,channel,ru,ru,1.0,325,274,270,114,134,497,13
fortangaorg,ru,2,False,channel,ru,ru,1.0,226,186,180,28,4863,12410,12
forum032023,ru,2,False,channel,ru,ru,1.0,9,7,5,0,112,617,10
fosterpr,ru,2,False,channel,ru,ru,1.0,60,59,59,31,408,1067,15
fotoservis_kzn,ru,2,False,channel,ru,ru,1.0,38,33,32,8,153,212,17
fox_news_novozybkov,ru,2,False,channel,ru,ru,1.0,610,461,450,115,1891,22721,10
foxnraven,ru,2,False,channel,ru,ru,1.0,75,68,65,6,95,249,10
foxnravenbot,ru,2,False,empty,unknown,unknown,0.0,0,0,0,0,,,
fpv_chase,ru,2,False,channel,ru,ru,1.0,40,34,31,15,234,273,17
francediplomatie,ru,2,False,channel,ru,ru,1.0,116,82,77,2,750,3876,18
franshizaru,ru,2,False,empty,unknown,unknown,0.0,0,0,0,0,,16020,
fransua_modeme,ru,2,False,channel,ru,ru,1.0,4,3,3,0,2483,1611,8
free_dmivanov,ru,2,False,channel,ru,ru,1.0,74,65,65,4,1168,2160,16
free_hab,ru,2,False,channel,ru,ru,1.0,11,10,9,4,391,637,13
free_vpn_amnezia_bot,ru,2,False,empty,unknown,unknown,0.0,0,0,0,0,,,
freeaccess_bot,ru,2,False,empty,unknown,unknown,0.0,0,0,0,0,,,
freedomtolinderman,ru,2,False,channel,ru,ru,1.0,109,104,74,23,129,1421,15
freelancersindubai,ru,2,False,group,en,en,0.976,263,237,109,0,,5029,12
freepressa,ru,2,False,empty,unknown,unknown,0.0,0,0,0,0,,2,
freepressa_z,ru,2,False,channel,ru,ru,1.0,104,97,95,46,54,88,8
freikorps_org,ru,2,False,channel,uk,uk,1.0,54,34,30,1,7232,11140,8
fridaytv,ru,2,False,channel,ru,ru,1.0,56,26,26,2,119502,361296,9
friend_blog,ru,2,False,channel,ru,ru,1.0,1096,1078,1070,104,2853,8148,12
frik_ge,ru,2,False,channel,ru,ru,1.0,37,25,22,22,245,375,10
from_japan,ru,2,False,channel,ru,ru,0.975,364,121,121,0,7332,28318,13
fromrussiawithfashion,ru,2,False,channel,ru,ru,1.0,893,193,178,1,10693,57523,12
fromtashkent,ru,2,False,channel,ru,ru,0.997,165,145,145,2,5037,7578,7
front_narod_bot,ru,2,False,empty,unknown,unknown,0.0,0,0,0,0,,,
frontline_news,ru,2,False,channel,et,et,1.0,33,33,33,0,17574,17262,14
fruktura,ru,2,False,channel,ru,ru,1.0,71,62,47,2,740,720,9
fsaxnsa,ru,2,False,channel,ru,ru,1.0,47,47,47,24,204,355,9
fsb_boutique,ru,2,False,channel,ru,ru,1.0,176,146,138,141,15457,35948,12
fsbcsn2022,ru,2,False,channel,ru,ru,1.0,630,566,560,231,512,1600,9
ftsec,ru,2,False,channel,ru,ru,1.0,280,280,280,0,7314,19463,8
fuckingenglish,ru,2,False,channel,ru,ru,1.0,70,70,41,0,72142,317372,6
fuelsdigest,ru,2,False,channel,ru,ru,1.0,37,37,36,0,510,2188,15
fun_politics,ru,2,False,channel,en,en,0.964,8,8,8,0,4216,445,11
funndoctor,ru,2,False,empty,unknown,unknown,0.0,0,0,0,0,,1,
funsochi,ru,2,False,channel,ru,ru,0.991,229,138,135,0,5157,30400,8
furry_blog,ru,2,False,channel,ru,ru,1.0,4,2,2,0,38708,1909,9
furrynews69,ru,2,False,channel,ru,ru,1.0,50,28,28,0,1053,2164,23
fursinaleksei,ru,2,False,channel,ru,ru,1.0,11,5,4,0,4821,7036,19
futlyar_rospres,ru,2,False,empty,unknown,unknown,0.0,0,0,0,0,,0,
futurecap,ru,2,False,empty,unknown,unknown,0.0,0,0,0,0,,30,
fyodork,ru,2,False,channel,ru,ru,0.994,306,298,294,36,8545,13354,9
fz_belgrad,ru,2,False,group,ru,ru,0.973,2029,1858,1440,203,2121,2655,19
g_o_r_ru,ru,2,False,empty,unknown,unknown,0.0,0,0,0,0,,2,
gabrielcalin,ru,2,False,channel,ru,ru,0.988,356,298,262,277,991,4840,9
gagarin_anatoly,ru,2,False,channel,ru,ru,0.979,226,207,198,39,82,349,17
gagarin_za,ru,2,False,channel,ru,ru,1.0,89,57,57,37,449,606,5
gagarincosmonauttrainingcenter,ru,2,False,channel,ru,ru,1.0,117,37,36,5,1080,6022,14
gagauzhalkbirlii,ru,2,False,channel,ru,ru,1.0,20,19,15,0,89,142,15
gagauzinfo,ru,2,False,empty,unknown,unknown,0.0,0,0,0,0,,28,
gagauznewsmd,ru,2,False,channel,ru,ru,1.0,864,654,607,157,2219,11641,11
gaiana_live,ru,2,False,empty,unknown,unknown,0.0,0,0,0,0,,54,
galabobs,ru,2,False,empty,unknown,unknown,0.0,0,0,0,0,,2,
galakhova_71,ru,2,False,channel,ru,ru,0.994,492,469,460,127,548,862,5
galamart_official,ru,2,False,channel,ru,ru,1.0,105,61,59,1,7803,33799,7
galatr1552,ru,2,False,channel,ru,ru,1.0,816,441,239,59,114,288,14
galib_efendi,ru,2,False,empty,unknown,unknown,0.0,0,0,0,0,,4,
galina_danchikova,ru,2,False,channel,ru,ru,1.0,8,8,5,0,707,482,4
galina_perelovich,ru,2,False,empty,unknown,unknown,0.0,0,0,0,0,,156,
galinazolina,ru,2,False,channel,ru,ru,0.967,3108,2615,2483,2387,49,168,16
galkovsky_fan,ru,2,False,channel,ru,ru,0.989,47,36,31,5,6176,1915,18
galkovskygram,ru,2,False,channel,ru,ru,1.0,2,2,2,0,18965,12737,16
galtropa,ru,2,False,channel,ru,ru,1.0,14,10,10,0,334,2659,21
galulala,ru,2,False,channel,ru,ru,1.0,127,117,117,27,2146,3837,14
games_sportsru,ru,2,False,channel,ru,ru,0.977,593,491,486,12,3905,39553,14
garanov_yu,ru,2,False,channel,ru,ru,1.0,11,7,7,3,185,323,13
garnanmior,ru,2,False,channel,ru,ru,1.0,158,118,116,51,476,1543,6
gasandmoney,ru,2,False,channel,ru,ru,1.0,98,98,98,6,541,9994,7
gayfromprovinces,ru,2,False,channel,ru,ru,1.0,173,155,152,74,2597,7409,9
gazaalannet,ru,2,False,empty,unknown,unknown,0.0,0,0,0,0,,1204078,
gazeta_pmr,ru,2,False,channel,ru,ru,0.997,514,358,338,89,60,1039,11
gazeta_zavtra,ru,2,False,channel,ru,ru,1.0,64,63,61,15,3606,14050,16
gazetabo,ru,2,False,channel,ru,ru,1.0,721,635,632,1,6276,34127,7
gazetametro_spb,ru,2,False,channel,ru,ru,1.0,455,229,204,2,479,11553,10
gazetasevernoeprimorye,ru,2,False,channel,ru,ru,0.997,638,303,283,77,1356,5975,21
gazetaslovo,ru,2,False,channel,ru,ru,1.0,286,208,187,112,63,756,9
gazetauz,ru,2,False,channel,ru,ru,1.0,587,564,563,12,33564,86795,8
gazetazvezda65,ru,2,False,channel,ru,ru,0.997,444,220,219,98,2514,9465,7
gazmyaso,ru,2,False,channel,ru,ru,1.0,54,52,52,34,11181,48712,9
gazprom,ru,2,False,channel,ru,ru,1.0,14,14,13,0,48845,39049,10
gazprombank,ru,2,False,channel,ru,ru,1.0,39,35,35,2,29320,90913,8
gazpromneft_official,ru,2,False,channel,ru,ru,1.0,54,36,35,0,7510,47064,9
gazyry,ru,2,False,channel,ru,ru,1.0,193,189,188,43,224,1470,7
gbu_avtodor,ru,2,False,channel,ru,ru,0.994,146,98,81,27,561,3380,8
gbumosgorbti,ru,2,False,channel,ru,ru,1.0,14,11,11,3,1042,1968,9
gcheb,ru,2,False,channel,ru,ru,1.0,125,49,48,10,1271,2439,14
gcp29,ru,2,False,group,ru,ru,1.0,167,157,140,135,1036,625,7
gelen_chp_official,ru,2,False,channel,ru,ru,1.0,356,207,203,2,10318,66667,10
gelen_kriminal,ru,2,False,channel,ru,ru,0.997,192,120,120,25,3385,15405,11
gelen_kriminal_bot,ru,2,False,empty,unknown,unknown,0.0,0,0,0,0,,,
gelendgik,ru,2,False,empty,unknown,unknown,0.0,0,0,0,0,,546,
gelpriboy,ru,2,False,channel,ru,ru,1.0,605,374,309,74,1378,10546,13
generalsvr,ru,2,False,channel,ru,ru,1.0,35,35,35,8,437527,281252,6
genicheskofigenen_bot,ru,2,False,empty,unknown,unknown,0.0,0,0,0,0,,,
genicheskru,ru,2,False,channel,ru,ru,0.997,475,361,316,364,1912,13308,8
gennadymelnik,ru,2,False,channel,ru,ru,0.997,193,127,122,0,344,942,19
gennadyshkil,ru,2,False,empty,unknown,unknown,0.0,0,0,0,0,,6016,
genotba_wheel,ru,2,False,channel,ru,ru,1.0,335,330,317,37,2831,4731,8
genozida8let,ru,2,False,channel,ru,ru,0.994,79,74,72,18,1757,1677,13
genshtabchat,ru,2,False,group,ru,ru,0.997,3587,3572,3354,315,1054,467,17
geoenergetics,ru,2,False,channel,unknown,ru,0.0,29,29,29,29,1299,1225,9
geographyofheart,ru,2,False,channel,ru,ru,1.0,35,8,8,0,943,646,15
geopolitic,ru,2,False,channel,ru,ru,1.0,1,1,1,0,761,357,19
geoprosto,ru,2,False,channel,ru,ru,1.0,412,407,407,9,11945,21780,9
georgebabayan,ru,2,False,empty,unknown,unknown,0.0,0,0,0,0,,1306,
georgiafacts,ru,2,False,channel,ru,ru,0.991,187,140,140,6,1889,4484,11
georgiainf,ru,2,False,empty,unknown,unknown,0.0,0,0,0,0,,5,
georgianlighthouse,ru,2,False,channel,ru,ru,1.0,35,34,34,1,908,935,8
georgiy_soldatov33,ru,2,False,empty,unknown,unknown,0.0,0,0,0,0,,,
geostrategrus,ru,2,False,channel,ru,ru,1.0,98,98,91,13,47480,126115,18
geovolk77,ru,2,False,channel,ru,ru,1.0,24,22,22,2,804,536,13
geresdnr,ru,2,False,channel,ru,ru,1.0,168,125,123,98,2323,1828,8
germanklimenko,ru,2,False,channel,ru,ru,0.994,81,81,76,2,1595,6674,17
germanyheute,ru,2,False,channel,ru,ru,0.997,330,322,322,37,36,596,13
geroi_samara,ru,2,False,channel,ru,ru,0.997,68,56,52,15,8805,12661,15
geroyz_v,ru,2,False,channel,ru,ru,1.0,57,52,48,47,230,502,5
gerussia,ru,2,False,channel,ru,ru,1.0,37,37,36,6,1435,3084,14
getaclass_channel,ru,2,False,channel,ru,ru,0.99,41,29,29,0,3714,8567,5
getalife,ru,2,False,empty,unknown,unknown,0.0,0,0,0,0,,54,
getkrab,ru,2,False,channel,ru,ru,0.98,43,26,25,17,90,131,4
gettaanton,ru,2,False,channel,ru,ru,1.0,58,31,31,7,267,538,14
gevorgmirzaian,ru,2,False,channel,ru,ru,0.994,109,108,107,25,5937,9666,16
ggwpggwp,ru,2,False,channel,ru,ru,0.982,203,190,119,69,149,620,7
ghestkrd,ru,2,False,channel,ru,ru,1.0,639,505,502,19,14795,110855,9
ghestvolgograd,ru,2,False,channel,ru,ru,0.992,136,113,108,0,16225,103533,8
ghost_become_real_bot,ru,2,False,empty,unknown,unknown,0.0,0,0,0,0,,,
ghost_of_novorossia_23,ru,2,False,channel,ru,ru,1.0,27,22,20,8,527,366,14
ghostwood,ru,2,False,channel,ru,ru,0.991,126,122,111,21,1292,5271,10
gilavarnews,ru,2,False,channel,ru,ru,0.99,878,614,610,110,81,438,11
gilbo2022,ru,2,False,channel,ru,ru,0.988,131,131,129,7,3126,5330,17
gillotina,ru,2,False,channel,ru,ru,1.0,18,18,18,0,3824,17170,10
gingerbread22cm,ru,2,False,channel,ru,ru,0.994,210,205,205,27,1766,3948,9
girl_aurora,ru,2,False,channel,ru,ru,1.0,312,142,141,0,509,12254,8
girls_aurora,ru,2,False,empty,unknown,unknown,0.0,0,0,0,0,,1,
gis_p,ru,2,False,empty,unknown,unknown,0.0,0,0,0,0,,,
gismeteo,ru,2,False,channel,ru,ru,1.0,129,48,47,0,4634,30803,4
gizru,ru,2,False,empty,unknown,unknown,0.0,0,0,0,0,,,
gji_44,ru,2,False,channel,ru,ru,1.0,16,16,16,0,67,94,12
gk_samolet,ru,2,False,empty,unknown,unknown,0.0,0,0,0,0,,369,
gkchs,ru,2,False,channel,ru,ru,1.0,54,43,43,13,174,1438,12
gkgzru,ru,2,False,group,ru,ru,1.0,306,267,259,268,438,945,8
gl_zmagar,ru,2,False,channel,ru,ru,1.0,121,108,108,0,59,126,5
glagoltalks,ru,2,False,channel,ru,ru,1.0,20,3,3,0,1467,4121,6
glassmedia1,ru,2,False,empty,unknown,unknown,0.0,0,0,0,0,,3,
glava_agp_lnr,ru,2,False,empty,unknown,unknown,0.0,0,0,0,0,,5,
glava_lnr_info,ru,2,False,channel,ru,ru,0.997,106,60,60,5,42308,22177,10
glavaekbofficial,ru,2,False,channel,ru,ru,1.0,56,24,24,0,2256,5412,9
glavakomiuyba,ru,2,False,empty,unknown,unknown,0.0,0,0,0,0,,171,
glavindex,ru,2,False,channel,ru,ru,1.0,109,108,101,89,864,2073,1
glavnaya_tema,ru,2,False,channel,ru,ru,1.0,135,107,105,22,893,1031,6
glavredinfo,ru,2,False,empty,unknown,unknown,0.0,0,0,0,0,,195,
glavsu,ru,2,False,channel,ru,ru,1.0,1324,1109,1106,1235,1592,6660,23
glazadnr_bot,ru,2,False,empty,unknown,unknown,0.0,0,0,0,0,,,
glazami_depytata,ru,2,False,empty,unknown,unknown,0.0,0,0,0,0,,2,
glazieview,ru,2,False,channel,ru,ru,0.997,126,115,109,58,20726,46549,10
glc_kamenka,ru,2,False,channel,ru,ru,0.99,60,40,32,0,1561,506,9
glebsmith77,ru,2,False,channel,ru,ru,1.0,8,8,7,0,5929,27366,7
gliskov,ru,2,False,channel,ru,ru,1.0,275,130,121,78,1667,4752,2
global_system_z,ru,2,False,empty,unknown,unknown,0.0,0,0,0,0,,703,
globalcio1,ru,2,False,channel,ru,ru,1.0,33,33,32,0,525,3029,8
globalenergyprize,ru,2,False,channel,ru,ru,1.0,131,129,127,20,496,5402,10
globalmsk,ru,2,False,channel,ru,ru,1.0,1229,1229,825,0,3,163,3
globaltreepictures,ru,2,False,channel,ru,ru,1.0,10,10,9,4,313,289,23
globuskavkaz,ru,2,False,channel,ru,ru,1.0,428,363,361,410,58,922,20
glyzinofficial,ru,2,False,channel,ru,ru,1.0,8,8,6,0,2886,2593,12
gm_donbas,ru,2,False,channel,unknown,ru,0.0,46,42,42,46,4392,2019,8
gnews_ru,ru,2,False,empty,unknown,unknown,0.0,0,0,0,0,,52,
go_fen,ru,2,False,empty,unknown,unknown,0.0,0,0,0,0,,2348,
go_sakhalin,ru,2,False,channel,ru,ru,0.985,316,106,106,66,2125,8431,23
godketing,ru,2,False,channel,ru,ru,1.0,259,161,161,3,27716,115154,17
godnosklad,ru,2,False,channel,ru,ru,0.975,944,905,209,419,1631,23019,9
godunov2020,ru,2,False,channel,ru,ru,1.0,43,35,34,4,3022,21935,16
gogunsky_v,ru,2,False,channel,ru,ru,1.0,14,14,4,1,4076,4216,9
golayapristantoday,ru,2,False,channel,ru,ru,1.0,343,227,221,331,1982,3516,6
goldenberg_g,ru,2,False,channel,ru,ru,0.994,162,134,127,8,4404,25024,10
golos_mgb_rus,ru,2,False,channel,ru,ru,1.0,60,44,36,36,2645,2905,11
golosbooks,ru,2,False,channel,ru,ru,1.0,21,16,16,6,335,2868,14
golosdagestana05,ru,2,False,channel,ru,ru,0.985,250,211,210,43,77512,344211,13
golosgermanii,ru,2,False,channel,ru,ru,1.0,152,149,142,80,9070,22934,8
golosgubera,ru,2,False,channel,ru,ru,1.0,227,165,161,126,40,88,5
golosmorya,ru,2,False,channel,ru,ru,1.0,7,7,7,0,3746,2901,2
golosom24,ru,2,False,channel,ru,ru,1.0,82,71,71,79,63,351,14
golosrn,ru,2,False,channel,ru,ru,1.0,84,82,72,13,1254,4036,13
golosstepi,ru,2,False,channel,ru,ru,0.993,1684,1307,1287,1024,29,699,14
golostabasarana,ru,2,False,channel,ru,ru,0.997,222,145,144,1,4563,10114,9
golostorami,ru,2,False,channel,ru,ru,1.0,97,93,91,17,2276,47086,11
golovanovroma,ru,2,False,empty,unknown,unknown,0.0,0,0,0,0,,,
golovnin_tokyo,ru,2,False,channel,ru,ru,0.994,60,60,59,0,3006,16628,11
golubev_vu,ru,2,False,empty,unknown,unknown,0.0,0,0,0,0,,154,
golubmiru,ru,2,False,channel,ru,ru,1.0,13,11,11,1,1242,790,14
gomeltoday,ru,2,False,channel,ru,ru,1.0,1319,1139,1091,0,8439,21594,8
goodrussianschannel,ru,2,False,channel,ru,ru,1.0,16,7,7,11,1247,2241,8
goodzone_store,ru,2,False,empty,unknown,unknown,0.0,0,0,0,0,,798,
gorbolnica1nvrsk,ru,2,False,channel,ru,ru,1.0,108,75,73,0,474,1211,6
gorbovskiyfsb,ru,2,False,channel,ru,ru,1.0,187,178,177,4,9571,25172,10
gorchakov_fund,ru,2,False,channel,ru,ru,1.0,20,18,18,0,1736,7249,14
gordonekaterina,ru,2,False,channel,ru,ru,0.992,32,27,21,0,18058,66430,15
gordonsons,ru,2,False,channel,ru,ru,0.996,48,32,32,0,2543,10840,6
gordura2019,ru,2,False,channel,ru,ru,1.0,6,5,5,1,1421,1241,3
gorkom36,ru,2,False,channel,ru,ru,0.994,278,268,268,4,125,748,10
gorkyparkmsk,ru,2,False,channel,ru,ru,1.0,306,199,174,0,4502,26875,6
gorlov_evgeniy,ru,2,False,channel,ru,ru,1.0,72,64,59,22,1163,1614,10
gorn333,ru,2,False,empty,unknown,unknown,0.0,0,0,0,0,,46,
gornostaevd,ru,2,False,channel,ru,ru,1.0,6,6,6,1,1563,835,5
gorobchenko_langepas,ru,2,False,channel,ru,ru,1.0,56,27,26,0,409,722,4
gorod55ru,ru,2,False,channel,ru,ru,1.0,167,165,165,0,5694,19049,7
gorod_live,ru,2,False,channel,ru,ru,0.991,265,219,204,129,115,8166,9
gorod_vl,ru,2,False,channel,ru,ru,1.0,685,494,493,166,2032,25752,23
gorod_vu,ru,2,False,channel,ru,ru,1.0,97,85,76,6,652,3386,5
gorodbratsk,ru,2,False,channel,ru,ru,1.0,121,121,121,14,571,1487,22
gorodche,ru,2,False,channel,ru,ru,1.0,467,340,339,6,4202,36781,15
gorodetsky_vlad,ru,2,False,channel,ru,ru,0.996,40,40,40,5,631,574,16
gorodovoi44,ru,2,False,channel,ru,ru,1.0,380,190,113,5,200,2104,7
gorodsochi,ru,2,False,channel,ru,ru,0.997,717,292,287,62,9457,111893,13
gorokhovonline,ru,2,False,channel,ru,ru,1.0,9,9,9,2,532,2040,16
gorsovetomsk,ru,2,False,channel,ru,ru,1.0,29,21,19,20,783,1250,8
gorsredache,ru,2,False,empty,unknown,unknown,0.0,0,0,0,0,,11,
goryachiye_novosti,ru,2,False,channel,ru,ru,1.0,158,151,150,73,10744,29232,16
gosdigital,ru,2,False,channel,ru,ru,0.956,37,19,18,5,1066,2245,7
goshanchik1983,ru,2,False,channel,ru,ru,0.906,20,20,9,2,5792,4177,14
gosinspekciya,ru,2,False,empty,unknown,unknown,0.0,0,0,0,0,,1042,
goskomtrans_rm,ru,2,False,channel,ru,ru,1.0,9,8,8,0,142,353,9
gosrf_ru,ru,2,False,channel,ru,ru,1.0,451,451,451,1,154,644,5
gossovet,ru,2,False,channel,ru,ru,1.0,13,13,12,7,2680,21629,10
gosteleradiofond,ru,2,False,channel,ru,ru,1.0,229,229,223,0,2104,19215,9
gosuslugi,ru,2,False,channel,ru,ru,1.0,31,29,29,3,626786,1003168,7
gourmetclubekb,ru,2,False,channel,ru,ru,0.994,250,110,109,28,3050,13112,12
gov74,ru,2,False,channel,ru,ru,0.994,194,79,77,39,2428,9259,4
government_lnr,ru,2,False,channel,ru,ru,1.0,787,587,580,189,3721,28532,11
governmentkalmykia08,ru,2,False,channel,ru,ru,1.0,100,33,33,22,1563,5544,20
governmentru,ru,2,False,channel,ru,ru,1.0,192,183,183,1,1451,8467,7
govorit_nemoskva,ru,2,False,channel,ru,ru,1.0,1257,661,646,89,5003,52783,4
govoritkavkaz,ru,2,False,channel,ru,ru,1.0,183,118,118,180,420,1012,18
govoritrossiya,ru,2,False,empty,unknown,unknown,0.0,0,0,0,0,,4,
govsev,ru,2,False,channel,ru,ru,1.0,368,287,276,0,111,550,12
govvrn36,ru,2,False,channel,ru,ru,1.0,452,294,278,304,2828,15338,6
goyko_mitrich1,ru,2,False,empty,unknown,unknown,0.0,0,0,0,0,,17,
gozatofokino,ru,2,False,channel,ru,ru,1.0,372,199,187,142,1156,4164,2
gpmofficial,ru,2,False,channel,ru,ru,1.0,50,43,43,17,1046,5424,14
gptchat_ai_bot,ru,2,False,empty,unknown,unknown,0.0,0,0,0,0,,,
grad_life27,ru,2,False,channel,bg,ru,1.0,209,157,157,176,194,373,11
grahamphillipsreportagerus,ru,2,False,channel,ru,ru,1.0,31,18,18,5,7661,8929,11
grajdaninmoldovi,ru,2,False,channel,ru,ru,0.997,1074,977,893,45,426,1826,19
gramotyyaroslava,ru,2,False,channel,ru,ru,0.994,307,307,304,0,315,356,0
granica46,ru,2,False,empty,unknown,unknown,0.0,0,0,0,0,,134,
grbook,ru,2,False,channel,ru,ru,1.0,1,1,1,0,16062,1128,12
greatczariwe,ru,2,False,channel,ru,ru,1.0,31,25,22,5,259,233,11
greatlist_ru_bot,ru,2,False,empty,unknown,unknown,0.0,0,0,0,0,,,
grebenukm,ru,2,False,channel,ru,ru,1.0,57,52,46,0,27041,264855,16
grechkainlaw,ru,2,False,channel,ru,ru,1.0,16,16,16,1,952,1763,10
greenfolder,ru,2,False,channel,ru,ru,1.0,234,206,206,213,5660,34404,9
greenfond,ru,2,False,channel,ru,ru,1.0,51,34,25,8,1184,9813,9
greengrassreal,ru,2,False,channel,ru,ru,0.997,466,210,207,0,11016,30338,8
greenkushtay,ru,2,False,channel,unknown,unknown,0.0,2,2,0,0,,189,12
greenlampbooks,ru,2,False,channel,ru,ru,1.0,20,20,17,0,6393,9580,14
greenserpent,ru,2,False,channel,ru,ru,1.0,212,187,183,62,4501,23215,13
greensmsk,ru,2,False,channel,ru,ru,1.0,8,8,8,0,444,392,7
greta_dn,ru,2,False,empty,unknown,unknown,0.0,0,0,0,0,,429,
greyshemes,ru,2,False,channel,ru,ru,1.0,300,300,271,123,884,6482,6
griclothes,ru,2,False,channel,ru,ru,1.0,55,34,33,0,2350,22921,8
grigorov_prav,ru,2,False,channel,ru,ru,1.0,75,73,71,6,2920,7271,20
grimdarkmanclub,ru,2,False,channel,ru,ru,1.0,53,48,36,1,95,462,10
grodno_specnaz,ru,2,False,channel,ru,ru,0.988,2381,1508,1473,2068,271,1050,17
grodno_specnaz1,ru,2,False,channel,ru,ru,1.0,2472,1477,1454,2162,22,31,17
grodno_za,ru,2,False,channel,unknown,unknown,0.0,1,1,0,0,,91,2
grodnoplus,ru,2,False,channel,ru,ru,0.994,123,97,96,10,535,5358,8
group1572,ru,2,False,empty,unknown,unknown,0.0,0,0,0,0,,8742,
groupmurmansk,ru,2,False,empty,unknown,unknown,0.0,0,0,0,0,,357,
groupzarya,ru,2,False,channel,ru,ru,1.0,1816,1254,1254,9,32078,66107,12
groznytv,ru,2,False,channel,ru,ru,1.0,390,374,356,1,6548,21540,14
grpatkz,ru,2,False,channel,ru,ru,0.997,578,533,517,17,5563,30223,15
grubnero,ru,2,False,channel,ru,ru,1.0,41,32,31,30,2915,5489,3
grudin,ru,2,False,channel,ru,ru,1.0,61,49,47,21,507,1085,7
grupaoktobar,ru,2,False,channel,sl,sl,1.0,1,1,1,0,608,55,8
gruppirovkav,ru,2,False,group,ru,ru,1.0,68,68,56,9,31389,415,9
gsuskmosobl,ru,2,False,channel,ru,ru,1.0,59,57,54,11,985,8977,10
gt_gallery,ru,2,False,channel,ru,ru,1.0,133,63,58,50,6953,48789,11
gtrk_adygeia,ru,2,False,channel,ru,ru,1.0,286,260,251,68,1265,8111,8
gtrk_kaliningrad,ru,2,False,channel,ru,ru,0.997,1092,857,854,7,1051,7696,16
gtrk_nn,ru,2,False,channel,ru,ru,1.0,1009,878,849,68,1041,12646,12
gtrkdagestan,ru,2,False,channel,ru,ru,1.0,477,436,435,180,1375,9260,10
gtrkmariel,ru,2,False,channel,ru,ru,1.0,646,646,603,1,235,3422,14
gtrksamara,ru,2,False,channel,ru,ru,1.0,544,473,472,2,917,14196,8
gtrkspb,ru,2,False,empty,unknown,unknown,0.0,0,0,0,0,,15727,
gtrktomsk,ru,2,False,channel,ru,ru,1.0,618,605,605,0,1733,11674,9
guber2,ru,2,False,channel,ru,ru,1.0,192,171,170,181,454,4533,11
guber_morda,ru,2,False,channel,ru,ru,1.0,657,657,657,2,5,1069,7
gubernator43,ru,2,False,channel,ru,ru,1.0,19,19,19,1,1014,910,11
gubernator_burkov,ru,2,False,empty,unknown,unknown,0.0,0,0,0,0,,19,
gubernator_ussr,ru,2,False,channel,ru,ru,0.991,2420,2161,2152,25,733,1249,10
guberniaband,ru,2,False,channel,ru,ru,1.0,155,146,146,3,3413,11782,8
guberniaonline,ru,2,False,channel,ru,ru,1.0,150,122,117,15,4080,22694,3
gubnet,ru,2,False,channel,ru,ru,1.0,25,22,22,1,401,6937,9
guideem,ru,2,False,channel,ru,ru,1.0,296,282,280,23,644,597,12
gulnara_yakubova,ru,2,False,empty,unknown,unknown,0.0,0,0,0,0,,,
gumcorpus,ru,2,False,empty,unknown,unknown,0.0,0,0,0,0,,2552,
gumerov_fr,ru,2,False,channel,ru,ru,1.0,83,53,34,0,357,241,10
gumvd163,ru,2,False,group,ru,ru,0.978,1756,1627,1585,323,4191,349,17
gunpaw1,ru,2,False,empty,unknown,unknown,0.0,0,0,0,0,,,
gupmosvodostok,ru,2,False,channel,ru,ru,1.0,16,7,7,4,1091,1554,7
gurb_mo,ru,2,False,channel,ru,ru,1.0,23,17,17,0,1379,3503,4
gurovgrigoriy,ru,2,False,channel,ru,ru,1.0,20,10,10,3,22446,29303,15
gusar_z,ru,2,False,channel,ru,ru,0.988,493,428,426,229,325,525,11
guseva33,ru,2,False,channel,ru,ru,1.0,114,56,56,35,87,349,12
gusyandrew,ru,2,False,channel,ru,ru,1.0,126,120,119,44,938,5793,6
gutenev_vv,ru,2,False,channel,ru,ru,1.0,30,15,15,1,6043,43483,16
gvidosha_ost,ru,2,False,channel,ru,ru,1.0,63,38,33,2,355,296,10
gvozdi5,ru,2,False,channel,ru,ru,0.991,311,270,243,73,129,1483,8
h1ghl1ghts,ru,2,False,channel,ru,ru,1.0,287,208,208,22,15859,67729,7
hab_lif,ru,2,False,empty,unknown,unknown,0.0,0,0,0,0,,369,
haifachat,ru,2,False,group,ru,ru,0.985,7328,7269,7111,122,2928,7560,11
haifatoday,ru,2,False,channel,ru,ru,1.0,86,61,61,53,2133,17453,9
hajun_by,ru,2,False,channel,ru,ru,0.994,177,150,150,14,303052,233915,8
hakamada,ru,2,False,empty,unknown,unknown,0.0,0,0,0,0,,,
hakinc,ru,2,False,channel,ru,ru,1.0,329,255,234,75,746,2358,16
halilullov,ru,2,False,channel,ru,ru,0.997,149,149,143,8,324,309,16
handsoffbresson,ru,2,False,channel,ru,ru,1.0,637,448,439,531,435,4130,16
hantyma,ru,2,False,channel,ru,ru,1.0,19,19,17,0,647,9920,12
hardblog_chat,ru,2,False,group,ru,ru,0.986,11349,11337,11333,84,42151,5720,17
hardypr,ru,2,False,empty,unknown,unknown,0.0,0,0,0,0,,3,
hashsud,ru,2,False,channel,ru,ru,1.0,14,14,14,6,20,171,12
havalrussiaofficial,ru,2,False,channel,ru,ru,0.994,41,34,25,0,16477,92612,16
hay_martik,ru,2,False,channel,ru,ru,1.0,194,176,176,132,51,196,9
hayimitq,ru,2,False,empty,unknown,unknown,0.0,0,0,0,0,,14,
hayk_media,ru,2,False,channel,ru,ru,1.0,338,285,284,58,424,2269,12
hayrenaser95,ru,2,False,empty,unknown,unknown,0.0,0,0,0,0,,,
hcstart,ru,2,False,empty,unknown,unknown,0.0,0,0,0,0,,2112,
headliines,ru,2,False,channel,ru,ru,0.996,1537,1380,1375,39,13394,36653,8
healer_med,ru,2,False,empty,unknown,unknown,0.0,0,0,0,0,,,
hebrew_library,ru,2,False,channel,ru,ru,0.983,63,43,34,5,6463,30863,7
hebrewoneblog,ru,2,False,empty,unknown,unknown,0.0,0,0,0,0,,3,
helen_solnca,ru,2,False,empty,unknown,unknown,0.0,0,0,0,0,,,
helga8610,ru,2,False,empty,unknown,unknown,0.0,0,0,0,0,,,
helljoseon,ru,2,False,channel,ru,ru,0.99,19,15,15,0,1600,3084,4
hello_galochka,ru,2,False,channel,ru,ru,0.994,251,144,141,0,12602,33971,8
hello_kavkaz,ru,2,False,channel,ru,ru,0.982,168,141,141,87,1727,8698,12
hellotransfer,ru,2,False,channel,ru,ru,1.0,179,179,179,22,40914,385887,11
help112call,ru,2,False,channel,ru,ru,1.0,39,38,38,22,49,175,12
hermitage_museum,ru,2,False,channel,ru,ru,1.0,111,73,70,4,4836,39188,13
heroadministration_bot,ru,2,False,empty,unknown,unknown,0.0,0,0,0,0,,,
heroes34,ru,2,False,channel,ru,ru,0.987,123,114,97,70,1509,4074,6
heros_feat,ru,2,False,channel,ru,ru,1.0,21,21,21,0,7851,389,10
herson_oblast_bot,ru,2,False,empty,unknown,unknown,0.0,0,0,0,0,,,
herson_respublika,ru,2,False,channel,ru,ru,1.0,13,4,4,12,4438,1921,15
hersonenot_bot,ru,2,False,empty,unknown,unknown,0.0,0,0,0,0,,,
hersonofigenen_bot,ru,2,False,empty,unknown,unknown,0.0,0,0,0,0,,,
hh_ru_official,ru,2,False,channel,ru,ru,1.0,144,42,37,0,34505,91495,9
hhlchubot,ru,2,False,empty,unknown,unknown,0.0,0,0,0,0,,,
hibmudozvon,ru,2,False,channel,ru,ru,1.0,7,7,7,0,844,359,13
hidden_trading,ru,2,False,empty,unknown,unknown,0.0,0,0,0,0,,31,
highloadofficial,ru,2,False,empty,unknown,unknown,0.0,0,0,0,0,,39957,
hinhayastan,ru,2,False,channel,ru,ru,1.0,82,70,69,19,1423,4555,16
hirurgnw,ru,2,False,channel,ru,ru,1.0,16,10,10,6,7488,5646,17
historiansnotes,ru,2,False,channel,ru,ru,1.0,165,141,137,117,1069,6060,7
historic_ru,ru,2,False,channel,ru,ru,0.973,168,166,166,0,36546,239004,4
historical_first,ru,2,False,channel,ru,ru,1.0,11,8,8,0,1710,32363,18
history_of_the_empire_russia,ru,2,False,channel,ru,ru,1.0,76,67,66,2,8322,15059,8
historybarnaul,ru,2,False,channel,ru,ru,0.994,80,28,28,22,1260,1843,6
historyfaq,ru,2,False,channel,ru,ru,1.0,73,54,45,0,3696,12488,5
historyofua,ru,2,False,channel,ru,ru,0.984,53,47,47,17,2574,4502,10
historyrightnow,ru,2,False,channel,ru,ru,1.0,47,32,32,22,893,1134,9
historyrussia_org,ru,2,False,channel,ru,ru,1.0,192,120,102,33,1355,9100,10
historywwii,ru,2,False,channel,ru,ru,1.0,260,117,72,0,1735,9015,21
histphoto,ru,2,False,empty,unknown,unknown,0.0,0,0,0,0,,193,
hitrun_tmb,ru,2,False,channel,ru,ru,1.0,50,43,43,48,211,840,8
hlvpnbot,ru,2,False,empty,unknown,unknown,0.0,0,0,0,0,,,
hmtorum,ru,2,False,channel,ru,ru,1.0,30,24,23,18,1830,3933,11
hockeybz,ru,2,False,channel,ru,ru,0.991,703,666,662,102,25114,94647,2
hohlygif,ru,2,False,channel,ru,ru,1.0,214,214,1,10,1118,3998,21
holarhia,ru,2,False,channel,ru,ru,1.0,4,4,4,0,4147,2141,14
home_front_kislovodsk,ru,2,False,channel,ru,ru,1.0,74,56,50,10,625,508,9
homelanderru,ru,2,False,empty,unknown,unknown,0.0,0,0,0,0,,,
honestskobar,ru,2,False,channel,ru,ru,1.0,22,22,22,21,78,2081,6
honey_from_krasnodar,ru,2,False,empty,unknown,unknown,0.0,0,0,0,0,,3,
hook_report,ru,2,False,channel,ru,ru,1.0,84,47,46,0,1899,4982,9
hoolinomics,ru,2,False,channel,ru,ru,0.997,54,51,50,1,24249,98208,6
horecahr,ru,2,False,channel,ru,ru,0.984,43,36,36,0,4647,16557,15
horizontal_russia,ru,2,False,channel,ru,ru,1.0,771,591,584,28,4848,40346,16
horoshamashaaa,ru,2,False,channel,ru,ru,0.994,420,270,268,4,3401,3549,11
horoshiy_chel,ru,2,False,channel,ru,ru,1.0,2,2,2,0,231,52,11
horoshiyvibor,ru,2,False,channel,ru,ru,1.0,89,73,73,76,19,96,11
horseshine_mrpl,ru,2,False,empty,unknown,unknown,0.0,0,0,0,0,,4,
hot_dog_bulldog,ru,2,False,empty,unknown,unknown,0.0,0,0,0,0,,2,
hottcast,ru,2,False,empty,unknown,unknown,0.0,0,0,0,0,,101,
houseofcardsmoscow,ru,2,False,channel,ru,ru,1.0,158,106,104,18,317,519,8
houseofcardsrussia,ru,2,False,channel,ru,ru,0.997,1091,925,925,131,1756,7702,11
houseofcardsspb,ru,2,False,channel,ru,ru,1.0,934,624,624,39,314,740,17
hoz_bat,ru,2,False,channel,ru,ru,1.0,42,22,22,0,4075,1787,2
hozyainovasykt,ru,2,False,channel,ru,ru,1.0,55,18,17,4,511,339,9
hramilii,ru,2,False,channel,ru,ru,1.0,117,33,32,13,390,1594,20
hramnadrame,ru,2,False,channel,ru,ru,1.0,378,268,265,34,1260,4362,4
hranttokhatyan,ru,2,False,empty,unknown,unknown,0.0,0,0,0,0,,338,
hrchrtop,ru,2,False,channel,ru,ru,1.0,13,9,9,0,5564,11018,9
hrisma,ru,2,False,channel,ru,ru,1.0,42,42,42,11,392,318,10
hronikatm,ru,2,False,channel,ru,ru,1.0,94,89,88,7,2432,4721,9
hronikiyuga,ru,2,False,channel,ru,ru,1.0,42,29,29,31,2083,2331,9
ht_aurora,ru,2,False,channel,ru,ru,1.0,213,141,139,0,511,11958,8
hueviyherson,ru,2,False,channel,ru,ru,1.0,1806,1227,1226,0,218302,297487,13
hungryphil,ru,2,False,channel,ru,ru,0.997,91,90,88,29,1553,6869,16
huyovy_kharkiv,ru,2,False,channel,uk,uk,1.0,3477,2896,2784,76,154284,465111,11
huyprostoy,ru,2,False,channel,ru,ru,0.985,1424,1344,507,561,628,2669,4
huzhegebbelsa,ru,2,False,channel,ru,ru,1.0,165,140,133,18,2996,16062,6
hybridwarfare,ru,2,False,channel,mk,ru,0.8,173,154,154,169,10572,20609,16
hyperhistory,ru,2,False,channel,ru,ru,1.0,16,16,11,0,1225,1390,16
hyperomsk,ru,2,False,channel,ru,ru,1.0,172,140,137,97,419,1415,14
i63media,ru,2,False,channel,ru,ru,1.0,553,547,542,15,2165,11680,15
i_bachurin,ru,2,False,channel,ru,ru,1.0,28,5,5,1,28532,14943,10
i_curtain,ru,2,False,channel,ru,ru,1.0,117,115,115,10,15697,61554,15
i_gekht,ru,2,False,channel,ru,ru,1.0,6,4,2,0,1889,3626,9
i_polit,ru,2,False,empty,unknown,unknown,0.0,0,0,0,0,,3,
i_ponomarev,ru,2,False,channel,ru,ru,1.0,93,81,80,58,3853,5148,16
i_pozharskiy,ru,2,False,empty,unknown,unknown,0.0,0,0,0,0,,,
i_rubka,ru,2,False,channel,ru,ru,0.997,272,272,269,2,2782,3153,10
i_see_you_8,ru,2,False,channel,ru,ru,1.0,20,17,17,2,15351,3368,20
ia_panorama,ru,2,False,channel,ru,ru,0.991,219,215,213,0,25435,76915,7
ia_steklomoy,ru,2,False,channel,ru,ru,0.997,155,127,125,61,21965,108827,8
iabelru,ru,2,False,channel,ru,ru,1.0,1133,732,705,0,9401,34611,14
iamaliveandyouaredead,ru,2,False,channel,ru,ru,1.0,4,2,2,0,12395,4329,16
iamkherson1,ru,2,False,channel,ru,ru,1.0,46,18,16,2,314,134,19
ibra_limbrussia,ru,2,False,channel,ru,ru,1.0,11,11,11,0,7397,2971,16
icametoyou3,ru,2,False,channel,ru,ru,1.0,465,452,451,64,261,803,5
icatriplex,ru,2,False,channel,ru,ru,0.991,414,347,338,257,846,5759,12
ice_inii,ru,2,False,channel,ru,ru,0.978,29,29,28,1,124881,34936,16
icherzahler,ru,2,False,empty,unknown,unknown,0.0,0,0,0,0,,155,
ichicu,ru,2,False,channel,ro,ro,1.0,10,10,6,1,2140,2323,8
idelrealii,ru,2,False,channel,ru,ru,1.0,810,713,712,44,2601,10330,11
idemvmeste,ru,2,False,channel,ru,ru,1.0,20,15,15,7,159,824,21
ideya56,ru,2,False,channel,ru,ru,1.0,21,17,16,7,52,53,12
idfonline,ru,2,False,channel,he,he,1.0,288,288,288,0,8,192,7
iefrem,ru,2,False,channel,ru,ru,1.0,40,30,24,6,397,457,14
if_market_news,ru,2,False,channel,ru,ru,0.997,832,827,822,6,25812,120270,12
ifilato,ru,2,False,channel,ru,ru,1.0,26,26,26,0,3176,11110,5
ifx_digital,ru,2,False,channel,ru,ru,1.0,92,92,92,11,727,984,8
igenergy_gift_bot,ru,2,False,empty,unknown,unknown,0.0,0,0,0,0,,,
igor_korotchenko,ru,1,False,channel,ru,ru,0.991,293,250,246,89,5170,31513,18
igor_panarin,ru,2,False,channel,ru,ru,1.0,648,641,639,156,13605,26599,19
igor_panin,ru,2,False,channel,ru,ru,1.0,100,94,94,41,150,1206,9
igor_writes,ru,2,False,empty,unknown,unknown,0.0,0,0,0,0,,21,
igorkaraulov,ru,2,False,empty,unknown,unknown,0.0,0,0,0,0,,1950,
igorodovoy,ru,2,False,channel,ru,ru,1.0,946,595,594,6,8685,25460,5
igorprokopenkotv,ru,2,False,channel,ru,ru,1.0,10,10,10,0,9340,9869,6
igorvezite,ru,2,False,channel,ru,ru,1.0,99,70,67,11,619,1323,11
igrphoto,ru,2,False,channel,ru,ru,1.0,33,23,23,0,297,1487,20
igutsal,ru,2,False,channel,ru,ru,0.997,84,76,76,20,4747,11997,8
iherb_don,ru,2,False,channel,ru,ru,0.962,30,28,28,0,941,709,10
ikhk27,ru,2,False,channel,ru,ru,1.0,50,36,36,2,1097,3705,6
ikudahaifa,ru,2,False,channel,ru,ru,1.0,91,76,76,0,1492,7502,12
ikudajerusalem,ru,2,False,channel,ru,ru,1.0,92,92,92,0,311,2988,12
ikudatelaviv,ru,2,False,channel,ru,ru,1.0,49,45,45,0,303,5719,9
il_oborona,ru,2,False,empty,unknown,unknown,0.0,0,0,0,0,,,
iliilitop,ru,2,False,channel,ru,ru,0.996,65,48,46,7,2198,30765,7
illegalthoughts,ru,2,False,channel,ru,ru,0.979,57,57,38,4,1382,360,18
ilovebelarus100,ru,2,False,channel,ru,ru,1.0,1337,804,798,571,282,1622,15
ilozina,ru,2,False,empty,unknown,unknown,0.0,0,0,0,0,,,
ilyaseredyuk,ru,2,False,channel,ru,ru,1.0,36,14,14,0,6274,47982,9
im_hayastan,ru,2,False,channel,ru,ru,1.0,833,766,757,479,131,1554,10
imaginerylies,ru,2,False,channel,ru,ru,1.0,41,37,36,26,729,458,7
imaxai,ru,2,False,empty,unknown,unknown,0.0,0,0,0,0,,,
imenno116,ru,2,False,channel,ru,ru,0.994,443,302,293,1,967,15764,16
imhoclub,ru,2,False,channel,ru,ru,1.0,347,313,310,82,261,4046,8
immi_gration_ad_bot,ru,2,False,empty,unknown,unknown,0.0,0,0,0,0,,,
immi_gration_consult_bot,ru,2,False,empty,unknown,unknown,0.0,0,0,0,0,,,
imnomimalone,ru,2,False,channel,ru,ru,0.994,497,239,235,292,972,5251,8
imotvet,ru,2,False,channel,ru,ru,0.994,270,238,227,76,13738,60864,17
impanarh,ru,2,False,channel,ru,ru,1.0,18,18,18,12,205,1217,19
imperiarossii,ru,2,False,channel,ru,ru,0.988,125,102,101,13,635,9534,14
import72,ru,2,False,channel,ru,ru,1.0,24,16,16,2,383,,6
in4security,ru,2,False,channel,ru,ru,1.0,25,17,17,0,733,3710,13
in4sportal,ru,2,False,channel,mk,mk,1.0,473,455,450,27,2227,7195,15
in_israel,ru,2,False,group,ru,ru,0.984,5389,5382,5312,100,2799,5568,21
in_the_round,ru,2,False,channel,ru,ru,1.0,41,38,33,0,496,788,20
inburg,ru,2,False,empty,unknown,unknown,0.0,0,0,0,0,,37429,
inc54,ru,2,False,channel,ru,ru,0.994,326,226,226,0,36610,167696,6
incekb,ru,2,False,empty,unknown,unknown,0.0,0,0,0,0,,80221,
incident22,ru,2,False,channel,ru,ru,1.0,755,546,546,0,38358,203268,4
incident_138,ru,2,False,channel,ru,ru,1.0,212,139,136,7,1511,25687,3
incident_42lk,ru,2,False,channel,ru,ru,1.0,202,151,121,48,2543,9077,12
incident_tagil,ru,2,False,channel,ru,ru,1.0,471,269,269,0,3910,50569,16
incidentkld,ru,2,False,channel,ru,ru,0.991,417,250,248,5,9382,79460,9
incidentnsk,ru,2,False,channel,ru,ru,1.0,73,52,40,0,1328,4429,3
indeec37,ru,2,False,empty,unknown,unknown,0.0,0,0,0,0,,,
indexmd,ru,2,False,empty,unknown,unknown,0.0,0,0,0,0,,79,
india_in_telegram,ru,2,False,channel,ru,ru,1.0,14,14,14,1,1682,791,9
india_tv2020,ru,2,False,channel,ru,ru,1.0,171,142,140,84,3159,13529,7
indiandiary,ru,2,False,channel,ru,ru,0.991,123,80,79,20,1180,8225,8
indignant62,ru,2,False,channel,ru,ru,1.0,11,11,11,0,10657,1080,8
indiktion,ru,2,False,channel,ru,ru,1.0,8,8,7,0,8812,7504,14
infa100tka,ru,2,False,channel,ru,ru,1.0,335,175,175,44,591,2206,11
infa_sopka,ru,2,False,empty,unknown,unknown,0.0,0,0,0,0,,1364,
info_uz,ru,2,False,channel,ru,ru,0.991,104,104,103,4,10954,161853,8
info_zet,ru,2,False,empty,unknown,unknown,0.0,0,0,0,0,,2,
infoarch,ru,2,False,channel,ru,ru,0.994,807,724,716,466,968,2136,5
infobomb,ru,2,False,channel,ru,ru,1.0,22,22,22,0,80870,44991,13
infocentrskrf,ru,2,False,channel,ru,ru,1.0,753,641,612,0,1782,69592,7
infodefenselva,ru,2,False,channel,lv,lv,1.0,146,113,113,0,119,968,13
infodefgermany,ru,2,False,channel,de,de,1.0,627,512,492,249,10041,52552,9
infodeserteur,ru,2,False,channel,ru,ru,1.0,25,25,25,11,1425,2670,9
infografo,ru,2,False,channel,ru,ru,0.997,99,96,96,33,4988,21948,7
infojet,ru,2,False,channel,ru,ru,1.0,569,569,567,35,1511,3482,9
infojetnews,ru,2,False,empty,unknown,unknown,0.0,0,0,0,0,,1,
infokratos,ru,2,False,channel,ru,ru,1.0,192,189,187,41,195,321,5
infolentamgis1,ru,2,False,channel,ru,ru,1.0,76,70,68,0,334,1286,10
infomin_yv,ru,2,False,channel,ru,ru,1.0,30,18,17,25,222,130,13
infomoscow24bot,ru,2,False,empty,unknown,unknown,0.0,0,0,0,0,,,
infoofpropertymrbot,ru,2,False,empty,unknown,unknown,0.0,0,0,0,0,,,
infopro54,ru,2,False,channel,ru,ru,0.996,415,415,414,0,50,6037,4
informbureau,ru,2,False,channel,ru,ru,1.0,174,139,133,74,134,572,8
informburo_kz,ru,2,False,channel,ru,ru,1.0,1518,1323,1308,1,3943,31085,6
informef,ru,2,False,channel,ru,ru,1.0,63,63,56,3,3026,14533,13
infoshtab,ru,2,False,channel,ru,ru,1.0,48,37,36,33,1791,6165,13
infostreams,ru,2,False,channel,ru,ru,1.0,1389,1228,1222,673,387,2874,7
infoteka24,ru,2,False,channel,ru,ru,1.0,345,323,322,24,7706,30093,9
infov102ru,ru,2,False,channel,ru,ru,1.0,592,501,498,0,3697,20989,7
infranews,ru,2,False,channel,ru,ru,1.0,296,257,247,48,1772,9953,7
ingnewss,ru,2,False,channel,ru,ru,1.0,34,30,30,22,1467,1767,6
ingra_ru,ru,2,False,channel,ru,ru,1.0,1,1,1,0,18825,17340,17
ingsvo,ru,2,False,channel,ru,ru,1.0,13,13,12,7,4254,3211,8
ingterpol_news,ru,2,False,empty,unknown,unknown,0.0,0,0,0,0,,9491,
ingushetiya_live_06,ru,2,False,channel,ru,ru,0.994,51,45,44,24,313,362,8
inkazanischa,ru,2,False,channel,ru,ru,1.0,253,236,211,6,5725,29784,15
inmediarad,ru,2,False,channel,ru,ru,1.0,201,140,137,46,1539,3116,15
inmoscowfromulyanovskchat,ru,2,False,group,ru,ru,0.994,1510,1368,1168,283,4653,455,17
inna_fedorenko82,ru,2,False,channel,ru,ru,1.0,106,42,39,0,231,1255,13
innarazumihinaborisgalkin,ru,2,False,empty,unknown,unknown,0.0,0,0,0,0,,119,
innaris_fly,ru,2,False,channel,ru,ru,1.0,48,24,21,37,157,468,18
innoprom_official,ru,2,False,channel,ru,ru,1.0,6,6,6,1,756,4777,9
inozdes,ru,2,False,channel,ru,ru,1.0,1,1,1,0,558,362,3
insaid73_bot,ru,2,False,empty,unknown,unknown,0.0,0,0,0,0,,,
insalander_reboot,ru,2,False,empty,unknown,unknown,0.0,0,0,0,0,,11,
inside_avia,ru,2,False,channel,ru,ru,1.0,141,63,55,12,2557,11090,11
inside_vk,ru,2,False,channel,ru,ru,1.0,39,34,32,0,4558,17366,8
insider08,ru,2,False,channel,ru,ru,1.0,15,15,13,0,2826,1459,19
insider_uz,ru,2,False,channel,ru,ru,1.0,142,95,91,41,3842,9139,13
insiderukr,ru,2,False,channel,ru,ru,0.997,1168,838,837,7,561219,2140116,20
instasoslife,ru,2,False,channel,ru,ru,1.0,158,58,57,2,908,4888,11
inteco_official,ru,2,False,channel,ru,ru,1.0,1,1,1,0,5327,857,14
intelectvangoga,ru,2,False,channel,ru,ru,1.0,113,113,102,0,242,183,10
intellinews_russian,ru,2,False,channel,ru,ru,0.994,2217,1729,1702,30,1358,61284,6
interaffairs,ru,2,False,channel,ru,ru,1.0,343,342,340,9,427,4754,9
interbrigady2022,ru,2,False,channel,ru,ru,1.0,142,105,103,75,1323,5943,9
interesnaya_koreya,ru,2,False,channel,ru,ru,1.0,5,5,5,3,5679,8502,5
interesnoe_v_krymy,ru,2,False,empty,unknown,unknown,0.0,0,0,0,0,,668,
interesnosmolensk,ru,2,False,channel,ru,ru,0.991,69,67,62,10,214,373,9
interestpiter,ru,2,False,channel,ru,ru,0.971,806,312,309,211,1595,9843,9
interfax_az,ru,2,False,empty,unknown,unknown,0.0,0,0,0,0,,11,
interfaxonline,ru,2,False,channel,ru,ru,0.991,786,695,695,74,7619,51724,16
internetstrategists,ru,2,False,channel,ru,ru,1.0,4,4,3,2,675,535,7
intervalsfest,ru,2,False,channel,ru,ru,1.0,1,1,1,0,8423,16479,13
invest_lawyer,ru,2,False,channel,ru,ru,1.0,17,17,17,1,6908,8787,11
investingcorp,ru,2,False,channel,ru,ru,1.0,445,413,413,1,40930,253051,11
investinsamara,ru,2,False,channel,ru,ru,1.0,36,24,22,0,131,753,8
iprupru,ru,2,False,channel,ru,ru,1.0,49,10,10,0,1787,927,13
ipteshler,ru,2,False,channel,ru,ru,0.984,321,253,198,71,552,7015,19
iptpu,ru,2,False,channel,ru,ru,1.0,1,1,1,0,357,410,9
iranist1,ru,2,False,channel,ru,ru,1.0,336,220,220,13,2613,25413,19
ircity_ru,ru,2,False,channel,ru,ru,1.0,669,539,530,17,2385,19607,1
irekmurtazin,ru,2,False,channel,ru,ru,1.0,43,43,42,0,312,1779,11
irina_andruh,ru,2,False,channel,ru,ru,1.0,632,492,467,514,114,186,13
irina_milash,ru,2,False,empty,unknown,unknown,0.0,0,0,0,0,,,
irina_project_sam,ru,2,False,empty,unknown,unknown,0.0,0,0,0,0,,,
irinaanatol,ru,2,False,empty,unknown,unknown,0.0,0,0,0,0,,,
irinaborovova,ru,2,False,channel,ru,ru,1.0,102,70,65,24,176,585,18
irinapetrakova,ru,2,False,channel,ru,ru,0.997,899,719,678,307,930,1997,19
irinkaustinova,ru,2,False,empty,unknown,unknown,0.0,0,0,0,0,,,
irirussia,ru,2,False,channel,ru,ru,1.0,85,52,49,0,1845,14655,10
irizka_ru,ru,2,False,channel,ru,ru,0.994,115,109,108,5,970,2392,17
irk38mchs,ru,2,False,channel,ru,ru,0.991,302,194,188,26,3974,12236,2
irk_24,ru,2,False,channel,ru,ru,1.0,457,403,395,161,1469,9299,7
irkblog,ru,2,False,channel,ru,ru,1.0,50,23,21,0,2708,5956,14
irkdrin,ru,2,False,channel,ru,ru,1.0,20,20,20,0,1106,1238,6
irkdtp,ru,2,False,channel,ru,ru,0.994,862,600,590,68,7997,63379,3
irkkp,ru,2,False,channel,ru,ru,1.0,302,248,233,31,672,4786,9
irkpolicy,ru,2,False,channel,ru,ru,0.997,556,449,441,267,2001,11913,2
irkru,ru,2,False,channel,ru,ru,1.0,325,242,237,25,3994,22139,2
irktlgr,ru,2,False,channel,ru,ru,0.994,171,73,71,2,3013,3798,10
irkutsk1_bot,ru,2,False,empty,unknown,unknown,0.0,0,0,0,0,,,
irkutskcorruption,ru,2,False,channel,ru,ru,1.0,40,39,38,6,3000,4477,4
irkutskmedianews,ru,2,False,channel,ru,ru,1.0,1507,1499,1499,17,98,557,4
irna_1313,ru,2,False,channel,fa,fa,1.0,4999,3366,3319,133,2300,146770,11
iron_airan,ru,2,False,channel,ru,ru,1.0,42,25,25,39,1401,1254,10
iron_feliks,ru,2,False,channel,ru,ru,1.0,60,53,53,1,8544,99649,9
ironzek,ru,2,False,channel,ru,ru,1.0,5,5,5,4,10257,5754,19
irozysk,ru,2,False,channel,ru,ru,0.99,134,128,121,41,4510,46578,12
irreexpo,ru,2,False,channel,ru,ru,1.0,42,34,30,0,1077,855,12
irttek_ru,ru,2,False,channel,ru,ru,1.0,52,52,49,6,3609,4869,7
irynadmytrivna,ru,2,False,channel,uk,uk,1.0,523,487,444,290,2934,8387,17
irystontv,ru,2,False,channel,ru,ru,1.0,679,591,521,25,578,10492,14
is_good_angel,ru,2,False,channel,ru,ru,1.0,196,95,89,34,680,2722,8
isaevich_alexander,ru,2,False,channel,ru,ru,1.0,19,19,11,0,7677,22992,12
isaevmixail,ru,2,False,empty,unknown,unknown,0.0,0,0,0,0,,107,
isglazkova,ru,2,False,channel,ru,ru,1.0,151,34,32,0,1662,1120,7
ishepin,ru,2,False,channel,ru,ru,1.0,202,87,69,1,272,968,18
ishimbesh,ru,2,False,channel,ru,ru,1.0,95,82,82,10,96,123,8
ishutov_news,ru,2,False,channel,ru,ru,0.994,151,91,91,0,2034,15947,16
iskrafootball,ru,2,False,channel,ru,ru,1.0,47,10,7,0,1029,2646,7
islamiccapital,ru,2,False,channel,ru,ru,1.0,94,75,75,9,1437,4194,8
islamovdv,ru,2,False,channel,ru,ru,1.0,24,16,14,14,172,258,12
ispirr,ru,2,False,channel,ru,ru,1.0,4,4,4,2,122,182,12
ispovedglob,ru,2,False,channel,ru,ru,1.0,144,131,129,9,276,228,5
ispsystem_ru,ru,2,False,channel,ru,ru,1.0,43,30,29,0,348,1242,5
israel_9,ru,2,False,empty,unknown,unknown,0.0,0,0,0,0,,145957,
israel_ru,ru,2,False,channel,ru,ru,1.0,40,33,33,17,1542,20232,4
israelblogru,ru,2,False,channel,ru,ru,1.0,232,210,125,5,87,806,9
israelinrussian,ru,2,False,channel,ru,ru,0.994,200,162,160,42,7904,47553,13
israelsecurity,ru,2,False,channel,ru,ru,0.997,522,486,476,17,337,29634,18
israeltodays,ru,2,False,channel,ru,ru,1.0,31,31,27,1,7707,18233,8
israelvoice,ru,2,False,channel,ru,ru,1.0,43,43,43,0,2259,24946,8
israjobs,ru,2,False,channel,ru,en,0.952,74,74,73,59,2196,12845,14
ist_nap,ru,2,False,channel,ru,ru,1.0,33,33,33,0,7907,24795,10
istina_in_text,ru,2,False,channel,ru,ru,0.99,55,55,52,5,819,458,11
istochnikonline,ru,2,False,channel,ru,ru,1.0,253,230,227,19,944,10296,6
istochnikvkomi,ru,2,False,channel,ru,ru,1.0,37,21,17,5,89,402,14
istoria_literatura,ru,2,False,empty,unknown,unknown,0.0,0,0,0,0,,66,
istoriasi,ru,2,False,channel,ru,ru,1.0,231,122,119,228,96,490,13
istoricprovincial,ru,2,False,channel,ru,ru,0.997,111,109,107,41,83,559,7
istorijaoruzijaz,ru,2,False,channel,ru,ru,1.0,2111,1822,1803,175,47448,56466,9
istorikmod,ru,2,False,channel,ru,ru,0.997,459,149,134,1,4777,25973,7
istorium_net,ru,2,False,channel,ru,ru,0.997,126,123,93,0,2429,5412,10
iswnews_ar,ru,2,False,channel,ar,ar,1.0,1099,1039,1039,0,88,610,19
iswnews_az,ru,2,False,channel,tr,tr,0.997,1087,796,784,15,2036,3366,13
iswnews_ku,ru,2,False,channel,fa,fa,0.991,210,196,195,0,37,143,10
iswnews_ru,ru,2,False,channel,ru,ru,1.0,424,338,329,32,249,1556,20
iswnews_ur,ru,2,False,empty,unknown,unknown,0.0,0,0,0,0,,56,
iswnewsmaps,ru,2,False,empty,unknown,unknown,0.0,0,0,0,0,,1525,
isyza_isyza,ru,2,False,empty,unknown,unknown,0.0,0,0,0,0,,,
it0chka,ru,2,False,channel,ru,ru,1.0,596,481,480,6,688,498,7
it_today_ru,ru,2,False,channel,ru,ru,1.0,160,152,148,11,235,3844,11
itsmoretv,ru,2,False,channel,ru,ru,0.994,141,82,81,0,4341,5200,10
itsmycity,ru,2,False,channel,ru,ru,0.997,552,330,329,2,7045,25430,9
iturupnews,ru,2,False,channel,ru,ru,1.0,330,188,134,137,900,3014,21
itvbia,ru,2,False,channel,ru,ru,1.0,534,514,55,90,5220,32953,14
ityaesthcs,ru,2,False,empty,unknown,unknown,0.0,0,0,0,0,,1,
ivan4pointru,ru,2,False,channel,ru,ru,0.997,366,279,253,130,3351,11526,21
ivan_lizan,ru,2,False,channel,ru,ru,1.0,53,50,48,7,2065,4478,12
ivan_preobraz,ru,2,False,channel,ru,ru,1.0,133,115,114,38,4013,9835,11
ivan_sergeevich_prikhodko,ru,2,False,empty,unknown,unknown,0.0,0,0,0,0,,996,
ivandidenko_razbor,ru,2,False,channel,ru,ru,1.0,9,9,9,0,5419,5142,10
ivankvitka72,ru,2,False,channel,ru,ru,1.0,43,21,21,0,241,1002,8
ivanov_zapravdu,ru,2,False,channel,ru,ru,0.99,22,22,22,6,82,34,9
ivanovnamd,ru,2,False,channel,ru,ru,1.0,133,116,115,19,2204,3881,11
ivanovoline,ru,2,False,channel,ru,ru,1.0,98,92,92,0,164,31973,13
ivanovopolitika,ru,2,False,empty,unknown,unknown,0.0,0,0,0,0,,47,
ivansukharevgd,ru,2,False,channel,ru,ru,1.0,38,17,17,0,156,2338,5
ivanvolonikhin,ru,2,False,channel,ru,ru,1.0,37,31,30,32,36,277,22
ivbgru,ru,2,False,channel,ru,ru,1.0,883,754,742,11,733,5183,7
ivkochetkov,ru,2,False,empty,unknown,unknown,0.0,0,0,0,0,,,
ivory_tower_bot,ru,2,False,empty,unknown,unknown,0.0,0,0,0,0,,,
ivoryzoo,ru,2,False,channel,ru,ru,0.997,118,117,110,2,6442,30873,11
ivritclub,ru,2,False,channel,ru,ru,0.969,61,59,57,15,3162,16256,6
ivshatrov,ru,2,False,channel,ru,ru,0.994,1106,1106,1089,999,128,6491,11
iwgrenade,ru,2,False,channel,ru,ru,1.0,121,103,99,96,27,158,14
iz_pod_stolika,ru,2,False,channel,ru,ru,1.0,36,36,34,7,4554,2755,15
izba_sorry,ru,2,False,channel,ru,ru,0.997,71,71,70,0,2974,4006,15
izberbashinfo,ru,2,False,channel,ru,ru,1.0,158,88,78,93,81,1352,12
izbircompskov,ru,2,False,channel,ru,ru,1.0,55,32,30,5,773,1435,12
izbirkom_03,ru,2,False,channel,ru,ru,1.0,18,7,7,0,1121,891,9
izborsk,ru,2,False,channel,ru,ru,1.0,19,19,19,10,2841,3837,8
izdergki_time,ru,2,False,channel,ru,ru,0.984,313,312,308,0,171,216,8
izostat,ru,2,False,channel,ru,ru,1.0,24,24,24,0,2413,5232,9
izvestia73,ru,2,False,channel,ru,ru,1.0,1179,989,971,1044,289,2967,7
izvestnose,ru,2,False,empty,unknown,unknown,0.0,0,0,0,0,,222,
izvmor,ru,2,False,channel,ru,ru,1.0,401,275,268,140,1602,8178,7
jabckomemes,ru,2,False,channel,ru,ru,0.977,659,658,56,2,1241,8628,13
jangoz_bot,ru,2,False,empty,unknown,unknown,0.0,0,0,0,0,,,
janvoshkov,ru,2,False,channel,ru,ru,1.0,19,18,14,0,10268,1645,6
japanobserver,ru,2,False,channel,ru,ru,1.0,4,4,4,1,4034,3276,0
jeleznyak_official,ru,2,False,empty,unknown,unknown,0.0,0,0,0,0,,10121,
jelezobetonniyzames,ru,2,False,channel,ru,ru,1.0,239,155,152,0,24281,69131,8
jeneva66,ru,2,False,empty,unknown,unknown,0.0,0,0,0,0,,,
jerdeshmoskva,ru,2,False,empty,unknown,unknown,0.0,0,0,0,0,,50014,
jestem_katerina,ru,2,False,channel,ru,ru,0.925,107,78,67,13,994,2286,1
jimmyneiron,ru,2,False,channel,ru,ru,1.0,327,50,48,2,9668,14381,12
jnb_news,ru,2,False,empty,unknown,unknown,0.0,0,0,0,0,,1113,
job_is_done62,ru,2,False,channel,ru,ru,1.0,1,1,1,0,20794,890,12
jobtechnomoscow,ru,2,False,channel,ru,ru,1.0,15,9,8,0,710,2157,11
joker_ukr,ru,2,False,empty,unknown,unknown,0.0,0,0,0,0,,480,
jokerbaku,ru,2,False,channel,ru,ru,0.988,155,151,151,10,2747,8234,18
journalbd,ru,2,False,channel,ru,ru,1.0,1988,1569,1563,2,3481,6157,7
journalists_kk,ru,2,False,channel,ru,ru,1.0,89,49,47,42,243,1100,15
jpriddbot,ru,2,False,empty,unknown,unknown,0.0,0,0,0,0,,,
jukov_online,ru,2,False,channel,ru,ru,0.997,321,304,300,183,2276,6200,10
juliamenshovajulia,ru,2,False,channel,ru,ru,0.994,240,181,167,48,146344,362534,6
juliamuurrr,ru,2,False,empty,unknown,unknown,0.0,0,0,0,0,,,
jurnko,ru,2,False,channel,uk,uk,0.997,662,373,359,171,31340,35837,16
justicepoet,ru,2,False,channel,ru,ru,1.0,2,2,2,0,1596,794,18
jvkhk1,ru,2,False,channel,ru,ru,1.0,33,20,20,4,885,839,17
k24tv_bot,ru,2,False,empty,unknown,unknown,0.0,0,0,0,0,,,
k_online24,ru,2,False,empty,unknown,unknown,0.0,0,0,0,0,,79,
kaagranovich,ru,2,False,channel,ru,ru,0.994,148,137,136,50,23835,36493,17
kabanovkv,ru,2,False,channel,ru,ru,1.0,55,55,55,2,2083,52181,8
kabul_tashkent,ru,2,False,channel,ru,ru,1.0,66,66,65,10,402,263,17
kadyrov_95,ru,2,False,empty,unknown,unknown,0.0,0,0,0,0,,6041,
kagarlitsky,ru,2,False,channel,ru,ru,1.0,12,12,12,0,56138,14990,7
kagranovich,ru,2,False,empty,unknown,unknown,0.0,0,0,0,0,,5,
kaimmedkoll,ru,2,False,channel,ru,ru,1.0,10,10,9,1,1386,1617,7
kak_polozeno,ru,2,False,channel,ru,ru,0.991,198,190,190,32,200,616,15
kak_tuda_popast_bot,ru,2,False,empty,unknown,unknown,0.0,0,0,0,0,,,
kakotdyhaesh,ru,2,False,channel,ru,ru,1.0,110,39,38,1,480,3115,13
kakovo_otar,ru,2,False,channel,ru,ru,0.994,112,112,97,0,12702,40618,11
kaktovottak,ru,2,False,empty,unknown,unknown,0.0,0,0,0,0,,28791,
kaktovottakvsizo,ru,2,False,channel,ru,ru,1.0,4,4,4,0,306895,74,9
kaktudapopast,ru,2,False,channel,ru,ru,1.0,25,11,10,0,29972,53253,16
kaktus_mediakg,ru,2,False,channel,ru,ru,0.997,268,231,226,0,14607,69705,6
kakvkinoclub,ru,2,False,channel,ru,ru,1.0,34,10,10,0,93,98,13
kalashnikovnews,ru,2,False,channel,ru,ru,1.0,29,24,22,8,4352,18094,11
kaliningradru,ru,2,False,channel,ru,ru,1.0,216,114,113,20,8270,26878,16
kalininrus,ru,2,False,channel,ru,ru,1.0,574,390,381,427,23,1527,7
kalinov_official,ru,2,False,channel,ru,ru,1.0,8,8,7,0,3107,2697,21
kaliyugasolenero,ru,2,False,empty,unknown,unknown,0.0,0,0,0,0,,850,
kalmgame08,ru,2,False,channel,unknown,ru,0.0,38,26,25,38,1319,963,11
kalmnovosti,ru,2,False,channel,ru,ru,1.0,228,217,214,5,1839,11401,11
kalmykia_tlgrm,ru,2,False,channel,ru,ru,1.0,198,74,73,195,267,724,15
kaluginlaw,ru,2,False,channel,ru,ru,1.0,5,5,5,3,419,16288,18
kaluginprofit,ru,2,False,channel,ru,ru,1.0,1021,962,940,973,355,5404,17
kaluzhskaya,ru,2,False,channel,ru,ru,1.0,52,46,46,32,5050,4285,9
kamaz_oficial,ru,2,False,empty,unknown,unknown,0.0,0,0,0,0,,83,
kamchatka01bot,ru,2,False,empty,unknown,unknown,0.0,0,0,0,0,,,
kamchatkasvoiz,ru,2,False,channel,ru,ru,1.0,145,105,104,0,1216,1219,9
kamchatrip,ru,2,False,channel,ru,ru,1.0,13,13,13,1,471,305,7
kamchatskiysever,ru,2,False,channel,ru,ru,1.0,91,58,43,16,513,2676,11
kamchatskymacho,ru,2,False,channel,ru,ru,1.0,117,106,106,32,2486,22270,8
kameskir,ru,2,False,channel,ru,ru,1.0,169,74,63,35,76,246,18
kamextremist,ru,2,False,channel,ru,ru,1.0,4,4,4,0,5127,2864,0
kamkrab,ru,2,False,channel,ru,ru,1.0,252,220,212,36,1760,4771,23
kamradm,ru,2,False,channel,ru,ru,1.0,148,93,83,37,213,462,14
kamreporter,ru,2,False,channel,ru,ru,1.0,1006,891,822,282,4072,26024,4
kanal12omsk,ru,2,False,channel,ru,ru,1.0,715,547,542,45,8472,49154,5
kanal881,ru,2,False,empty,unknown,unknown,0.0,0,0,0,0,,961,
kanal_39,ru,2,False,empty,unknown,unknown,0.0,0,0,0,0,,9,
kansklife,ru,2,False,channel,unknown,unknown,0.0,1,1,0,0,,2361,16
karabakhrecords,ru,2,False,channel,ru,ru,1.0,339,315,314,62,1201,7516,11
karadag_serpent,ru,2,False,empty,unknown,unknown,0.0,0,0,0,0,,821,
karamelka0581,ru,2,False,empty,unknown,unknown,0.0,0,0,0,0,,,
karaoolduma,ru,2,False,channel,ru,ru,0.997,113,85,81,35,2110,6500,4
karaulnet,ru,2,False,channel,ru,ru,0.997,88,87,85,16,1093,1773,11
karaulny_accountant,ru,2,False,channel,ru,ru,0.994,231,225,225,169,9980,86436,10
karaulovnews,ru,2,False,channel,ru,ru,0.997,223,207,207,81,2428,5844,16
karaylystal,ru,2,False,channel,ru,ru,1.0,22,18,18,11,2370,3008,7
karel_terpel,ru,2,False,empty,unknown,unknown,0.0,0,0,0,0,,3704,
kareldep,ru,2,False,channel,ru,ru,1.0,26,23,20,13,522,658,7
karelpolitik,ru,2,False,channel,ru,ru,1.0,156,144,141,57,259,846,13
karelskybot,ru,2,False,empty,unknown,unknown,0.0,0,0,0,0,,,
karelstone,ru,2,False,channel,ru,ru,0.998,229,214,212,138,324,701,7
karga4_bot,ru,2,False,empty,unknown,unknown,0.0,0,0,0,0,,,
karga4_chat,ru,2,False,empty,unknown,unknown,0.0,0,0,0,0,,1016,
karginizm,ru,2,False,channel,ru,ru,1.0,101,100,99,0,8192,38854,9
kargo_chat,ru,2,False,group,ru,ru,0.976,251,238,169,145,1924,220,14
kargo_gym,ru,2,False,channel,ru,ru,1.0,6,6,2,0,371,98,11
kargoflix,ru,2,False,channel,ru,ru,1.0,121,88,31,63,194,483,12
kargofood,ru,2,False,channel,ru,ru,0.991,300,270,224,89,106,983,8
kargogaming,ru,2,False,channel,ru,ru,0.98,112,98,75,45,251,1678,15
kargoit,ru,2,False,channel,ru,ru,1.0,140,139,123,78,139,1491,11
kargokult,ru,2,False,channel,ru,ru,1.0,32,32,29,4,2806,2588,14
kargomag,ru,2,False,channel,unknown,unknown,0.0,1,1,0,0,3959,199,16
kargomusic,ru,2,False,channel,ru,ru,0.914,203,141,116,19,82,510,16
kargostyle,ru,2,False,empty,unknown,unknown,0.0,0,0,0,0,,25,
kargouniverse,ru,2,False,empty,unknown,unknown,0.0,0,0,0,0,,104,
kargspiracy,ru,2,False,channel,ru,ru,0.978,679,605,424,314,211,3272,13
karjakinchess,ru,2,False,channel,ru,ru,1.0,38,28,27,18,19128,19005,14
karkadegroup,ru,2,False,empty,unknown,unknown,0.0,0,0,0,0,,871,
karlkoral,ru,2,False,channel,ru,ru,1.0,139,131,129,19,24,1520,6
karlossnews,ru,2,False,channel,ru,ru,0.982,61,51,45,0,7189,9264,19
karmanov_media,ru,2,False,channel,ru,ru,1.0,211,128,127,21,2188,16185,9
karnazytski,ru,2,False,empty,unknown,unknown,0.0,0,0,0,0,,191,
karpov_anatoly_official,ru,2,False,channel,ru,ru,1.0,8,8,8,1,551,1010,10
kartzev,ru,2,False,channel,ru,ru,0.997,114,68,68,8,3290,538,7
kashinplus,ru,2,False,empty,unknown,unknown,0.0,0,0,0,0,,3140,
kaspiyskyberet,ru,2,False,channel,ru,ru,0.997,517,262,253,45,2807,9164,19
katalog_kanalov,ru,2,False,channel,ru,ru,0.966,62,62,62,0,8159,1709,9
kate22libra,ru,2,False,empty,unknown,unknown,0.0,0,0,0,0,,,
katia_titova,ru,2,False,empty,unknown,unknown,0.0,0,0,0,0,,,
katiakretova,ru,2,False,channel,ru,ru,1.0,18,15,15,2,3368,899,17
katiatxilive,ru,2,False,channel,ru,ru,1.0,59,53,37,29,78529,104197,18
katrinspade,ru,2,False,empty,unknown,unknown,0.0,0,0,0,0,,,
katun24new,ru,2,False,channel,ru,ru,1.0,912,659,638,0,4438,30146,0
katyishka24,ru,2,False,empty,unknown,unknown,0.0,0,0,0,0,,,
katyusha_russian,ru,2,False,channel,ru,ru,1.0,56,15,15,0,17009,2817,13
kavkaz_leakbez,ru,2,False,channel,ru,ru,1.0,296,291,291,96,6304,30862,11
kavkaz_nowosti,ru,2,False,channel,ru,ru,1.0,262,237,228,6,3475,10953,13
kavkaz_pravda_original,ru,2,False,empty,unknown,unknown,0.0,0,0,0,0,,11,
kavkaz_rf,ru,2,False,channel,ru,ru,1.0,168,41,41,8,2693,20196,16
kavkaz_uzor,ru,2,False,channel,unknown,ru,0.0,42,37,37,42,3754,3680,13
kavkazskij_dozornii,ru,2,False,channel,ru,ru,1.0,1179,813,813,1141,1108,899,6
kavtoday,ru,2,False,channel,ru,ru,1.0,168,163,163,13,1738,9364,8
kavzon,ru,2,False,channel,ru,ru,1.0,169,118,117,51,1299,589,15
kaxxovkaa,ru,2,False,channel,ru,ru,1.0,581,316,316,102,615,5589,14
kayakentrayon,ru,2,False,channel,ru,ru,1.0,231,172,116,54,1260,2493,8
kaza4estvo,ru,2,False,channel,ru,ru,1.0,34,14,11,0,275,44,20
kazakovaolga_rf,ru,2,False,channel,ru,ru,1.0,102,61,48,5,467,1304,10
kazan_history,ru,2,False,channel,ru,ru,1.0,85,37,37,50,255,1038,14
kazanexpress,ru,2,False,empty,unknown,unknown,0.0,0,0,0,0,,303,
kazanfirst,ru,2,False,channel,ru,ru,1.0,459,403,395,17,1415,13604,12
kazangato,ru,2,False,channel,ru,ru,1.0,371,251,251,133,1893,1735,10
kazbrief,ru,2,False,channel,ru,ru,1.0,1501,1452,1451,68,179,639,5
kazinform_news,ru,2,False,channel,ru,ru,1.0,932,812,812,0,2216,32519,4
kazved,ru,2,False,channel,ru,ru,1.0,803,522,513,41,452,3367,12
kb_announcments,ru,2,False,channel,ru,ru,0.99,8170,6478,5823,6453,9485,44153,14
kbgsras,ru,2,False,channel,ru,ru,1.0,86,45,45,38,779,12362,1
kbr_tenevoy,ru,2,False,empty,unknown,unknown,0.0,0,0,0,0,,724,
kcbay,ru,2,False,empty,unknown,unknown,0.0,0,0,0,0,,,
kchr_inform09,ru,2,False,channel,ru,ru,1.0,92,53,53,71,3924,9161,10
kchr_official,ru,2,False,channel,ru,ru,1.0,7,7,7,3,869,534,10
kcpn_support_bot,ru,2,False,empty,unknown,unknown,0.0,0,0,0,0,,,
kdpiter,ru,2,False,channel,ru,ru,1.0,369,324,319,1,36880,142709,16
kedrpad,ru,2,False,channel,ru,ru,1.0,68,65,65,13,1065,1525,8
kei_t_kei_t,ru,2,False,empty,unknown,unknown,0.0,0,0,0,0,,,
kemerovo001_bot,ru,2,False,empty,unknown,unknown,0.0,0,0,0,0,,,
kerch_news,ru,2,False,channel,ru,ru,0.994,1177,598,588,65,3574,39384,9
kerim_kremlin,ru,2,False,channel,tr,tr,1.0,93,85,78,5,192,511,19
kfm936,ru,2,False,channel,ru,ru,0.993,518,457,434,5,2355,18154,17
kgb_mssr,ru,2,False,channel,ru,ru,1.0,92,81,81,87,102,381,10
kgsxa,ru,2,False,channel,ru,ru,1.0,37,37,37,0,24,154,9
kgv_info,ru,2,False,channel,ru,ru,1.0,628,537,536,161,212,704,10
khab_express,ru,2,False,empty,unknown,unknown,0.0,0,0,0,0,,7,
khabarovsk_transport,ru,2,False,channel,ru,ru,1.0,647,528,518,228,322,2025,0
khabarovskie,ru,2,False,channel,ru,ru,1.0,345,276,267,205,578,2255,12
khabcitynews,ru,2,False,channel,ru,ru,1.0,211,148,147,161,419,1404,0
khabkraj,ru,2,False,channel,ru,ru,1.0,553,313,304,78,1259,10188,1
khabpolitcentr,ru,2,False,channel,ru,ru,1.0,117,98,98,116,216,747,0
khach_mach,ru,2,False,channel,ru,ru,0.997,534,514,512,327,373,1289,9
kharkivlife,ru,2,False,channel,ru,ru,1.0,1460,1075,1075,0,228155,674330,13
kharkov_z_news,ru,2,False,empty,unknown,unknown,0.0,0,0,0,0,,15,
kharkovchanochka_true,ru,2,False,channel,ru,ru,1.0,16,16,13,0,2477,3300,19
kharkovpr,ru,2,False,empty,unknown,unknown,0.0,0,0,0,0,,18,
khartsyz,ru,2,False,channel,ru,ru,0.997,1124,613,555,316,5899,15620,10
khashchenko,ru,2,False,channel,ru,ru,1.0,59,58,58,6,4300,12632,14
khayrullinayrat,ru,2,False,channel,ru,ru,1.0,45,27,26,16,1540,5328,17
kherson_helpbot,ru,2,False,empty,unknown,unknown,0.0,0,0,0,0,,,
kherson_mohair,ru,2,False,channel,ru,ru,1.0,35,27,26,1,5037,2086,7
kherson_news_info,ru,2,False,channel,ru,ru,1.0,2873,1813,1806,1410,3433,8915,7
kherson_uyut,ru,2,False,channel,ru,ru,1.0,1376,1027,1019,75,1768,2154,6
khogov,ru,2,False,empty,unknown,unknown,0.0,0,0,0,0,,0,
khovalyg_live,ru,2,False,channel,ru,ru,1.0,265,68,67,0,2906,12209,7
khuligankz,ru,2,False,channel,ru,ru,1.0,91,91,91,5,218,481,10
khv_aurora,ru,2,False,channel,ru,ru,1.0,628,361,359,0,4993,46648,12
khvregion,ru,2,False,channel,ru,ru,1.0,21,20,20,0,2714,25162,8
khvtv,ru,2,False,channel,ru,ru,1.0,298,272,269,0,563,5093,1
ki_krd,ru,2,False,channel,ru,ru,0.997,963,690,661,55,775,14703,6
kievreal1,ru,2,False,channel,uk,uk,0.994,2008,1474,1474,0,384006,1521337,13
kim_and_buran,ru,2,False,channel,ru,ru,1.0,14,14,14,2,303,75,9
kimakovskii,ru,2,False,channel,ru,ru,1.0,6,6,4,0,10823,225,19
kimbarovmm,ru,2,False,channel,ru,ru,1.0,23,15,14,10,169,232,9
kinderdeskrieges,ru,2,False,empty,unknown,unknown,0.0,0,0,0,0,,240,
kingofyantar,ru,2,False,channel,ru,ru,0.997,158,96,92,0,5243,34394,18
kino_teatrru,ru,2,False,channel,ru,ru,0.997,329,220,217,66,2635,26005,8
kinodeu,ru,2,False,channel,ru,ru,1.0,31,30,29,1,9386,11124,7
kinometro,ru,2,False,channel,ru,ru,0.997,194,149,149,0,5172,30504,10
kinopoisk,ru,2,False,channel,ru,ru,1.0,361,242,240,82,51769,819856,11
kinopoisk_industry,ru,2,False,channel,ru,ru,1.0,173,160,159,2,4604,28502,13
kionru,ru,2,False,channel,ru,ru,1.0,24,13,13,6,14480,70549,11
kiparis_007,ru,2,False,empty,unknown,unknown,0.0,0,0,0,0,,,
kiri4d,ru,2,False,channel,ru,ru,1.0,92,88,85,7,397,401,14
kirill_kachur,ru,2,False,empty,unknown,unknown,0.0,0,0,0,0,,0,
kirilldundik,ru,2,False,channel,ru,ru,1.0,21,16,15,10,1652,558,2
kirillfedorov_free,ru,2,False,group,ru,ru,0.991,1370,1270,1213,567,589,362,20
kirov_plus,ru,2,False,empty,unknown,unknown,0.0,0,0,0,0,,3,
kirovayalta,ru,2,False,channel,ru,ru,1.0,58,18,15,0,2963,9162,1
kirovp,ru,2,False,channel,ru,ru,1.0,478,295,291,189,326,2560,14
kirovreg43,ru,2,False,channel,ru,ru,1.0,709,380,380,164,540,5320,7
kiruhinanatali,ru,2,False,channel,ru,ru,0.997,86,72,71,39,79,674,5
kiselev_ms,ru,2,False,channel,ru,ru,1.0,89,57,48,11,1639,5111,15
kishinev24,ru,2,False,channel,ru,ru,1.0,495,418,418,0,1979,19099,7
kisqis,ru,2,False,empty,unknown,unknown,0.0,0,0,0,0,,,
kitchen_chef,ru,2,False,channel,ru,ru,1.0,150,143,143,16,27353,78630,8
kittendances,ru,2,False,channel,ru,ru,0.991,1726,1548,1400,731,2788,4454,10
kivu1i,ru,2,False,empty,unknown,unknown,0.0,0,0,0,0,,,
kkdolgov,ru,2,False,channel,ru,ru,1.0,83,73,68,24,133,271,9
kkhersonn_chatikk,ru,2,False,empty,unknown,unknown,0.0,0,0,0,0,,7616,
klaptsovao,ru,2,False,channel,ru,ru,1.0,43,20,20,0,266,326,11
klgmechta,ru,2,False,channel,ru,ru,1.0,77,75,75,3,3483,41244,16
klimzhukoff,ru,2,False,channel,ru,ru,0.997,86,80,78,8,40201,138812,9
klintsy_32,ru,2,False,empty,unknown,unknown,0.0,0,0,0,0,,78,
klintsyinfo,ru,2,False,channel,ru,ru,0.997,228,227,221,0,1515,4020,15
klops_news,ru,2,False,channel,ru,ru,0.991,1313,1180,1143,47,11827,123747,10
kluchavtozanashih,ru,2,False,channel,ru,ru,1.0,270,142,135,24,805,888,17
kluchevskycenter,ru,2,False,channel,ru,ru,0.991,72,53,32,0,506,1176,13
kml1975,ru,2,False,channel,ru,ru,1.0,102,40,40,0,141,365,13
kmv_city,ru,2,False,empty,unknown,unknown,0.0,0,0,0,0,,15,
knightsmove,ru,2,False,channel,ru,ru,0.976,53,53,50,16,21626,41174,10
knizhnica,ru,2,False,empty,unknown,unknown,0.0,0,0,0,0,,65,
knpodsevalov_sudak,ru,2,False,channel,ru,ru,1.0,54,19,15,0,115,111,7
knyajnakarabakhskaya,ru,2,False,channel,ru,ru,1.0,146,142,141,44,767,4805,8
kobrspb,ru,2,False,channel,ru,ru,1.0,3,3,3,0,4441,1453,9
kobzevmusic,ru,2,False,channel,ru,ru,1.0,28,24,24,8,663,383,14
koc4ey,ru,2,False,empty,unknown,unknown,0.0,0,0,0,0,,,
kohanovska_zakon,ru,2,False,channel,uk,uk,1.0,65,41,36,1,1291,3847,13
kokopatriotka,ru,2,False,channel,ru,ru,1.0,27,18,16,1,1842,3698,8
kol49,ru,2,False,empty,unknown,unknown,0.0,0,0,0,0,,1098,
kola_news,ru,2,False,channel,ru,ru,1.0,102,92,92,4,336,1223,11
kolbasinafinance,ru,2,False,channel,ru,ru,1.0,43,43,17,1,531,1267,6
kolezev,ru,2,False,channel,ru,ru,1.0,147,138,138,5,26910,59967,13
kolhoznystoroj,ru,2,False,channel,ru,ru,1.0,966,869,777,848,295,1509,9
kolisrael_bot,ru,2,False,empty,unknown,unknown,0.0,0,0,0,0,,,
kolizey,ru,2,False,empty,unknown,unknown,0.0,0,0,0,0,,3,
kolkoliki,ru,2,False,channel,ru,ru,1.0,55,55,55,20,2206,1742,5
kolobok1973,ru,2,False,channel,ru,ru,0.997,142,104,99,12,8789,21802,20
kolokol22,ru,2,False,empty,unknown,unknown,0.0,0,0,0,0,,,
koludarovaolga,ru,2,False,empty,unknown,unknown,0.0,0,0,0,0,,,
kolxozdelodobrovolnoerus,ru,2,False,channel,ru,ru,1.0,363,319,308,97,33345,98957,8
komarova_ugra,ru,2,False,empty,unknown,unknown,0.0,0,0,0,0,,31,
komchtivo,ru,2,False,channel,ru,ru,1.0,282,196,193,214,197,805,6
komendatyrabot,ru,2,False,empty,unknown,unknown,0.0,0,0,0,0,,,
komi_7x7,ru,2,False,channel,ru,ru,1.0,38,38,37,6,750,1399,9
komiakia,ru,2,False,channel,ru,ru,1.0,2,2,2,1,1516,548,7
komileaks,ru,2,False,channel,ru,ru,1.0,401,401,389,4,1540,8607,8
kominfo11,ru,2,False,channel,ru,ru,0.994,197,191,186,107,290,617,7
komitelega,ru,2,False,channel,ru,ru,1.0,306,267,135,9,4152,5858,4
komitesha,ru,2,False,channel,ru,ru,1.0,116,106,98,5,431,1515,8
komitet_gkhlo,ru,2,False,channel,ru,ru,1.0,25,22,22,4,192,979,7
komitetpolk,ru,2,False,channel,ru,ru,1.0,54,51,51,30,6025,7714,13
kommers_perm,ru,2,False,channel,ru,ru,1.0,393,387,385,15,2145,8791,4
kommersant18,ru,2,False,empty,unknown,unknown,0.0,0,0,0,0,,2352,
kommersant_nn,ru,2,False,channel,ru,ru,1.0,247,199,196,35,669,4641,11
kommersant_siberia,ru,2,False,channel,ru,ru,1.0,146,124,124,1,311,2447,4
kommersantevents,ru,2,False,channel,ru,ru,1.0,43,29,29,2,163,1624,18
kommersantkazan,ru,2,False,channel,ru,ru,1.0,35,35,35,0,290,1027,5
kommersantufa,ru,2,False,channel,ru,ru,0.997,121,96,90,9,513,3940,8
kommersantural,ru,2,False,channel,ru,ru,1.0,259,220,218,21,399,2954,7
kommunist,ru,2,False,channel,ru,ru,0.994,708,597,594,207,5457,9134,6
kompr,ru,2,False,channel,ru,ru,1.0,289,285,281,33,17391,47741,9
kompromat_za,ru,2,False,channel,ru,ru,1.0,261,249,249,13,218,5070,8
kompromatkz,ru,2,False,channel,ru,ru,1.0,7,7,7,0,3165,2360,2
komprosperm,ru,2,False,channel,ru,ru,1.0,37,21,21,28,2328,2733,9
komsmlsk,ru,2,False,empty,unknown,unknown,0.0,0,0,0,0,,523,
konknews,ru,2,False,channel,ru,ru,1.0,202,202,202,1,321,1889,6
konkretnost,ru,2,False,channel,ru,ru,1.0,526,440,422,152,7408,19219,13
konovalovnews,ru,2,False,channel,ru,ru,0.997,249,213,205,79,338,722,9
konservativnaya,ru,2,False,channel,ru,ru,1.0,424,338,330,112,4836,9420,16
konstantin_honeyman,ru,2,False,empty,unknown,unknown,0.0,0,0,0,0,,,
konstantinzatulinphoto,ru,2,False,channel,unknown,unknown,0.0,43,15,0,0,121,200,12
konstantinzhak,ru,2,False,empty,unknown,unknown,0.0,0,0,0,0,,,
konstantunovka_zov,ru,2,False,empty,unknown,unknown,0.0,0,0,0,0,,6327,
konstantunovkabot,ru,2,False,empty,unknown,unknown,0.0,0,0,0,0,,,
kopikpo,ru,2,False,channel,ru,ru,1.0,33,29,21,0,75,153,14
koptevo_i_ryadom,ru,2,False,empty,unknown,unknown,0.0,0,0,0,0,,15,
kor1985,ru,2,False,channel,ru,ru,1.0,20,16,16,13,1442,1103,17
kor_31,ru,2,False,channel,ru,ru,1.0,415,126,103,0,234,1268,12
korabelnikov_a,ru,2,False,channel,ru,ru,1.0,33,27,26,2,1495,2017,10
korbanofficial,ru,2,False,channel,ru,ru,1.0,406,302,294,1,12565,15386,19
koreanthing,ru,2,False,channel,ru,ru,0.993,116,63,63,0,24621,21046,7
koreshokkoreshok,ru,2,False,channel,ru,ru,0.991,489,436,418,194,173,131,20
korifeyhab,ru,2,False,channel,ru,ru,1.0,487,317,316,240,5214,7390,7
korkinata,ru,2,False,empty,unknown,unknown,0.0,0,0,0,0,,,
kormukhin,ru,2,False,channel,ru,ru,1.0,29,10,8,27,595,2563,7
kornet_7,ru,2,False,channel,ru,ru,1.0,72,53,51,29,115,1475,20
korobkovtv,ru,2,False,channel,ru,ru,1.0,456,413,411,211,4459,6743,19
korobov_latyncev,ru,2,False,channel,ru,ru,1.0,152,136,131,71,952,3292,3
koroche_kg,ru,2,False,channel,ru,ru,0.997,62,46,46,6,12035,24789,13
korolevrat,ru,2,False,group,ru,ru,0.991,346,290,283,120,1323,175,8
korotovs,ru,2,False,channel,ru,ru,1.0,26,20,19,3,160,102,7
korrzakadrom,ru,2,False,channel,ru,ru,1.0,14,6,6,0,379370,9632,22
korsak_news,ru,2,False,channel,ru,ru,0.994,149,114,111,68,167,620,14
koryazhma,ru,2,False,channel,ru,ru,0.989,47,40,35,6,1308,3356,19
kos_zsu,ru,2,False,empty,unknown,unknown,0.0,0,0,0,0,,7,
koshkin_sibiryak,ru,2,False,channel,ru,ru,1.0,292,269,261,113,4633,10004,20
koshkindomdonetsk,ru,2,False,channel,ru,ru,1.0,333,215,212,0,7977,19614,5
kosmikov,ru,2,False,empty,unknown,unknown,0.0,0,0,0,0,,,
kostisovesti,ru,2,False,channel,ru,ru,0.993,2600,2318,2196,2271,8,182,18
kostroma_podslushal,ru,2,False,channel,ru,ru,1.0,31,31,31,0,25859,37877,8
kostromama,ru,2,False,channel,ru,ru,1.0,33,22,22,1,1651,9995,9
kostromatch,ru,2,False,channel,ru,ru,0.997,350,230,230,11,3000,11791,16
kostromatika,ru,2,False,empty,unknown,unknown,0.0,0,0,0,0,,142,
kostuyk,ru,2,False,channel,ru,ru,0.997,179,101,96,63,756,7189,11
kotelviry,ru,2,False,channel,ru,ru,1.0,41,40,40,16,10936,49193,9
koteparty,ru,2,False,channel,ru,ru,0.992,514,513,211,198,2575,11075,9
kothueplet,ru,2,False,channel,ru,ru,0.994,140,98,96,74,3487,19833,11
kotillustration,ru,2,False,empty,unknown,unknown,0.0,0,0,0,0,,2,
kotletipmr,ru,2,False,channel,ru,ru,1.0,486,465,458,89,749,3719,4
kotmaomao,ru,2,False,channel,ru,ru,0.991,123,103,103,3,873,1298,9
kotnamirotvorze,ru,2,False,channel,ru,ru,1.0,209,189,187,78,5967,18976,9
kotovo247,ru,2,False,channel,ru,ru,0.997,126,52,51,10,1298,1950,13
koturi,ru,2,False,channel,ru,ru,1.0,386,373,371,133,2891,9944,9
kotusmarinerusarmy,ru,2,False,channel,ru,ru,1.0,922,575,547,297,190,1323,5
kovaksclearsky,ru,2,False,channel,ru,ru,1.0,64,59,57,20,2100,12193,17
kovali_31,ru,2,False,empty,unknown,unknown,0.0,0,0,0,0,,,
kovdor_giperboreya,ru,2,False,channel,ru,ru,1.0,192,181,175,70,167,984,17
kovitidi,ru,2,False,channel,ru,ru,1.0,61,58,52,4,448,891,17
kovpakchat1,ru,2,False,empty,unknown,unknown,0.0,0,0,0,0,,1208,
kozaktv1,ru,2,False,channel,uk,uk,1.0,876,409,394,134,1442,11597,17
kozlov38,ru,2,False,channel,ru,ru,1.0,112,53,53,14,9696,15789,18
kozlovskii_a,ru,2,False,channel,ru,ru,1.0,165,75,74,41,707,3232,11
kp40ru,ru,2,False,channel,ru,ru,1.0,660,583,578,35,3281,14463,10
kp_kuban,ru,2,False,channel,ru,ru,1.0,956,791,779,188,1233,11697,10
kp_resort,ru,2,False,channel,ru,ru,1.0,159,149,128,0,5464,63372,5
kp_rostov,ru,2,False,channel,ru,ru,1.0,665,620,608,37,254,3597,6
kp_sochii,ru,2,False,channel,ru,ru,0.997,318,258,255,49,294,1809,7
kpkhv,ru,2,False,channel,ru,ru,1.0,901,716,684,11,168,1142,8
kpkld,ru,2,False,channel,ru,ru,1.0,273,202,196,3,972,6117,10
kpkrsk,ru,2,False,channel,ru,ru,1.0,461,350,318,22,386,1716,3
kpnauka,ru,2,False,channel,ru,ru,1.0,16,15,15,1,4384,9766,8
kppirat,ru,2,False,channel,ru,ru,1.0,18,12,12,0,37403,784,15
kprfaltay,ru,2,False,channel,ru,ru,1.0,119,70,66,26,264,996,5
kprfspb,ru,2,False,channel,ru,ru,1.0,81,36,25,4,116,707,9
kpru_sport,ru,2,False,channel,ru,ru,1.0,601,521,517,2,491,2004,9
kpruvideo,ru,2,False,channel,unknown,unknown,0.0,47,47,0,0,433,800,11
kpstav,ru,2,False,channel,ru,ru,1.0,365,310,300,25,701,6954,7
kpvsmi,ru,2,False,channel,ru,ru,1.0,131,68,68,32,177,698,10
kras_24,ru,2,False,channel,ru,ru,1.0,368,308,297,76,321,1686,4
kras_mash,ru,2,False,channel,ru,ru,1.0,133,113,111,2,12111,50310,7
kraschp,ru,2,False,channel,ru,ru,0.994,415,241,234,0,23192,141407,11
krasilnikov_vortchit,ru,2,False,channel,ru,ru,0.985,65,49,47,23,206,449,9
krasivye_foto,ru,2,False,channel,ru,ru,1.0,93,93,93,0,6074,975,9
kraskrai,ru,2,False,channel,ru,ru,1.0,92,86,81,0,300,1198,6
krasnielinii,ru,2,False,channel,ru,ru,1.0,6,6,5,2,491,52,13
krasniydom,ru,2,False,empty,unknown,unknown,0.0,0,0,0,0,,14,
krasnoarmeyck,ru,2,False,group,ru,ru,0.994,3485,3184,3006,501,506756,1336,17
krasnodar_transport,ru,2,False,channel,ru,ru,0.992,25,19,17,0,657,1624,16
krasnodarkray1,ru,2,False,channel,ru,ru,1.0,835,571,568,9,28028,187602,8
krasnodarkray_bot,ru,2,False,empty,unknown,unknown,0.0,0,0,0,0,,,
krasnodarskij_kray,ru,2,False,channel,ru,ru,1.0,113,84,84,72,27094,30125,8
krasnodoninfo,ru,2,False,channel,ru,ru,1.0,847,621,570,500,572,6246,11
krasnovd21,ru,2,False,channel,ru,ru,1.0,72,46,42,12,401,1289,16
krasnovdmitri,ru,2,False,channel,ru,ru,1.0,112,63,47,4,102,626,9
krasnyluchpress,ru,2,False,channel,ru,ru,1.0,1042,654,633,134,691,5343,13
krasotka14,ru,2,False,empty,unknown,unknown,0.0,0,0,0,0,,,
krasotkao,ru,2,False,channel,ru,ru,1.0,148,141,131,39,426,2350,19
krasovkin,ru,2,False,channel,ru,ru,1.0,118,108,103,57,139551,55765,16
kraypress,ru,2,False,channel,ru,ru,1.0,85,64,61,1,656,1736,13
krd_tipich_bot,ru,2,False,empty,unknown,unknown,0.0,0,0,0,0,,,
krd_tipich_ru,ru,2,False,channel,ru,ru,1.0,698,362,359,18,48321,366160,6
krddtp1,ru,2,False,channel,ru,ru,1.0,213,138,135,40,10754,43610,5
kreml_president,ru,2,False,empty,unknown,unknown,0.0,0,0,0,0,,,
kremlcirk,ru,2,False,empty,unknown,unknown,0.0,0,0,0,0,,508,
kremlin_mother_expert,ru,2,False,channel,ru,ru,1.0,78,78,78,1,20913,174119,8
kremlin_sekret,ru,2,False,channel,ru,ru,1.0,238,193,193,36,40890,362356,7
kremlinbatia,ru,2,False,channel,ru,ru,1.0,125,116,115,24,11096,117430,14
kremlinmuseums,ru,2,False,channel,ru,ru,0.997,155,97,90,15,2905,13752,7
krepostfortuvd,ru,2,False,channel,ru,ru,1.0,1149,605,578,533,863,14878,18
krilyatv,ru,2,False,channel,ru,ru,1.0,301,289,288,15,2825,12066,8
krimebur,ru,2,False,channel,ru,ru,1.0,792,645,639,221,893,5667,2
kriminal_kavkaz,ru,2,False,channel,ru,ru,0.996,351,274,271,219,6618,8102,6
kriminaldag,ru,2,False,channel,ru,ru,1.0,441,336,334,425,532,3420,11
kris_p_almaty_official,ru,2,False,empty,unknown,unknown,0.0,0,0,0,0,,10924,
krispalm,ru,2,False,empty,unknown,unknown,0.0,0,0,0,0,,144,
kritiknewsfeed,ru,2,False,channel,ru,ru,0.997,1137,1027,1015,537,6155,151248,7
krivoyhudojnik,ru,2,False,channel,ru,ru,1.0,41,31,23,0,854,255,7
krlff,ru,2,False,channel,ru,ru,1.0,88,73,59,34,392,862,12
krokoodil,ru,2,False,channel,ru,ru,1.0,539,458,452,10,17036,41217,12
krom35,ru,2,False,empty,unknown,unknown,0.0,0,0,0,0,,,
kroolka,ru,2,False,empty,unknown,unknown,0.0,0,0,0,0,,,
krylat,ru,2,False,channel,ru,ru,0.997,255,129,129,0,56,1555,19
krymchanin_z,ru,2,False,channel,ru,ru,0.951,1249,1017,1012,935,3842,9716,8
krymskij,ru,2,False,channel,ru,ru,1.0,169,158,158,35,349,808,11
kryuchkovoleg,ru,2,False,channel,ru,ru,1.0,7,6,6,1,19252,6916,10
kryuchoktv,ru,2,False,channel,ru,ru,1.0,2012,1394,1389,8,3813,13160,7
ksbchk,ru,2,False,channel,ru,ru,1.0,654,336,321,2,98587,373937,7
ksenia_shoigu,ru,2,False,channel,ru,ru,1.0,27,18,17,0,15983,12034,13
ksenia_solovieva,ru,2,False,channel,ru,ru,0.997,396,143,135,36,14696,52271,8
kseniyashtefan,ru,2,False,empty,unknown,unknown,0.0,0,0,0,0,,119,
ksenyaboletskaya,ru,2,False,channel,ru,ru,1.0,9,9,9,1,9216,11071,13
kslopatin,ru,2,False,channel,ru,ru,0.996,54,43,42,5,156,502,13
kso_mgk,ru,2,False,channel,ru,ru,1.0,19,10,8,1,156,178,12
ksonline,ru,2,False,channel,ru,ru,1.0,205,155,152,13,661,3088,11
ksp74,ru,2,False,channel,ru,ru,1.0,30,20,20,0,1996,2734,4
ksstrigunov,ru,2,False,channel,ru,ru,1.0,6,6,6,0,665,19,7
kstati37,ru,2,False,channel,unknown,ru,0.0,530,515,514,36,201,744,7
ksvo_saratov,ru,2,False,channel,ru,ru,1.0,64,52,48,13,1482,1504,5
ksvorf,ru,2,False,channel,ru,ru,1.0,570,399,388,98,2701,34446,7
kub_mash,ru,2,False,channel,ru,ru,1.0,143,107,107,16,23217,115078,11
kub_news_ru,ru,2,False,channel,ru,ru,1.0,1415,1148,1128,151,6728,43167,6
kub_strumb,ru,2,False,channel,unknown,ru,0.0,69,54,54,69,892,1337,8
kuban24,ru,2,False,channel,ru,ru,1.0,1711,1106,1017,265,9543,131055,12
kuban_23,ru,2,False,empty,unknown,unknown,0.0,0,0,0,0,,78342,
kuban_libre,ru,2,False,channel,ru,ru,1.0,99,53,52,1,1819,1659,16
kubanarta,ru,2,False,empty,unknown,unknown,0.0,0,0,0,0,,12,
kubanoid_news,ru,2,False,channel,ru,ru,1.0,26,21,20,2,465,677,7
kubanoidtg,ru,2,False,channel,ru,ru,1.0,135,107,106,108,1907,4137,8
kubantripof,ru,2,False,channel,ru,ru,0.994,901,397,394,519,215,785,9
kubnews_ru_bot,ru,2,False,empty,unknown,unknown,0.0,0,0,0,0,,,
kuchevskaya,ru,2,False,empty,unknown,unknown,0.0,0,0,0,0,,1249,
kudaekb,ru,2,False,channel,ru,ru,1.0,148,66,66,5,12558,78299,6
kudaekbbot,ru,2,False,empty,unknown,unknown,0.0,0,0,0,0,,,
kuharuk_ruslan,ru,2,False,channel,ru,ru,1.0,170,37,36,0,1238,26124,17
kukan_sportif,ru,2,False,channel,ru,ru,0.967,444,433,416,72,6530,38397,10
kulevrina,ru,2,False,channel,ru,ru,1.0,69,64,58,5,159,959,9
kulluminkum,ru,2,False,channel,ru,ru,1.0,5,5,5,3,9157,4026,18
kultbrigada,ru,2,False,channel,ru,ru,1.0,2,2,2,1,441,269,11
kultkherson,ru,2,False,channel,ru,ru,1.0,73,58,57,35,448,1984,10
kulturnyiminimum,ru,2,False,channel,ru,ru,1.0,17,17,17,0,416,4606,10
kulturnyj_shok,ru,2,False,channel,ru,ru,1.0,16,16,16,0,68787,10942,13
kultyrni_front,ru,2,False,channel,ru,ru,1.0,332,260,218,132,2950,13185,4
kunica02,ru,2,False,empty,unknown,unknown,0.0,0,0,0,0,,2,
kupchinonew,ru,2,False,channel,ru,ru,0.986,239,148,148,7,3678,2719,6
kupnonn,ru,2,False,channel,ru,ru,1.0,97,47,46,6,767,4787,9
kupol_vivere_est_agere,ru,2,False,channel,ru,ru,0.994,75,72,72,20,127,906,10
kupreyanov,ru,2,False,channel,ru,ru,1.0,3,3,2,2,1182,623,16
kureelka,ru,2,False,channel,ru,ru,0.989,980,346,344,109,33030,125832,12
kurgan_45_ru,ru,2,False,channel,ru,ru,1.0,640,542,520,1,515,7207,6
kurgan_spletnik,ru,2,False,channel,ru,ru,0.939,35,31,30,10,984,983,10
kurganskayaobl,ru,2,False,channel,ru,ru,1.0,860,333,272,48,515,5165,13
kurilka_israel,ru,2,False,group,ru,ru,0.967,954,609,492,73,0,2872,7
kurillka56,ru,2,False,channel,ru,ru,1.0,12,10,10,0,15182,3375,2
kurkovhateyou,ru,2,False,channel,ru,ru,1.0,65,56,55,0,1021,2909,15
kurmedia,ru,2,False,channel,ru,ru,1.0,41,26,26,1,41559,32409,14
kurochki_govoryat,ru,2,False,channel,ru,ru,0.997,127,84,84,4,7237,36846,16
kursivuz,ru,2,False,empty,unknown,unknown,0.0,0,0,0,0,,114,
kursk26,ru,2,False,empty,unknown,unknown,0.0,0,0,0,0,,21,
kursk_mir,ru,2,False,channel,ru,ru,1.0,30,30,30,0,24943,9645,13
kursk_novosti,ru,2,False,empty,unknown,unknown,0.0,0,0,0,0,,55,
kursk_now,ru,2,False,channel,ru,ru,1.0,465,298,297,0,3384,28172,9
kursk_time,ru,2,False,channel,ru,ru,0.991,343,249,247,63,918,7281,7
kurskanomalia,ru,2,False,channel,ru,ru,1.0,173,134,134,0,2282,8536,11
kurskayatelega,ru,2,False,channel,ru,ru,1.0,180,160,159,19,3403,10450,14
kurskbomond,ru,2,False,channel,ru,ru,1.0,747,549,527,7,55185,228519,10
kurskn1,ru,2,False,empty,unknown,unknown,0.0,0,0,0,0,,120,
kurskseichas,ru,2,False,empty,unknown,unknown,0.0,0,0,0,0,,97,
kutsenkogosha,ru,2,False,channel,ru,ru,1.0,26,20,18,0,3501,6798,17
kuyvashevevgeny,ru,2,False,empty,unknown,unknown,0.0,0,0,0,0,,4911,
kuzavosya,ru,2,False,channel,ru,ru,0.997,233,150,132,49,384,567,15
kuzbacc,ru,2,False,channel,ru,ru,1.0,28,28,28,10,1134,690,7
kuzbass_bandy,ru,2,False,channel,ru,ru,1.0,364,235,233,5,2396,9048,13
kuzbass_news,ru,2,False,empty,unknown,unknown,0.0,0,0,0,0,,43237,
kuzbassinfo,ru,2,False,channel,ru,ru,1.0,74,74,74,46,794,2102,5
kuzbassofficial,ru,2,False,channel,ru,ru,1.0,207,96,58,0,1985,7177,10
kuzbasszoo,ru,2,False,channel,ru,ru,1.0,47,29,29,0,728,761,13
kuznetskiyraion,ru,2,False,channel,ru,ru,1.0,146,86,84,39,73,265,11
kuznetsov51,ru,2,False,channel,ru,ru,1.0,40,21,21,0,311,214,8
kuzya_armeytzev,ru,2,False,channel,ru,ru,1.0,28,18,17,0,1744,1155,7
kvadranymaster,ru,2,False,empty,unknown,unknown,0.0,0,0,0,0,,73,
kvmalofeev,ru,2,False,channel,ru,ru,1.0,53,34,34,1,38624,1322201,16
kvnews,ru,2,False,channel,ru,ru,1.0,178,156,143,68,206,910,4
ky_mt,ru,2,False,channel,ru,ru,1.0,49,24,20,7,1266,3999,6
kyiv_n,ru,2,False,channel,uk,uk,1.0,951,655,653,140,48386,84893,8
kyiv_polit,ru,2,False,empty,unknown,unknown,0.0,0,0,0,0,,59,
kyrgyzforpost,ru,2,False,channel,ru,ru,1.0,52,52,52,10,339,5134,7
kznpapa,ru,2,False,channel,ru,ru,0.994,344,275,263,44,1920,6935,5
kztpo,ru,2,False,empty,unknown,unknown,0.0,0,0,0,0,,494,
lab365,ru,2,False,empty,unknown,unknown,0.0,0,0,0,0,,144,
labinsk_online,ru,2,False,channel,ru,ru,0.905,8,6,4,0,4906,23352,5
lacewars,ru,2,False,channel,ru,ru,1.0,18,18,18,0,4946,8253,13
ladyponaroshku,ru,2,False,channel,ru,ru,1.0,176,159,147,13,1535,1347,17
lagonaki_travel,ru,2,False,empty,unknown,unknown,0.0,0,0,0,0,,,
lagonakitravel,ru,2,False,channel,ru,ru,1.0,75,12,12,0,7607,8392,18
lana_shevchuk1402,ru,2,False,channel,ru,ru,1.0,80,78,78,14,1202,1518,14
lanabadvan,ru,2,False,channel,ru,ru,1.0,255,225,223,69,1479,9989,19
landaksketches,ru,2,False,channel,ru,ru,0.882,34,24,23,0,542,281,0
landofsiberia,ru,2,False,channel,ru,ru,1.0,332,332,332,329,79,978,10
landscapewithbooks,ru,2,False,channel,ru,ru,1.0,28,20,20,12,2272,7434,15
landscrona33,ru,2,False,channel,ru,ru,1.0,20,13,11,1,16041,16892,9
lanko_story,ru,2,False,channel,ru,ru,0.994,148,111,107,30,436,1253,9
lantratova_daria,ru,2,False,channel,ru,ru,1.0,57,35,33,0,1798,3087,14
lantratovadobro,ru,2,False,channel,ru,ru,1.0,219,122,118,26,15027,181791,10
laplasmephi,ru,2,False,channel,ru,ru,1.0,91,50,31,0,1054,2867,14
larakuklina,ru,2,False,channel,ru,ru,0.983,134,134,98,5,1593,1974,16
larisafurgal,ru,2,False,channel,bg,ru,1.0,461,323,311,423,57,202,11
larison41,ru,2,False,empty,unknown,unknown,0.0,0,0,0,0,,,
larisosnina,ru,2,False,empty,unknown,unknown,0.0,0,0,0,0,,50,
larshesler,ru,2,False,channel,ru,ru,1.0,16,10,10,7,1418,2303,7
laska_dn,ru,2,False,channel,ru,ru,0.984,10,10,9,0,963,2238,18
lasombrian,ru,2,False,channel,ru,ru,1.0,47,40,38,17,1277,9979,12
lastoppo,ru,2,False,channel,ru,ru,1.0,127,121,120,4,14188,46332,7
lasttrench988,ru,2,False,channel,ru,ru,1.0,47,43,43,12,1498,794,10
latenighturgant,ru,2,False,channel,ru,ru,1.0,1,1,1,0,1223413,213781,22
latinapopacanski,ru,2,False,empty,unknown,unknown,0.0,0,0,0,0,,337,
laughtingbird,ru,2,False,channel,ru,ru,1.0,1,1,1,0,601,324,17
lauradjagadiary,ru,2,False,channel,ru,ru,0.997,502,284,276,60,29619,77600,8
lauraruhk,ru,2,False,channel,en,it,1.0,459,421,419,201,3377,15407,3
lauraslovo,ru,2,False,channel,ru,ru,1.0,107,90,76,50,439,1879,14
lawsanctions,ru,2,False,channel,ru,ru,1.0,62,62,62,0,1464,12473,11
lawyer_tmb,ru,2,False,channel,ru,ru,1.0,55,55,55,1,6900,7557,6
layjka,ru,2,False,channel,ru,ru,1.0,38,38,38,0,1260,1676,5
lazaryewa,ru,2,False,channel,ru,ru,0.997,442,302,286,104,904,4627,8
lazyeditor,ru,2,False,channel,ru,ru,0.982,43,32,31,8,1178,7823,18
lbovperm,ru,2,False,channel,ru,ru,1.0,7,7,7,2,5075,2124,6
le_dauphinois,ru,2,False,channel,ru,ru,1.0,25,25,25,12,3856,6775,9
leadushkanews,ru,2,False,channel,ru,ru,0.997,709,544,540,403,35,85,8
league_fn,ru,2,False,channel,ru,ru,0.997,165,134,130,47,1377,9926,8
leaveitru,ru,2,False,channel,ru,ru,1.0,21,21,20,2,1979,2513,11
lecturerhistory,ru,2,False,channel,ru,ru,1.0,99,94,93,0,7411,24613,10
ledifilmmaker,ru,2,False,empty,unknown,unknown,0.0,0,0,0,0,,,
leftkhabfront,ru,2,False,channel,ru,ru,1.0,623,530,524,432,17,66,23
legalreport,ru,2,False,channel,ru,ru,1.0,61,61,60,0,1992,4559,8
legend24tv,ru,2,False,channel,ru,ru,1.0,367,208,207,55,957,5013,9
legionoffreedom,ru,2,False,channel,ru,ru,1.0,40,34,34,0,51428,139462,10
lekarimperatora,ru,2,False,channel,ru,ru,1.0,479,408,389,462,87,318,10
lekarzp,ru,2,False,channel,ru,ru,1.0,22,22,21,0,8373,4990,16
lelik_ovf,ru,2,False,empty,unknown,unknown,0.0,0,0,0,0,,,
lenclub,ru,2,False,channel,ru,ru,1.0,14,14,14,1,98,231,7
lenfilmnews,ru,2,False,channel,ru,ru,1.0,91,41,28,14,438,8422,14
lenina59,ru,2,False,channel,ru,ru,0.992,28,22,20,3,1618,1595,6
lenina59a,ru,2,False,channel,ru,ru,1.0,6,6,6,3,406,257,15
leningradetc91,ru,2,False,empty,unknown,unknown,0.0,0,0,0,0,,1163,
lenobladminka,ru,2,False,channel,ru,ru,1.0,233,134,132,41,1972,11622,9
lenoblast47,ru,2,False,channel,ru,ru,1.0,10,10,10,0,1406,9906,8
lenreg,ru,2,False,empty,unknown,unknown,0.0,0,0,0,0,,,
lensanna15,ru,2,False,channel,ru,ru,0.994,242,203,200,142,252,1067,14
lenta174,ru,2,False,channel,ru,ru,1.0,22,20,20,1,933,1967,14
lentacom,ru,2,False,channel,ru,ru,1.0,121,47,35,0,124944,418540,7
lentt24,ru,2,False,channel,ru,ru,1.0,42,42,40,0,543,6054,13
lentv24,ru,2,False,channel,ru,ru,0.997,322,280,278,85,4588,7527,8
leraromantika,ru,2,False,empty,unknown,unknown,0.0,0,0,0,0,,8,
lerus_media,ru,2,False,empty,unknown,unknown,0.0,0,0,0,0,,10,
lesobazzza,ru,2,False,empty,unknown,unknown,0.0,0,0,0,0,,22,
lestnitsastilya,ru,2,False,channel,ru,ru,1.0,727,273,272,135,218,1532,15
letart,ru,2,False,channel,ru,ru,1.0,67,27,23,10,1269,4327,12
letnab22,ru,2,False,channel,ru,ru,1.0,89,72,71,8,4044,478,7
letters_in_the_desk,ru,2,False,channel,ru,ru,1.0,192,192,161,0,6643,71130,12
letterstoheroes_bot,ru,2,False,empty,unknown,unknown,0.0,0,0,0,0,,,
lev_nik_myshkin,ru,2,False,channel,ru,ru,1.0,394,383,381,182,231,1837,7
levberd,ru,2,False,channel,ru,ru,1.0,45,45,45,5,719,1319,6
leventallive,ru,2,False,channel,ru,ru,1.0,43,43,42,11,1572,2523,16
leviathanstories,ru,2,False,channel,ru,ru,1.0,82,80,79,13,552,9615,9
levsha21vek,ru,2,False,channel,ru,ru,1.0,2,2,2,0,1364,189,16
levsha8,ru,2,False,empty,unknown,unknown,0.0,0,0,0,0,,,
levvoropaev,ru,2,False,channel,ru,ru,1.0,10,10,10,0,303,634,18
lgbelarussegodnya,ru,2,False,channel,ru,ru,1.0,460,378,376,234,673,3070,15
li_rush,ru,2,False,channel,ru,ru,1.0,18,18,18,8,193,144,15
liababaeva,ru,2,False,channel,ru,ru,0.992,1372,1232,1209,848,72,493,10
liberman_bella,ru,2,False,empty,unknown,unknown,0.0,0,0,0,0,,50,
liberty4eternal,ru,2,False,empty,unknown,unknown,0.0,0,0,0,0,,5,
lider,ru,2,False,channel,ru,ru,0.997,155,139,139,0,57040,153882,21
lietuvablog,ru,2,False,empty,unknown,unknown,0.0,0,0,0,0,,2,
life_aurora,ru,2,False,channel,ru,ru,1.0,243,145,142,0,511,12883,8
life_of_sandal,ru,2,False,channel,ru,ru,1.0,111,98,96,17,2180,1084,5
life_sergiev_posad,ru,2,False,channel,ru,ru,0.984,398,212,211,1,8548,72438,13
life_udmurtia,ru,2,False,channel,ru,ru,0.992,129,120,119,5,2865,6620,8
lifenews,ru,2,False,empty,unknown,unknown,0.0,0,0,0,0,,317,
lifeyt,ru,2,False,channel,ru,ru,1.0,299,274,270,6,67067,332360,13
liftroskin,ru,2,False,channel,ru,ru,0.993,95,23,22,1,495,1287,15
ligainternet,ru,2,False,channel,ru,ru,1.0,178,163,153,32,620,5980,9
likbezigcp,ru,2,False,channel,ru,ru,1.0,16,7,7,13,270,387,13
liki_2022,ru,2,False,channel,ru,ru,0.965,91,77,72,24,94,127,7
liliya_kova,ru,2,False,empty,unknown,unknown,0.0,0,0,0,0,,,
lilkvas1337,ru,2,False,channel,ru,ru,1.0,40,34,19,13,400,500,21
limarenko_official,ru,2,False,channel,ru,ru,1.0,169,132,132,21,9820,34809,22
limonov35,ru,2,False,channel,ru,ru,1.0,12,9,9,9,129,122,19
lineking_official,ru,2,False,empty,unknown,unknown,0.0,0,0,0,0,,,
lioness_natalia,ru,2,False,empty,unknown,unknown,0.0,0,0,0,0,,,
lipetsknews48,ru,2,False,channel,ru,ru,1.0,105,105,105,4,188,841,14
lipobl,ru,2,False,channel,ru,ru,1.0,292,157,156,104,2285,24958,11
lippot,ru,2,False,channel,ru,ru,1.0,149,99,88,10,735,4104,18
lipsitsigor,ru,2,False,channel,ru,ru,1.0,132,132,132,29,2926,41091,12
liptown,ru,2,False,channel,ru,ru,1.0,75,67,67,40,4684,30593,9
lirahappy,ru,2,False,empty,unknown,unknown,0.0,0,0,0,0,,,
lisenko1972,ru,2,False,channel,ru,ru,0.982,275,108,88,34,27408,42985,21
lisichansk_adm,ru,2,False,channel,ru,ru,1.0,203,121,111,102,1341,9458,6
lisichanskinfo,ru,2,False,channel,ru,ru,0.988,6530,5451,4942,4572,2819,11184,14
listva_books,ru,2,False,channel,ru,ru,1.0,253,158,152,9,1094,7100,9
literabooks,ru,2,False,channel,ru,ru,0.982,129,82,82,0,4561,13702,14
liubazet,ru,2,False,empty,unknown,unknown,0.0,0,0,0,0,,,
liuboviputeatishna,ru,2,False,channel,ru,ru,0.99,2122,1853,1784,2036,17,159,21
live_corr,ru,2,False,empty,unknown,unknown,0.0,0,0,0,0,,8,
livedream_stav,ru,2,False,channel,ru,ru,1.0,10,10,6,0,214,158,15
livejournalru,ru,2,False,channel,ru,ru,0.979,231,160,159,0,809,5461,9
livesochi,ru,2,False,channel,ru,ru,1.0,268,220,219,3,10944,33051,6
livinginarmenia,ru,2,False,channel,ru,ru,1.0,246,238,238,24,2909,10506,6
livlp,ru,2,False,empty,unknown,unknown,0.0,0,0,0,0,,1,
lizaalert_kk,ru,2,False,channel,ru,ru,1.0,55,55,55,1,2133,4944,8
llevellin,ru,2,False,empty,unknown,unknown,0.0,0,0,0,0,,,
llh_778,ru,2,False,channel,ru,ru,1.0,318,313,311,98,23490,12110,6
llh_group,ru,2,False,group,ru,ru,1.0,3135,3130,3121,446,24692,910,17
llll321,ru,2,False,channel,ru,ru,1.0,72,50,50,62,1121,728,8
lngchannel,ru,2,False,channel,ru,ru,1.0,42,40,40,24,2311,8664,6
lobach_sevastopol,ru,2,False,empty,unknown,unknown,0.0,0,0,0,0,,3,
lobushkin,ru,2,False,channel,ru,ru,1.0,37,33,32,3,25253,99626,12
lobushkinflash,ru,2,False,channel,ru,ru,0.991,489,483,480,0,655,51854,9
localcrew,ru,2,False,channel,unknown,ru,1.0,144,109,96,3,7013,16347,16
logistan,ru,2,False,channel,ru,ru,1.0,282,279,278,7,313,10355,15
logisticsscm,ru,2,False,channel,ru,ru,1.0,115,101,98,18,3070,35161,7
logvinenko_rnd,ru,2,False,empty,unknown,unknown,0.0,0,0,0,0,,12,
lohmatiyz,ru,2,False,group,ru,ru,0.997,26175,26029,25522,1419,17388,2921,18
lohmatiyz_bot,ru,2,False,empty,unknown,unknown,0.0,0,0,0,0,,,
lombardiarussiagen,ru,2,False,channel,it,it,0.991,868,759,736,210,1423,14011,10
lomtikneba,ru,2,False,channel,ru,ru,0.991,265,226,205,139,209,2449,11
longoton,ru,2,False,empty,unknown,unknown,0.0,0,0,0,0,,,
lookmoor,ru,2,False,channel,ru,ru,0.997,259,214,210,136,2323,14569,9
lopatino_adm,ru,2,False,empty,unknown,unknown,0.0,0,0,0,0,,68,
lorcencov,ru,2,False,channel,unknown,unknown,0.0,2,2,0,0,,8903,3
losev_aleksandr,ru,2,False,empty,unknown,unknown,0.0,0,0,0,0,,364,
lostgen,ru,2,False,channel,ru,ru,1.0,25,25,25,8,22010,27929,14
love_sochi,ru,2,False,channel,ru,ru,1.0,713,426,426,38,9955,71374,7
love_sochi_chat,ru,2,False,empty,unknown,unknown,0.0,0,0,0,0,,3128,
lovepeacesvet,ru,2,False,channel,ru,ru,1.0,719,174,171,2,17043,55290,9
loveucrimea,ru,2,False,channel,ru,ru,1.0,404,311,310,23,359,361,12
lovkach77,ru,2,False,empty,unknown,unknown,0.0,0,0,0,0,,,
lovuska,ru,2,False,channel,ru,ru,1.0,25,25,24,9,1735,2301,6
lowfashion,ru,2,False,channel,ru,ru,0.994,1265,331,328,12,5738,9565,13
loyalsrussia,ru,2,False,empty,unknown,unknown,0.0,0,0,0,0,,18450,
lrncfenix,ru,2,False,channel,ru,ru,1.0,109,107,95,1,98,588,4
lslaier,ru,2,False,channel,ru,ru,0.991,378,265,255,44,106,309,19
lu_di_z,ru,2,False,channel,ru,ru,1.0,1398,1033,1004,33,12327,37040,19
luberecki,ru,2,False,channel,ru,ru,1.0,154,86,84,2,3834,6509,11
luberfoto,ru,2,False,channel,ru,ru,0.99,155,134,108,47,690,1177,20
lubiczonline,ru,2,False,channel,ru,ru,1.0,142,142,131,3,1006,2420,6
lubok_ru,ru,2,False,channel,ru,ru,0.976,26,26,25,0,30842,22996,20
lubomir1242,ru,2,False,empty,unknown,unknown,0.0,0,0,0,0,,6879,
luchianiuc_com,ru,2,False,channel,ro,ro,1.0,603,466,438,0,3200,26393,11
lucky_boxers,ru,2,False,channel,ru,ru,1.0,31,14,13,0,1259,205,6
luganmedia,ru,2,False,channel,ru,ru,1.0,1838,884,883,418,560,5769,11
lugansk_ru,ru,2,False,channel,ru,ru,1.0,17,17,17,3,6114,2910,16
luganskgaz_lnr,ru,2,False,channel,ru,ru,1.0,19,15,15,1,2861,23563,12
luggage_surfing_il,ru,2,False,channel,ru,ru,0.997,897,897,895,0,1741,23518,19
lukiyanov,ru,2,False,channel,ru,ru,0.987,43,43,42,0,359,1014,6
lukovnikove,ru,2,False,channel,ru,ru,1.0,51,32,24,4,4893,537,15
lumandao,ru,2,False,channel,ru,ru,1.0,17,12,12,5,1217,3204,5
luminatiguy,ru,2,False,empty,unknown,unknown,0.0,0,0,0,0,,,
luna_for_freedom,ru,2,False,channel,ru,ru,1.0,46,43,43,33,483,225,7
lundstremart,ru,2,False,channel,ru,ru,1.0,13,13,10,4,769,1056,10
luninadm,ru,2,False,channel,ru,ru,1.0,182,91,84,58,160,472,15
lunkinhouse,ru,2,False,channel,ru,ru,0.976,305,233,227,281,138,842,7
lust3r,ru,2,False,channel,unknown,ru,0.0,3,3,1,1,10739,69,22
lvg_synergy,ru,2,False,channel,ru,ru,1.0,13,9,9,0,4167,3532,7
lviv24x7,ru,2,False,empty,unknown,unknown,0.0,0,0,0,0,,347,
lvmonf,ru,2,False,channel,ru,ru,1.0,18,18,18,8,286,2325,7
lvschi,ru,2,False,empty,unknown,unknown,0.0,0,0,0,0,,,
lynia14,ru,2,False,empty,unknown,unknown,0.0,0,0,0,0,,,
lysenok56,ru,2,False,channel,ru,ru,1.0,597,427,407,227,2011,3313,7
lyubertsy_sos,ru,2,False,channel,ru,ru,0.994,273,178,173,2,1504,6219,15
lyulin52,ru,2,False,channel,ru,ru,0.996,85,39,36,0,1407,2480,8
m1acum,ru,2,False,channel,ru,ru,1.0,305,265,264,172,597,3307,9
m24nightshift,ru,2,False,channel,ru,ru,1.0,258,95,81,0,500,464,17
m_kolokol,ru,2,False,channel,ru,ru,1.0,115,107,107,2,8416,23553,8
m_podolyak,ru,2,False,channel,uk,uk,1.0,4,4,4,0,220850,34781,15
m_ponkrasheva,ru,2,False,channel,ru,ru,1.0,61,28,25,27,121,338,14
m_rate,ru,2,False,channel,ru,ru,1.0,73,37,36,4,1404,3339,9
m_timonov,ru,2,False,channel,ru,ru,1.0,100,62,44,0,4267,3764,15
maadaneimania,ru,2,False,empty,unknown,unknown,0.0,0,0,0,0,,0,
mackenziekhan,ru,2,False,empty,unknown,unknown,0.0,0,0,0,0,,5,
madcrew71,ru,2,False,channel,ru,ru,1.0,1136,965,931,634,201,217,13
maddysontg,ru,2,False,channel,ru,ru,0.973,52,52,49,0,96677,198677,10
made_in_kg,ru,2,False,channel,ru,ru,0.991,145,140,139,30,1563,6990,12
made_in_tatarstan,ru,2,False,channel,ru,ru,1.0,161,117,83,35,225,2388,10
madsecurity,ru,2,False,channel,ru,ru,1.0,16,16,10,1,2638,4039,8
madubai,ru,2,False,channel,ru,ru,1.0,103,67,65,0,19098,19553,10
maercompany,ru,2,False,channel,ru,ru,1.0,79,44,39,9,463,6141,9
mafia_7ru,ru,2,False,empty,unknown,unknown,0.0,0,0,0,0,,0,
magadan1984,ru,2,False,channel,ru,ru,1.0,19,17,17,5,319,284,15
magadan_magadan,ru,2,False,channel,ru,ru,1.0,81,81,81,16,2960,27108,8
magadansu,ru,2,False,channel,ru,ru,1.0,24,23,23,0,148,235,10
magazinorengun,ru,2,False,channel,ru,ru,0.994,239,96,90,0,1118,0,5
magistral20,ru,2,False,channel,ru,ru,1.0,14,12,12,0,1967,1270,11
magnit80,ru,2,False,channel,ru,ru,1.0,49,49,49,6,593,2493,12
magnit_retail,ru,2,False,channel,ru,ru,0.997,66,56,54,0,58697,289855,7
magnum_ri,ru,2,False,channel,ru,ru,0.977,40,35,33,5,1297,1063,21
mahchzo,ru,2,False,channel,ru,ru,1.0,81,78,78,36,4500,1860,3
mahonin59,ru,2,False,channel,ru,ru,1.0,204,36,36,0,7596,28334,11
mainkomi,ru,2,False,channel,ru,ru,0.994,122,85,80,7,2665,16220,7
maiuniversity,ru,2,False,channel,ru,ru,0.997,212,136,123,8,2929,21133,7
majorselivanov,ru,2,False,channel,ru,ru,1.0,195,157,157,29,3280,9097,9
make_startup,ru,2,False,channel,ru,ru,1.0,27,20,20,0,5237,884,10
maksim_ivanon,ru,2,False,empty,unknown,unknown,0.0,0,0,0,0,,5,
maksimov_tg,ru,2,False,channel,ru,ru,1.0,14,11,11,2,682,714,1
makslorannn,ru,2,False,empty,unknown,unknown,0.0,0,0,0,0,,0,
mal_chelovek,ru,2,False,channel,ru,ru,1.0,26,26,25,0,15757,18830,7
malish_83,ru,2,False,empty,unknown,unknown,0.0,0,0,0,0,,,
malkevich_live,ru,2,False,channel,ru,ru,1.0,185,185,145,2,6005,15010,11
malkevich_news,ru,2,False,empty,unknown,unknown,0.0,0,0,0,0,,12,
malkovpavel,ru,2,False,empty,unknown,unknown,0.0,0,0,0,0,,,
maloserd_adm,ru,2,False,channel,ru,ru,1.0,203,126,120,58,125,443,14
malosolov,ru,2,False,channel,ru,ru,1.0,130,101,99,67,1921,1227,12
malrus,ru,2,False,channel,ru,ru,1.0,27,27,23,16,7,6,7
maltsevspeech,ru,2,False,channel,ru,ru,0.976,6,6,6,0,223,143,2
malvovabelova,ru,2,False,channel,ru,ru,1.0,58,39,36,0,3532,41587,17
malyekorely,ru,2,False,channel,ru,ru,0.996,83,35,34,1,119,514,14
malzoffsgallery,ru,2,False,channel,ru,ru,0.944,2101,1898,1893,290,1489,30657,0
mamchatkharkovskaya,ru,2,False,channel,ru,ru,1.0,321,228,226,46,760,506,14
mamkinfinansist,ru,2,False,channel,ru,ru,1.0,150,146,146,107,8024,14704,13
mamochka_5raz,ru,2,False,empty,unknown,unknown,0.0,0,0,0,0,,,
man_90x,ru,2,False,channel,ru,ru,1.0,356,336,321,6,3340,35099,9
man_of_a_thousand_faces,ru,2,False,channel,ru,ru,1.0,12,12,11,2,2419,840,14
managerak,ru,2,False,empty,unknown,unknown,0.0,0,0,0,0,,,
mantootime,ru,2,False,channel,ru,ru,0.989,21,21,18,4,2959,1806,10
manul,ru,2,False,empty,unknown,unknown,0.0,0,0,0,0,,,
manulization,ru,2,False,channel,ru,ru,0.964,12,7,6,0,11561,9426,9
manulov_z,ru,2,False,channel,ru,ru,1.0,23,23,23,1,1839,18,11
manulworld,ru,2,False,channel,ru,ru,0.871,47,41,23,10,850,2001,7
mapsanddata,ru,2,False,channel,ru,ru,1.0,15,15,14,0,13523,9746,5
mar_lik,ru,2,False,empty,unknown,unknown,0.0,0,0,0,0,,40695,
marat_guelman,ru,2,False,channel,ru,ru,1.0,36,28,24,12,876,522,8
mardan_history,ru,2,False,channel,ru,ru,1.0,40,40,38,0,6750,2512,9
mardanteam,ru,2,False,empty,unknown,unknown,0.0,0,0,0,0,,,
marfapo,ru,2,False,channel,ru,ru,1.0,22,22,21,0,3968,3026,6
margaritagorkina,ru,2,False,channel,ru,ru,1.0,168,59,55,0,1879,1460,6
margaritarusetskaya,ru,2,False,channel,ru,ru,1.0,73,45,43,32,652,511,8
marginalpauk,ru,2,False,empty,unknown,unknown,0.0,0,0,0,0,,7318,
margonifontova,ru,2,False,channel,ru,ru,1.0,62,60,58,17,308,906,7
maria_kslvvv,ru,2,False,empty,unknown,unknown,0.0,0,0,0,0,,,
maria_ratushniak,ru,2,False,empty,unknown,unknown,0.0,0,0,0,0,,,
mariamhovsepyan1,ru,2,False,channel,ru,ru,1.0,32,19,18,0,220,161,13
mariaogo,ru,2,False,empty,unknown,unknown,0.0,0,0,0,0,,,
mariashukshina,ru,2,False,channel,ru,ru,1.0,89,88,87,23,119104,154750,12
mariasnegovaya,ru,2,False,channel,ru,ru,0.993,102,87,79,43,6350,7998,16
marikry,ru,2,False,empty,unknown,unknown,0.0,0,0,0,0,,,
marina_devyatova,ru,2,False,channel,ru,ru,0.984,9,9,9,0,3534,3247,12
marinaneuropsy,ru,2,False,empty,unknown,unknown,0.0,0,0,0,0,,,
marinasmirnovaballet,ru,2,False,channel,ru,ru,1.0,16,11,9,2,193,101,10
marinayakimova,ru,2,False,empty,unknown,unknown,0.0,0,0,0,0,,,
marinemda,ru,2,False,channel,ru,ru,0.99,38,32,31,2,142,80,8
marireporter,ru,2,False,channel,ru,ru,1.0,26,26,26,0,2285,1924,7
maritime_practice,ru,2,False,channel,ru,ru,1.0,39,20,17,0,994,9752,8
mariupol_buro_bot,ru,2,False,empty,unknown,unknown,0.0,0,0,0,0,,,
mariupol_nash,ru,2,False,channel,ru,ru,1.0,2686,1490,1465,712,15258,76880,6
mariupol_nash_bot,ru,2,False,empty,unknown,unknown,0.0,0,0,0,0,,,
mariupolz,ru,2,False,channel,ru,ru,1.0,1774,1274,1274,257,4072,40488,16
mariyaviskunova,ru,2,False,empty,unknown,unknown,0.0,0,0,0,0,,15713,
mark2_che,ru,2,False,channel,ru,ru,1.0,663,417,402,378,13388,66024,0
marketdumki,ru,2,False,channel,ru,ru,1.0,36,36,34,3,31500,51845,16
marketheart,ru,2,False,channel,ru,ru,1.0,22,22,22,9,2423,5485,12
marketoverview,ru,2,False,channel,ru,ru,1.0,136,136,134,6,11288,46175,11
marketpsy,ru,2,False,channel,ru,ru,1.0,23,23,23,0,37605,177038,6
marketsnapshot,ru,2,False,channel,ru,ru,0.966,429,429,429,0,15323,67772,13
markettwits,ru,2,False,channel,ru,ru,0.982,3814,3800,3799,11,34300,333813,7
markkot56,ru,2,False,channel,ru,ru,0.997,296,241,237,53,1305,19970,22
martian_subway,ru,2,False,channel,ru,ru,1.0,14,14,14,0,2589,1721,17
martynovadn,ru,2,False,channel,ru,ru,1.0,120,108,106,0,3974,7350,6
marugovaslovo,ru,2,False,channel,ru,ru,0.997,329,283,238,31,2910,15399,7
marusya_kslv,ru,2,False,channel,ru,ru,1.0,29,21,21,0,924,367,13
marvelous2309,ru,2,False,channel,ru,ru,0.99,90,52,50,16,21122,38785,10
marxx_karl,ru,2,False,channel,ru,ru,0.995,28,28,27,0,1798,1497,11
maryjuk,ru,2,False,channel,ru,ru,1.0,86,75,62,13,592,712,15
marzoev_oleg,ru,2,False,channel,ru,ru,1.0,214,121,106,0,4868,11432,20
masa_community,ru,2,False,group,ru,ru,0.994,2411,2348,2220,46,5212,6375,20
mash_batash,ru,2,False,channel,ru,ru,1.0,111,95,95,2,15879,54398,9
mash_gor,ru,2,False,channel,ru,ru,1.0,130,101,100,3,12772,44819,11
mash_iptash,ru,2,False,channel,ru,ru,1.0,121,91,91,1,22321,70872,11
mash_nimash,ru,2,False,channel,ru,ru,1.0,124,87,86,7,17016,42776,11
mash_regions2023_bot,ru,2,False,empty,unknown,unknown,0.0,0,0,0,0,,,
mash_siberia,ru,2,False,channel,ru,ru,1.0,153,116,116,9,19497,53726,7
masha_titovaa,ru,2,False,empty,unknown,unknown,0.0,0,0,0,0,,,
masha_za_nashih,ru,2,False,empty,unknown,unknown,0.0,0,0,0,0,,2,
mashalelyanova,ru,2,False,channel,ru,ru,0.974,41,34,32,9,1007,1996,16
mashaluss,ru,2,False,empty,unknown,unknown,0.0,0,0,0,0,,,
maskseti_bot,ru,2,False,empty,unknown,unknown,0.0,0,0,0,0,,,
masksetizvo,ru,2,False,group,ru,ru,0.985,1630,1544,1262,98,1783,201,20
masksetyzovchel,ru,2,False,group,ru,ru,0.976,127,126,98,4,3625,346,8
maslennikovliga,ru,2,False,channel,ru,ru,1.0,17,7,6,0,1082490,2182178,16
maslo_from_heart,ru,2,False,channel,ru,ru,1.0,54,40,34,7,194,,12
master_kungfu,ru,2,False,empty,unknown,unknown,0.0,0,0,0,0,,1,
masterkovasvetlana,ru,2,False,channel,ru,ru,0.994,72,68,27,0,131,342,18
mastertorg_donetsk,ru,2,False,channel,ru,ru,0.982,56,36,30,9,487,1430,13
materikmedia,ru,2,False,channel,ru,ru,0.991,71,71,71,2,225,294,12
materipobedi,ru,2,False,channel,ru,ru,1.0,31,13,13,24,144,791,11
matreshka_tmn,ru,2,False,channel,ru,ru,1.0,87,83,80,10,890,3432,9
matrix_failure,ru,2,False,channel,ru,ru,1.0,929,830,826,83,456,9526,10
maturzubi,ru,2,False,empty,unknown,unknown,0.0,0,0,0,0,,2302,
matveevkomment,ru,2,False,channel,ru,ru,0.997,141,98,84,20,2537,58367,11
matveevnik,ru,2,False,empty,unknown,unknown,0.0,0,0,0,0,,794,
matveychev,ru,2,False,channel,ru,ru,1.0,705,705,705,8,387,16154,17
matzah_di_trone,ru,2,False,channel,ru,ru,1.0,11,11,10,0,2383,127,8
maxblumenthal,ru,2,False,channel,en,en,1.0,12,12,12,0,611,1367,22
maxchir3,ru,2,False,empty,unknown,unknown,0.0,0,0,0,0,,104,
maximkadakov,ru,2,False,channel,ru,ru,0.997,121,62,60,0,5636,28607,5
maxskvorcovv,ru,2,False,empty,unknown,unknown,0.0,0,0,0,0,,,
maxvcube_bot,ru,2,False,empty,unknown,unknown,0.0,0,0,0,0,,,
maxxxgordov,ru,2,False,channel,ru,ru,0.994,1298,1126,1126,111,240,4123,21
maya_kotlyar,ru,2,False,channel,ru,ru,1.0,75,57,56,0,7160,17065,7
maydecree,ru,2,False,channel,ru,ru,1.0,34,33,31,7,4901,19247,11
mayoradvisor,ru,2,False,channel,ru,ru,1.0,43,38,36,27,105,138,7
mayr_hayastan,ru,2,False,channel,ru,ru,0.99,43,38,38,11,782,882,15
mazltov,ru,2,False,group,ru,ru,0.994,13086,13049,12665,39,12789,5203,19
mazur_70,ru,2,False,channel,ru,ru,1.0,64,40,40,0,30066,26504,11
mazuts_ru,ru,2,False,channel,ru,ru,1.0,366,361,356,345,715,3739,10
mbn360,ru,2,False,channel,ru,ru,1.0,609,472,471,144,5680,13405,12
mbsmolin,ru,2,False,channel,ru,ru,1.0,183,177,174,94,273,2267,5
mbuubgb,ru,2,False,channel,ru,ru,1.0,75,44,42,2,563,963,9
mchs_official,ru,2,False,channel,ru,ru,1.0,381,216,204,3,6537,79060,15
mchskherson,ru,2,False,channel,ru,ru,1.0,105,59,53,6,3742,3337,6
mchslnr,ru,2,False,channel,ru,ru,0.995,137,53,48,0,149,5428,6
mchstyumen72,ru,2,False,channel,ru,ru,1.0,239,101,84,7,560,3179,5
mck_mo,ru,2,False,empty,unknown,unknown,0.0,0,0,0,0,,5,
mcrepostregion,ru,2,False,channel,ru,ru,1.0,61,48,48,45,255,9954,7
mcrepostru,ru,2,False,channel,ru,ru,1.0,88,83,79,61,485,16862,15
mcrepostworld,ru,2,False,channel,ru,ru,1.0,167,152,151,160,666,6655,11
mcusochi,ru,2,False,channel,ru,ru,1.0,374,114,113,148,1921,11202,7
mcx_chuvashia,ru,2,False,channel,ru,ru,1.0,128,64,62,9,1004,2437,6
mcx_ru,ru,2,False,channel,ru,ru,1.0,79,56,51,0,10502,30316,15
mcxae,ru,2,False,channel,ru,ru,1.0,55,44,35,1,1885,11070,7
md_krot,ru,2,False,channel,ru,ru,1.0,482,417,417,5,2837,31184,7
mda_channel,ru,2,False,channel,ru,ru,1.0,52,44,44,3,1190,5296,11
mdprotest,ru,2,False,channel,ru,ru,0.997,352,298,282,51,488,3369,11
meankeen,ru,2,False,channel,ru,ru,1.0,38,37,36,0,6279,8345,11
mechtai_so_mnoi,ru,2,False,channel,ru,ru,1.0,138,65,61,68,2270,9889,9
medach,ru,2,False,channel,ru,ru,1.0,25,20,17,1,7399,28291,14
medbro_shop,ru,2,False,channel,ru,ru,0.997,134,76,55,0,331,307,9
medex_one,ru,2,False,channel,ru,ru,1.0,15,12,11,0,2774,1793,15
media_abuser,ru,2,False,channel,ru,ru,1.0,28,27,27,0,437,185,8
media_aurora,ru,2,False,channel,ru,ru,1.0,15,13,12,0,627,12406,9
media_soldier,ru,2,False,channel,ru,ru,1.0,575,464,461,264,496,3311,17
media_stalker,ru,2,False,channel,ru,ru,1.0,620,451,450,0,1211,2813,13
mediaa_donbass,ru,2,False,empty,unknown,unknown,0.0,0,0,0,0,,3,
mediacatnews,ru,2,False,channel,unknown,ru,0.0,465,447,443,464,10,119,6
mediagroza_sbr,ru,2,False,channel,ru,ru,1.0,120,61,59,41,818,1734,12
mediakailo,ru,2,False,channel,ru,ru,1.0,70,62,62,11,3660,32263,6
mediakinesis,ru,2,False,channel,ru,ru,0.997,110,108,108,2,3221,8204,10
medialogia,ru,2,False,channel,ru,ru,1.0,7,7,7,0,9085,13102,15
mediamvd,ru,2,False,channel,ru,ru,1.0,576,414,347,1,3246,52051,10
mediaofficers,ru,2,False,empty,unknown,unknown,0.0,0,0,0,0,,10,
mediasalt,ru,2,False,channel,ru,ru,0.996,60,52,51,18,2849,2259,13
mediasrachi3,ru,2,False,channel,ru,ru,1.0,75,54,52,5,2303,15722,10
mediatorcis,ru,2,False,channel,ru,ru,0.997,186,176,175,12,391,2688,11
mediatpu,ru,2,False,channel,ru,ru,1.0,107,36,34,0,406,509,7
mediazonaca,ru,2,False,channel,ru,ru,1.0,201,183,181,1,917,3340,13
medoedmedia,ru,2,False,channel,ru,ru,1.0,63,58,53,6,1156,1042,7
medtroika,ru,2,False,channel,ru,ru,1.0,5,4,4,0,828,312,7
meduza_news,ru,2,False,channel,ru,ru,0.991,547,547,547,0,52153,122216,12
meduzalive,ru,2,False,channel,ru,ru,1.0,1720,1556,1553,30,289595,1110394,9
medvedev,ru,2,False,empty,unknown,unknown,0.0,0,0,0,0,,,
medvedvruletke,ru,2,False,empty,unknown,unknown,0.0,0,0,0,0,,1,
mefnew_bot,ru,2,False,empty,unknown,unknown,0.0,0,0,0,0,,,
megapascal,ru,2,False,empty,unknown,unknown,0.0,0,0,0,0,,19,
megavata,ru,2,False,channel,ru,ru,1.0,422,371,365,357,220,1320,12
meiby_beiby88,ru,2,False,channel,ru,ru,0.985,89,85,82,28,758,746,17
meladze_official,ru,2,False,channel,ru,ru,1.0,1,1,1,0,470253,15946,14
melikadamyan2,ru,2,False,channel,ru,ru,1.0,106,92,90,44,1433,2262,12
melikov05,ru,2,False,channel,ru,ru,1.0,49,40,38,4,20465,36392,13
melitopol_ru,ru,2,False,channel,ru,ru,0.997,516,478,478,88,10484,103113,7
melnitsa21,ru,2,False,channel,ru,ru,1.0,430,405,398,428,13120,23297,8
memehermitage,ru,2,False,channel,ru,ru,0.995,433,420,97,392,27,54,15
memehunter,ru,2,False,channel,ru,ru,0.992,80,76,39,35,2905,5569,14
memezya,ru,2,False,channel,ru,ru,1.0,215,215,215,0,6298,8099,13
memnavorotnichok,ru,2,False,channel,ru,ru,0.992,468,463,71,236,901,1575,6
menunsk_ru,ru,2,False,channel,ru,ru,1.0,44,11,8,0,3510,8287,11
mer_hayreniq,ru,2,False,channel,ru,ru,0.989,383,251,243,0,397,3766,18
mercy_mission,ru,2,False,channel,ru,ru,1.0,195,158,146,114,2869,4023,6
merdnr,ru,2,False,channel,ru,ru,1.0,98,62,58,25,548,1521,6
merkacheva,ru,2,False,channel,ru,ru,1.0,89,77,73,13,3243,15824,13
merp58,ru,2,False,channel,ru,ru,1.0,64,60,59,21,207,550,14
merussiabot,ru,2,False,empty,unknown,unknown,0.0,0,0,0,0,,,
meseumnn,ru,2,False,empty,unknown,unknown,0.0,0,0,0,0,,181,
meskob,ru,2,False,channel,ru,ru,1.0,253,153,139,60,179,1632,18
mesto_vstrechi_ntv,ru,2,False,channel,ru,ru,0.991,101,100,98,0,16289,150160,13
mestoprodv,ru,2,False,empty,unknown,unknown,0.0,0,0,0,0,,25865,
metals_mining,ru,2,False,channel,ru,ru,0.994,415,381,359,44,1127,12782,4
metelskiy_moscow,ru,2,False,channel,ru,ru,1.0,35,35,35,0,1191,18635,19
metlapress,ru,2,False,channel,ru,ru,1.0,61,35,34,0,2080,5477,10
metodi4ka,ru,2,False,channel,ru,ru,1.0,41,40,40,11,25010,81943,9
metpbl,ru,2,False,channel,ru,ru,1.0,1,1,1,0,152,28,8
metroccrus,ru,2,False,channel,ru,ru,1.0,205,77,74,1,73807,178349,10
metropolitan_dubai,ru,2,False,channel,ru,ru,1.0,26,20,19,0,2535,2371,17
mezgorodru,ru,2,False,empty,unknown,unknown,0.0,0,0,0,0,,41,
mezinoyuri,ru,2,False,channel,ru,ru,1.0,82,67,65,42,3164,10867,7
mezyukho,ru,2,False,channel,ru,ru,0.997,104,102,99,6,98,579,13
mf_po_58,ru,2,False,channel,ru,ru,1.0,49,16,13,42,128,159,10
mfa_azerbaijan,ru,2,False,channel,ru,ru,1.0,22,22,22,0,10314,1764,6
mfa_gov_tm,ru,2,False,channel,ru,ru,1.0,24,24,24,0,553,132,19
mfaofarmenia,ru,2,False,channel,ru,ru,1.0,41,37,37,0,5352,8735,13
mfavladivostok,ru,2,False,channel,ru,ru,1.0,19,17,17,1,1102,1997,23
mfc_kherson,ru,2,False,channel,ru,ru,1.0,36,33,32,12,9823,9813,9
mfc_russia,ru,2,False,channel,ru,ru,1.0,164,94,94,1,965,6716,14
mfclnr,ru,2,False,channel,ru,ru,0.987,72,46,45,59,1168,10992,12
mgd_broadcast,ru,2,False,channel,ru,ru,0.993,919,919,902,0,297,1745,7
mgd_unofficial,ru,2,False,channel,ru,ru,1.0,13,13,12,5,13462,16200,14
mger_78,ru,2,False,channel,ru,ru,1.0,83,37,36,48,165,2080,18
mgimo_university,ru,2,False,channel,ru,ru,1.0,68,54,49,24,2555,28658,8
mginews,ru,2,False,channel,ru,ru,1.0,108,82,81,3,569,3238,6
mgu_mlt,ru,2,False,channel,ru,ru,1.0,680,302,264,7,3186,11883,8
mhtlvrus,ru,2,False,channel,ru,ru,1.0,14,12,12,1,1219,2099,10
mi6jamesbond,ru,2,False,channel,ru,ru,0.982,112,82,78,50,973,2385,21
mi_mi_zhivotnie,ru,2,False,channel,ru,ru,0.994,103,94,94,0,2741,7337,5
micromedia666,ru,2,False,channel,ru,ru,0.99,638,583,563,355,3357,11761,11
mid_dnr,ru,2,False,channel,ru,ru,1.0,12,6,6,10,865,1024,9
mid_lnr,ru,2,False,channel,ru,ru,1.0,100,76,76,86,828,1789,9
midnightpr,ru,2,False,empty,unknown,unknown,0.0,0,0,0,0,,143,
miduralofficial,ru,2,False,channel,ru,ru,1.0,301,159,119,0,987,5158,11
migron_ru,ru,2,False,channel,ru,ru,0.972,23,23,15,0,4824,7718,17
mihail_sovetskij,ru,2,False,channel,ru,ru,1.0,132,108,96,76,26591,103345,6
mihailahremtsev,ru,2,False,channel,ru,ru,1.0,32,32,32,19,411,344,8
mihailaksel,ru,2,False,channel,unknown,ru,0.0,30,25,25,27,823,4358,16
mihailaksel1996,ru,2,False,empty,unknown,unknown,0.0,0,0,0,0,,,
mihalcow,ru,2,False,channel,ru,ru,1.0,12,12,10,1,42576,15175,9
mihalkov,ru,2,False,empty,unknown,unknown,0.0,0,0,0,0,,,
mihasuper,ru,2,False,channel,ru,ru,0.994,530,369,328,268,124,1324,7
miheev,ru,2,False,channel,unknown,unknown,0.0,1,1,1,0,725,4,18
mikaelminasyan,ru,2,False,empty,unknown,unknown,0.0,0,0,0,0,,,
mikhaelbarst,ru,2,False,channel,ru,ru,1.0,181,164,157,10,374,1692,17
mikhail003,ru,2,False,empty,unknown,unknown,0.0,0,0,0,0,,,
mikhaillobaznov,ru,2,False,channel,ru,ru,1.0,124,51,43,0,2094,4555,11
mikhailovskii_a_d,ru,2,False,channel,ru,ru,1.0,31,10,7,1,251,56,10
mikle1one,ru,2,False,empty,unknown,unknown,0.0,0,0,0,0,,5,
miklesilantev,ru,2,False,channel,ru,ru,1.0,36,9,7,0,50,127,12
mikskarting,ru,2,False,channel,ru,ru,1.0,51,26,26,0,649,4108,20
mil_12,ru,2,False,channel,ru,ru,1.0,625,191,189,0,2559,16694,8
militaernews,ru,2,False,channel,de,de,1.0,421,307,307,5,8162,66902,18
military_arm,ru,2,False,channel,ru,ru,1.0,269,213,212,27,13611,38456,9
military_az,ru,2,False,channel,ru,ru,1.0,295,198,197,37,16451,24388,13
military_smp,ru,2,False,channel,unknown,unknown,0.0,1,1,0,0,,9,21
militarydonetsk,ru,2,False,channel,ru,ru,1.0,4105,3259,3234,1208,17325,71919,12
militarydonetsk_feedback_bot,ru,2,False,empty,unknown,unknown,0.0,0,0,0,0,,,
militarydonetsk_pereklichka,ru,2,False,group,ru,ru,0.987,7392,7392,7392,2,,27166,11
militarythemez,ru,2,False,empty,unknown,unknown,0.0,0,0,0,0,,958,
miliy_tomsk,ru,2,False,channel,ru,ru,1.0,312,210,203,144,4904,14170,4
millettvcrimea,ru,2,False,channel,ru,ru,0.991,1207,911,910,226,335,2333,14
milliardery_rus,ru,2,False,channel,ru,ru,1.0,1,1,1,0,3079,533,14
milliardtatar,ru,2,False,channel,ru,ru,1.0,325,252,246,79,1162,12982,14
miloserdierulite,ru,2,False,channel,ru,ru,1.0,245,237,230,0,1255,9493,15
milovaeah,ru,2,False,channel,ru,ru,0.983,58,46,43,12,5392,13979,14
milovanovdaily,ru,2,False,channel,ru,ru,1.0,46,46,44,6,2836,2718,12
mincerchannel,ru,2,False,channel,ru,ru,1.0,39,27,27,11,25095,27980,14
minchenko,ru,2,False,empty,unknown,unknown,0.0,0,0,0,0,,,
minchenkoconsulting,ru,2,False,channel,ru,ru,1.0,54,37,31,16,1410,3185,13
mincifry,ru,2,False,channel,ru,ru,1.0,39,33,33,13,1505,7191,12
mincomlpr,ru,2,False,channel,ru,ru,1.0,48,31,30,9,1478,3374,14
mincult12,ru,2,False,channel,ru,ru,1.0,50,29,29,0,209,571,12
mincult52,ru,2,False,channel,ru,ru,1.0,354,143,107,35,278,1259,8
mincult_sakh,ru,2,False,channel,ru,ru,1.0,345,126,124,129,184,1347,0
mincultrussia,ru,2,False,channel,ru,ru,1.0,215,82,77,18,5249,25041,7
mincultzo,ru,2,False,channel,ru,ru,1.0,1171,424,400,194,405,2001,7
mindigital,ru,2,False,channel,ru,ru,1.0,16,16,16,2,321,1008,0
minec43,ru,2,False,channel,ru,ru,1.0,76,55,52,30,147,226,14
mineevmma,ru,2,False,channel,ru,ru,0.997,20,11,10,10,12174,13172,17
minfin,ru,2,False,channel,ru,ru,1.0,110,84,81,1,7374,49159,7
minfinlnr,ru,2,False,channel,ru,ru,1.0,563,443,438,241,212,992,14
mingazov_dnr,ru,2,False,channel,ru,ru,1.0,36,23,13,2,16396,1091,8
mingkh58,ru,2,False,channel,ru,ru,1.0,97,87,65,16,114,635,5
mingosim58,ru,2,False,channel,ru,ru,1.0,39,34,34,15,64,179,16
mingrad_58,ru,2,False,channel,ru,ru,1.0,30,22,13,1,218,214,13
mininchannel,ru,2,False,empty,unknown,unknown,0.0,0,0,0,0,,361,
mininfodnr,ru,2,False,channel,ru,ru,1.0,333,200,196,220,135,530,8
mininvest_mo,ru,2,False,channel,ru,ru,1.0,95,81,78,8,1042,6301,14
ministerstvo_oborony,ru,2,False,channel,ru,ru,1.0,604,486,486,2,8011,19131,14
ministr_estate,ru,2,False,channel,ru,ru,1.0,79,48,48,19,1261,3198,14
ministry_of_de,ru,2,False,empty,unknown,unknown,0.0,0,0,0,0,,2,
ministry_of_defense_ua,ru,2,False,channel,uk,uk,1.0,1042,586,578,398,8729,65720,10
ministryvs,ru,2,False,channel,ru,ru,1.0,723,566,565,60,19065,18284,9
minjust_russia,ru,2,False,channel,ru,ru,1.0,83,43,43,24,3294,12021,14
minkovaanna23,ru,2,False,channel,ru,ru,1.0,169,45,39,0,2020,4601,13
minkult_penza,ru,2,False,channel,ru,ru,1.0,140,115,94,6,117,825,14
minkultrb03,ru,2,False,channel,ru,ru,1.0,343,141,141,61,128,1542,6
minkultrd,ru,2,False,channel,ru,ru,0.992,150,59,59,39,683,3497,17
minkultrf,ru,2,False,channel,ru,ru,1.0,138,138,137,2,258,4107,10
minleshozpenza,ru,2,False,channel,ru,ru,1.0,26,10,9,20,171,692,9
minobr_kharkov,ru,2,False,channel,unknown,unknown,0.0,1,1,0,0,774,166,21
minobrlnr,ru,2,False,channel,ru,ru,1.0,270,129,122,60,1578,10102,13
minobrnaukiofficial,ru,2,False,channel,ru,ru,1.0,133,80,80,30,19559,60001,9
minobrpenza,ru,2,False,channel,ru,ru,1.0,128,105,97,22,2174,5085,12
minority_report_23,ru,2,False,channel,ru,ru,1.0,11,11,11,5,320,392,19
minprirody,ru,2,False,channel,ru,ru,0.994,73,66,66,13,383,4645,6
minprom_52,ru,2,False,channel,ru,ru,1.0,66,57,42,5,374,1185,9
minprosrf,ru,2,False,channel,ru,ru,1.0,299,67,60,32,28537,74803,9
minselxoz,ru,2,False,channel,ru,ru,1.0,26,21,21,5,500,566,13
minskctvby,ru,2,False,channel,ru,ru,1.0,1483,1408,1407,118,241,9550,18
minsknews_by,ru,2,False,channel,ru,ru,1.0,1712,1187,1105,37,1797,22545,14
minsport13,ru,2,False,channel,ru,ru,1.0,344,146,100,34,28,1166,13
minsport58,ru,2,False,channel,ru,ru,1.0,168,80,79,10,195,1177,15
minsport_russia,ru,2,False,channel,ru,ru,1.0,381,112,91,32,2042,33383,13
minsportmo,ru,2,False,channel,ru,ru,1.0,420,123,119,81,472,4402,13
minstroy21,ru,2,False,channel,ru,ru,1.0,24,14,13,6,252,911,10
minstroypnz,ru,2,False,channel,ru,ru,1.0,9,9,9,0,86,355,8
mintrans21,ru,2,False,channel,ru,ru,1.0,98,51,45,37,133,1086,16
mintrans51,ru,2,False,channel,ru,ru,1.0,111,76,69,16,124,4438,14
mintrans_amur,ru,2,False,channel,ru,ru,1.0,94,75,68,25,550,3375,8
mintrans_russia,ru,2,False,channel,ru,ru,1.0,100,84,75,0,3057,44169,6
mintrud_penza,ru,2,False,channel,ru,ru,1.0,25,18,13,1,991,904,14
mintrudlnr,ru,2,False,channel,ru,ru,1.0,74,54,52,54,906,4519,7
mintrudpk,ru,2,False,channel,ru,ru,1.0,92,52,51,16,2634,11543,2
mintrudrf,ru,2,False,channel,ru,ru,1.0,33,24,24,5,84422,83525,12
minutkatrans,ru,2,False,channel,ru,ru,0.996,125,125,125,0,2991,9166,15
minval_az,ru,2,False,channel,ru,ru,1.0,1725,1541,1538,0,2556,23603,5
minvostok,ru,2,False,channel,ru,ru,1.0,117,48,47,21,1059,6639,6
minvrru,ru,2,False,channel,ru,ru,1.0,99,41,41,7,47,225,7
minzdrav08,ru,2,False,channel,ru,ru,1.0,405,192,183,176,465,1296,13
minzdrav21,ru,2,False,channel,ru,ru,1.0,90,67,67,39,521,4360,5
minzdrav_ru,ru,2,False,channel,ru,ru,1.0,196,113,111,1,22589,53952,14
minzdrav_saratov,ru,2,False,channel,ru,ru,1.0,420,194,137,131,1158,6748,11
minzdravkuzbassanews,ru,2,False,channel,ru,ru,1.0,79,55,54,0,1634,3540,8
minzdravpenza,ru,2,False,channel,ru,ru,1.0,326,193,180,172,426,2142,5
minzdravstvuite,ru,2,False,channel,ru,ru,1.0,245,143,143,23,814,3109,5
mir_animalsss,ru,2,False,empty,unknown,unknown,0.0,0,0,0,0,,18,
mirlug,ru,2,False,channel,ru,ru,1.0,111,38,38,11,733,678,12
mirmetro,ru,2,False,channel,ru,ru,1.0,208,102,98,30,1817,11317,14
mirmol05,ru,2,False,channel,ru,ru,1.0,593,522,518,173,389,4062,12
mirovichmedia,ru,2,False,channel,ru,ru,0.991,269,228,227,4,52941,105937,9
mirpmr,ru,2,False,channel,ru,ru,1.0,14,14,14,7,378,284,9
misanec,ru,2,False,channel,ru,ru,1.0,35,30,30,16,43,103,5
mishagavriloff,ru,2,False,channel,ru,ru,1.0,17,9,9,1,56,55,10
mishutka_media,ru,2,False,channel,ru,ru,1.0,52,39,36,0,2055,3770,6
miskov31,ru,2,False,channel,ru,ru,1.0,352,100,98,0,645,2861,12
mislim_vmeste,ru,2,False,channel,ru,ru,0.997,2536,2258,2202,247,53,170,5
mislinemisli,ru,2,False,channel,ru,ru,1.0,154,149,149,22,57031,152587,9
mivmestesevastopol,ru,2,False,channel,ru,ru,1.0,132,60,60,32,1191,2424,16
mixail_kain,ru,2,False,channel,ru,ru,1.0,7,7,7,0,11913,6763,9
mk_srochno,ru,2,False,channel,ru,ru,1.0,132,128,127,1,6030,23279,10
mkaltay,ru,2,False,channel,ru,ru,0.997,82,74,74,0,175,525,3
mkch_kursk,ru,2,False,channel,ru,ru,1.0,557,526,441,0,1057,235,19
mkchita,ru,2,False,channel,ru,ru,1.0,600,517,514,10,604,5139,1
mknewsru,ru,2,False,channel,ru,ru,0.989,580,515,505,0,13480,208062,6
mkpskov,ru,2,False,channel,ru,ru,1.0,61,50,50,5,198,915,11
mkset,ru,2,False,channel,ru,ru,1.0,254,241,239,5,3992,12122,7
mkvburyatii,ru,2,False,channel,ru,ru,1.0,746,661,650,364,429,2489,9
mlynby,ru,2,False,channel,ru,ru,1.0,2897,1922,1916,444,540,17863,12
mme_perrier,ru,2,False,channel,ru,ru,0.994,232,95,93,1,11350,27281,7
mmmarinochka,ru,2,False,empty,unknown,unknown,0.0,0,0,0,0,,,
mmntlist,ru,2,False,channel,ru,ru,0.997,57,53,51,4,404,209,9
mmpchernisheva,ru,2,False,channel,ru,ru,1.0,26,10,8,5,1322,955,7
mmpublic,ru,2,False,empty,unknown,unknown,0.0,0,0,0,0,,2690,
mmrus,ru,2,False,channel,ru,ru,1.0,212,121,120,3,592,3679,18
mnchat,ru,2,False,empty,unknown,unknown,0.0,0,0,0,0,,885,
mneniyefm,ru,2,False,channel,ru,ru,1.0,68,62,61,2,3015,4343,9
mnews_ru,ru,2,False,channel,ru,ru,1.0,712,550,546,40,44825,197752,13
mngfamily,ru,2,False,channel,ru,ru,1.0,53,9,8,0,2261,12190,2
mnm_masterskaya,ru,2,False,channel,ru,ru,1.0,46,26,26,10,3012,20744,15
mnogougolniki,ru,2,False,channel,ru,ru,1.0,44,31,16,0,673,10709,14
mnpavlova,ru,2,False,channel,ru,ru,1.0,75,33,31,24,2164,2151,19
mo_now,ru,2,False,channel,ru,ru,1.0,37,17,17,1,8081,6329,12
mob_news_bot,ru,2,False,empty,unknown,unknown,0.0,0,0,0,0,,,
mobilereviewcom,ru,2,False,channel,ru,ru,1.0,287,240,232,0,10904,31677,7
mocking_philosopher,ru,2,False,channel,ru,ru,0.985,275,259,251,140,402,,15
modest_a_kolerov,ru,2,False,channel,ru,ru,1.0,469,469,468,23,3105,5517,20
moekteplo,ru,2,False,channel,ru,ru,1.0,15,11,11,5,1930,11199,10
moeonline,ru,2,False,channel,ru,ru,1.0,768,643,624,4,7745,37976,12
moexfinuslugi,ru,2,False,channel,ru,ru,1.0,49,20,17,7,1969,51133,15
mofratibor,ru,2,False,channel,ru,ru,1.0,88,55,42,11,109,191,10
moibiz,ru,2,False,channel,ru,ru,1.0,64,49,46,1,13437,58887,5
moiseev_eugene,ru,2,False,channel,ru,ru,0.989,342,133,131,45,4691,17346,14
moishavor,ru,2,False,channel,ru,ru,0.989,26,26,18,2,1153,75,18
moishe_haifa,ru,2,False,channel,ru,ru,1.0,31,14,13,0,1076,2024,20
mokshanadm,ru,2,False,channel,ru,ru,1.0,82,42,42,30,104,383,17
mol13rus,ru,2,False,channel,ru,ru,1.0,107,59,52,6,587,5765,15
mol_dnr,ru,2,False,channel,ru,ru,1.0,192,90,88,22,874,6708,19
moldavskii_piston,ru,2,False,channel,ru,ru,0.997,372,344,309,98,2869,5662,9
moldavskiydm,ru,2,False,channel,ru,ru,1.0,72,61,61,61,344,536,20
moldavskiyefir,ru,2,False,channel,ru,ru,1.0,53,50,49,44,352,984,9
moldova_cenzura,ru,2,False,empty,unknown,unknown,0.0,0,0,0,0,,1147,
moldovaelections,ru,2,False,channel,ru,ru,1.0,383,368,363,193,785,6599,14
moldovatelegraph,ru,2,False,channel,ro,ro,1.0,939,911,743,71,495,12392,8
molniyakavkaz,ru,2,False,empty,unknown,unknown,0.0,0,0,0,0,,3749,
molodejka05,ru,2,False,channel,ru,ru,1.0,455,380,380,54,1784,8514,9
molodezh_no,ru,2,False,channel,ru,ru,1.0,21,20,13,0,230,2425,11
molodezhy08,ru,2,False,channel,ru,ru,1.0,66,38,35,20,203,437,15
molotov_akzs,ru,2,False,channel,ru,ru,1.0,35,26,22,18,207,538,3
molotov_perm,ru,2,False,channel,ru,ru,1.0,44,35,35,23,330,1208,15
molpredmsc,ru,2,False,channel,ru,ru,1.0,42,17,13,0,638,4487,14
momentistini,ru,2,False,channel,ru,ru,0.991,640,495,483,37,244,2324,13
momenty_ekb,ru,2,False,channel,ru,ru,1.0,675,483,474,4,4930,27127,14
moms29,ru,2,False,empty,unknown,unknown,0.0,0,0,0,0,,65,
monday_challenge,ru,2,False,channel,ru,ru,0.997,319,140,126,0,5141,13468,21
moneyandpolarfox,ru,2,False,channel,ru,ru,0.997,196,184,178,50,8903,51061,12
monitoring_15,ru,2,False,channel,ru,ru,1.0,3909,3715,3715,0,20,342,7
monitoring_54,ru,2,False,channel,ru,ru,0.997,2405,2022,2022,1,342,1509,8
monitoring_65,ru,2,False,channel,ru,ru,1.0,880,825,825,0,12,76,0
monitoring_gubernatory,ru,2,False,channel,ru,ru,1.0,8994,3825,3825,0,49,480,12
monitoringby,ru,2,False,channel,ru,ru,1.0,343,316,315,335,2376,8528,15
monitoringua,ru,2,False,channel,unknown,ru,0.0,1482,1294,1290,1482,1889,15827,9
monteoff,ru,2,False,channel,ru,ru,1.0,44,40,39,37,152,382,9
montyanmerch,ru,2,False,empty,unknown,unknown,0.0,0,0,0,0,,,
montyanphotos,ru,2,False,channel,ru,ru,1.0,51,37,37,0,54687,31233,17
mooreslaws,ru,2,False,empty,unknown,unknown,0.0,0,0,0,0,,1861,
moospngru,ru,2,False,empty,unknown,unknown,0.0,0,0,0,0,,2508,
mopozarodinu,ru,2,False,empty,unknown,unknown,0.0,0,0,0,0,,38,
morar_51,ru,2,False,channel,ru,ru,1.0,156,45,36,0,320,575,12
mordortac,ru,2,False,channel,ru,ru,0.898,23,19,19,4,1334,12801,14
mordoviadocs,ru,2,False,empty,unknown,unknown,0.0,0,0,0,0,,8,
mordvinzabugrom,ru,2,False,empty,unknown,unknown,0.0,0,0,0,0,,8,
moreman281,ru,2,False,empty,unknown,unknown,0.0,0,0,0,0,,,
moreoz,ru,2,False,channel,ru,ru,0.991,1088,749,740,32,7063,46851,7
morethantrip_ru,ru,2,False,channel,ru,ru,1.0,110,34,34,3,1511,21213,16
morgun_ov,ru,2,False,channel,ru,ru,1.0,15,7,6,0,9975,4655,12
morozov_agb_lnr,ru,2,False,channel,ru,ru,1.0,35,26,23,1,2352,1354,6
morozova_a,ru,2,False,channel,ru,ru,0.991,116,92,88,22,619,1473,13
morrisseysosat,ru,2,False,channel,ru,ru,0.976,291,269,39,47,1271,9104,7
mortalbeauty,ru,2,False,channel,ru,ru,0.989,100,67,66,11,27367,46877,9
mos_news,ru,2,False,channel,ru,ru,1.0,584,428,416,295,32510,19381,7
mos_old,ru,2,False,empty,unknown,unknown,0.0,0,0,0,0,,8,
moscomtourism,ru,2,False,channel,ru,ru,1.0,54,42,39,5,4255,70385,7
moscow117,ru,2,False,channel,ru,ru,1.0,744,741,741,17,12624,89385,7
moscow_00,ru,2,False,channel,ru,ru,1.0,443,385,384,6,16306,42091,12
moscow_culture,ru,2,False,channel,ru,ru,1.0,56,37,35,7,865,7790,10
moscow_erzao,ru,2,False,channel,ru,ru,1.0,309,123,88,94,54,333,14
moscow_laundry,ru,2,False,channel,ru,ru,0.997,441,431,430,191,15865,664768,9
moscow_pro_fkr,ru,2,False,channel,ru,ru,1.0,51,29,28,0,13332,20733,11
moscow_zoo_friends,ru,2,False,channel,ru,ru,0.97,177,135,133,72,3807,10920,10
moscowach,ru,2,False,channel,ru,ru,1.0,356,317,309,0,273695,3770255,8
moscowafishi,ru,2,False,channel,ru,ru,1.0,222,218,216,0,29290,238764,6
moscowafishniy,ru,2,False,channel,ru,ru,0.987,285,87,83,0,12431,52135,18
moscowcallingz,ru,2,False,channel,ru,ru,0.988,175,156,147,47,459,230,21
moscowcentral_bot,ru,2,False,empty,unknown,unknown,0.0,0,0,0,0,,,
moscowcheck,ru,2,False,channel,ru,ru,1.0,614,546,545,68,2941,8239,6
moscowexchangeofficial,ru,2,False,channel,ru,ru,1.0,38,18,17,1,17889,54810,11
moscowinmyheart,ru,2,False,channel,ru,ru,0.941,197,45,35,49,24739,79486,9
moscowme,ru,2,False,channel,ru,ru,1.0,373,218,218,48,1791,4371,8
moscowmi,ru,2,False,channel,ru,ru,1.0,541,445,444,0,49899,399577,8
moscownewsagency,ru,2,False,channel,ru,ru,1.0,1058,692,679,5,1655,15658,10
moscowproc,ru,2,False,channel,ru,ru,1.0,100,54,53,0,11820,31559,11
moscowtimes_ru,ru,2,False,channel,ru,ru,1.0,505,501,501,0,15201,125191,13
moscowtop,ru,2,False,channel,ru,ru,0.997,564,465,462,36,58408,384909,7
moscowtop02_bot,ru,2,False,empty,unknown,unknown,0.0,0,0,0,0,,,
moscowtop_criminal,ru,2,False,channel,ru,ru,1.0,141,119,118,13,21615,,9
moscowtoplive,ru,2,False,channel,ru,ru,1.0,545,539,539,11,29728,89750,6
moscowzoo_official,ru,2,False,channel,ru,ru,1.0,152,132,129,31,30186,157073,9
mosdoms,ru,2,False,channel,ru,ru,1.0,363,225,214,186,147,3305,8
mosecomonitoring,ru,2,False,channel,ru,ru,1.0,49,28,28,1,162,746,13
mosenergo_life,ru,2,False,channel,ru,ru,1.0,28,12,10,1,1059,1279,13
mosgaz_bot,ru,2,False,empty,unknown,unknown,0.0,0,0,0,0,,,
mosgibdd77,ru,2,False,empty,unknown,unknown,0.0,0,0,0,0,,15,
mosgornasledie,ru,2,False,channel,ru,ru,0.994,183,65,57,41,1068,4065,11
mosgorod,ru,2,False,channel,unknown,ru,0.0,53,44,44,53,253,918,13
mosgorparks,ru,2,False,channel,ru,ru,1.0,118,76,59,16,6533,32949,4
moshistory,ru,2,False,channel,ru,ru,0.994,177,168,168,0,27143,67104,12
mosinaannalugansk,ru,2,False,channel,ru,ru,0.995,387,277,252,312,160,217,9
mosjournal,ru,2,False,channel,ru,ru,0.99,667,528,528,14,31012,404862,14
moskalev_sergey,ru,2,False,channel,ru,ru,1.0,9,9,9,0,256,391,5
moskovskiy_rayon_peterburga,ru,2,False,channel,ru,ru,1.0,379,137,118,9,53,329,14
moskovskiypul,ru,2,False,channel,ru,ru,1.0,733,724,724,35,26198,190866,14
moskva_fm,ru,2,False,channel,ru,ru,1.0,1198,764,682,57,4236,27277,13
moskva_pravda,ru,2,False,channel,ru,ru,1.0,223,200,200,17,7484,11238,10
moskva_tretiy_rim,ru,2,False,channel,ru,ru,1.0,465,463,457,5,16906,84557,5
moskvanovosti24,ru,2,False,channel,ru,ru,1.0,43,38,38,0,8880,363,13
moslenta,ru,2,False,empty,unknown,unknown,0.0,0,0,0,0,,219325,
mosmap,ru,2,False,empty,unknown,unknown,0.0,0,0,0,0,,1114,
mosmapbot,ru,2,False,empty,unknown,unknown,0.0,0,0,0,0,,,
mosmebot,ru,2,False,empty,unknown,unknown,0.0,0,0,0,0,,,
mosmit_roc,ru,2,False,channel,ru,ru,1.0,304,93,83,0,183,1087,15
mosmosru,ru,2,False,channel,ru,ru,0.997,456,316,312,144,57584,121639,16
mosnow,ru,2,False,channel,ru,ru,0.994,1058,714,714,0,66791,510963,18
mosoblgaz_official,ru,2,False,channel,ru,ru,1.0,142,41,40,122,1660,8290,14
mosoblproc,ru,2,False,channel,ru,ru,1.0,34,27,26,2,3450,26678,10
mospolytech,ru,2,False,channel,ru,ru,1.0,71,45,37,14,5354,16028,11
mospriroda,ru,2,False,channel,ru,ru,1.0,209,79,44,9,587,4226,8
mosreg,ru,2,False,empty,unknown,unknown,0.0,0,0,0,0,,237,
mosregioninfo,ru,2,False,channel,ru,ru,0.994,476,422,422,85,1859,793,13
mosrutop,ru,2,False,channel,ru,ru,1.0,1175,680,680,317,5928,92759,6
mostportal,ru,2,False,channel,ru,ru,1.0,19,19,19,3,658,316,8
mostrips,ru,2,False,channel,ru,ru,0.988,193,73,66,5,18775,113005,10
mountshow,ru,2,False,channel,ru,ru,1.0,729,667,658,5,21270,55237,20
moviehorse,ru,2,False,channel,ru,ru,0.99,77,51,50,5,3114,25865,18
moxvictoria,ru,2,False,empty,unknown,unknown,0.0,0,0,0,0,,1758,
moya_respublika,ru,2,False,channel,ru,ru,0.997,371,165,158,143,84,109,11
moya_rodina_primorsky_cry,ru,2,False,channel,ru,ru,1.0,14,13,13,1,922,1985,19
moyamordoviya,ru,2,False,channel,ru,ru,1.0,77,46,41,5,219,282,15
moyarossia,ru,2,False,channel,ru,ru,0.997,838,223,223,14,27949,164116,5
moyashkinaof,ru,2,False,channel,ru,ru,0.997,233,218,213,19,713,599,21
moybiznesugra,ru,2,False,channel,ru,ru,0.987,19,17,16,7,795,3857,9
moyka_mashbot_bot,ru,2,False,empty,unknown,unknown,0.0,0,0,0,0,,,
moynnov,ru,2,False,channel,ru,ru,1.0,533,277,276,19,14695,215805,19
moyshasheckel,ru,2,False,channel,ru,ru,0.994,335,321,316,0,8415,18004,8
mozhemobyasnit,ru,2,False,channel,ru,ru,1.0,135,95,94,1,160606,462997,9
mprldnr,ru,2,False,empty,unknown,unknown,0.0,0,0,0,0,,16333,
mr_brzhnv,ru,2,False,channel,ru,ru,0.994,542,328,323,156,818,1768,18
mr_buimistr,ru,2,False,channel,ru,ru,1.0,3,3,3,0,11532,6869,9
mr_yasinovataya,ru,2,False,channel,ru,ru,1.0,165,118,117,66,965,1317,12
mraiupov,ru,2,False,empty,unknown,unknown,0.0,0,0,0,0,,,
mrespublika,ru,2,False,channel,ru,ru,0.999,247,122,122,93,8376,13705,17
mrsu13,ru,2,False,channel,ru,ru,1.0,73,49,49,3,1154,6487,14
ms_italycommunity,ru,2,False,channel,ru,ru,1.0,119,54,54,23,1397,7553,15
mscafisha,ru,2,False,empty,unknown,unknown,0.0,0,0,0,0,,1878,
mscculture,ru,2,False,channel,ru,ru,0.979,540,233,149,9,21267,164310,19
msimonyan_literature,ru,2,False,channel,ru,ru,1.0,23,23,23,1,18012,88720,20
msk1_news,ru,2,False,channel,ru,ru,1.0,1284,1052,1009,26,3089,114778,9
msk_bogorodskoe,ru,2,False,channel,ru,ru,1.0,8,3,3,7,4500,5054,14
msk_gde,ru,2,False,channel,ru,ru,1.0,861,669,666,0,31344,37403,6
msk_innoagency,ru,2,False,channel,ru,ru,1.0,44,38,37,0,982,3544,12
mskseasons,ru,2,False,channel,ru,ru,1.0,70,42,42,19,1750,19562,6
mskuratov,ru,2,False,channel,ru,ru,1.0,174,146,146,0,23625,68753,11
mspeaks,ru,2,False,channel,ru,ru,1.0,214,167,155,0,495,6653,5
msyrnikov,ru,2,False,channel,ru,ru,1.0,8,7,6,0,7258,8038,11
mts_bank_official,ru,2,False,channel,ru,ru,1.0,27,21,20,0,30035,48115,9
mtspdnr,ru,2,False,channel,ru,ru,1.0,131,75,67,72,2435,7257,11
mtspzaporizhiaoblast_bot,ru,2,False,empty,unknown,unknown,0.0,0,0,0,0,,,
mu_lnr,ru,2,False,channel,ru,ru,1.0,6,6,6,0,1388,751,4
mud_no,ru,2,False,channel,ru,ru,1.0,359,324,316,1,6091,25808,7
mujskoy_podarok,ru,2,False,empty,unknown,unknown,0.0,0,0,0,0,,,
muksun_fm,ru,2,False,channel,ru,ru,1.0,284,250,249,12,1637,9774,16
mullaiz,ru,2,False,channel,ru,ru,1.0,399,338,306,94,2564,8061,6
multievan,ru,2,False,channel,ru,ru,1.0,31,31,30,0,77931,770225,14
munpes,ru,2,False,channel,ru,ru,1.0,125,125,110,24,3873,3697,11
mur_nefor,ru,2,False,channel,ru,ru,1.0,39,37,37,0,491,3362,18
murashko_med,ru,2,False,channel,ru,ru,1.0,758,684,682,30,23688,134423,7
murdom,ru,2,False,channel,ru,ru,0.994,138,113,111,24,1179,1761,10
murmanfiknews,ru,2,False,channel,ru,ru,1.0,143,128,126,52,809,2798,6
murmansk_insaid,ru,2,False,channel,ru,ru,1.0,5,5,5,0,3631,2423,5
murmansktalk,ru,2,False,channel,ru,ru,0.991,228,105,102,0,1149,9424,10
muromcevz,ru,2,False,channel,ru,ru,1.0,499,474,461,25,5141,11493,8
mursvinopas,ru,2,False,channel,ru,ru,1.0,27,24,18,0,1194,1178,14
murtazinbook,ru,2,False,channel,ru,ru,1.0,15,12,12,0,2931,2518,14
museum_esenin,ru,2,False,channel,ru,ru,1.0,64,24,23,0,171,2052,13
museum_njerusalem,ru,2,False,channel,ru,ru,1.0,94,78,62,3,1247,6426,12
museyfondn2,ru,2,False,channel,ru,ru,1.0,34,33,20,6,994,8186,11
musicvisockiy,ru,2,False,empty,unknown,unknown,0.0,0,0,0,0,,566,
musor29,ru,2,False,channel,unknown,ru,0.0,23,12,12,23,17,47,8
muspatrol,ru,2,False,channel,ru,ru,1.0,80,58,55,28,8688,23957,14
mutnoe,ru,2,False,channel,ru,ru,0.98,35,32,31,1,1164,1657,16
muz_reverse_perspective,ru,2,False,channel,ru,ru,1.0,8,8,4,0,4002,671,9
muzeypobedy,ru,2,False,channel,ru,ru,1.0,263,145,142,16,525,9975,7
muzhik_govorit,ru,2,False,channel,ru,ru,1.0,231,199,192,13,303,471,15
mv6566,ru,2,False,channel,ru,ru,1.0,691,668,657,63,1654,8173,14
mv_007_pskov,ru,2,False,channel,ru,ru,1.0,224,106,102,5,9935,34369,21
mvd_dagestan,ru,2,False,empty,unknown,unknown,0.0,0,0,0,0,,24901,
mvdlnr_official,ru,2,False,channel,ru,ru,1.0,141,100,90,9,3686,15776,8
mvdrm13,ru,2,False,channel,ru,ru,1.0,394,216,151,14,1222,3266,9
mvitaliikrd,ru,2,False,empty,unknown,unknown,0.0,0,0,0,0,,,
mxatchekhova,ru,2,False,channel,ru,ru,0.994,194,104,94,2,3457,24791,17
my_lobnya,ru,2,False,channel,ru,ru,0.994,522,347,299,27,964,16009,10
my_name_is_alyona,ru,2,False,empty,unknown,unknown,0.0,0,0,0,0,,,
my_phone_dn,ru,2,False,empty,unknown,unknown,0.0,0,0,0,0,,,
my_tuapse,ru,2,False,channel,ru,ru,0.997,359,211,180,64,3151,56987,8
my_tyumen,ru,2,False,channel,ru,ru,1.0,289,207,196,21,1708,33610,11
myalkostop,ru,2,False,channel,ru,ru,0.974,816,786,769,87,203,1037,13
myblacksee,ru,2,False,empty,unknown,unknown,0.0,0,0,0,0,,16,
mydonetsk,ru,2,False,channel,ru,ru,0.991,71,54,53,19,536,473,4
myeuronewz,ru,2,False,channel,ru,ru,1.0,48,47,47,3,8461,11401,9
mykolaivskaoda,ru,2,False,channel,uk,uk,1.0,293,254,252,42,351980,327286,6
mykrim,ru,2,False,channel,ru,ru,0.991,547,135,135,92,6782,38215,5
myluber,ru,2,False,channel,ru,ru,0.997,819,579,572,10,9354,106188,13
mynnovgorod,ru,2,False,channel,ru,ru,1.0,575,416,411,69,10453,48695,17
myphone_dn,ru,2,False,channel,ru,ru,1.0,14,14,12,0,5949,15262,17
mypomnim,ru,2,False,channel,ru,ru,1.0,42,26,24,16,65,115,10
mytischi_live,ru,2,False,channel,ru,ru,1.0,32,24,23,0,20707,58955,10
mytolstoy,ru,2,False,empty,unknown,unknown,0.0,0,0,0,0,,,
myvmeste40,ru,2,False,channel,ru,ru,1.0,34,28,27,7,1493,882,7
myxinvtarelke,ru,2,False,channel,ru,ru,1.0,43,33,29,6,1053,4804,7
mzdnr_official,ru,2,False,channel,ru,ru,1.0,84,68,68,18,2945,12554,14
mzk_love,ru,2,False,channel,ru,ru,0.995,41,33,32,0,7077,23950,9
mzungugram,ru,2,False,channel,ru,ru,0.997,167,120,110,5,1975,11356,10
n0comments,ru,2,False,channel,ru,ru,1.0,200,200,200,0,13712,45963,10
n1_nv,ru,2,False,empty,unknown,unknown,0.0,0,0,0,0,,293,
n_dodonov,ru,2,False,channel,ru,ru,1.0,55,53,48,4,1801,4362,5
n_e_w_media,ru,2,False,channel,ru,ru,0.997,235,195,176,73,1072,17634,5
n_moskvitina,ru,2,False,channel,ru,ru,1.0,130,78,77,46,2994,8930,19
n_w_order,ru,2,False,empty,unknown,unknown,0.0,0,0,0,0,,112594,
na_regnum,ru,2,False,channel,ru,ru,1.0,154,149,148,20,1540,13683,12
nabat_utrachennogo,ru,2,False,channel,ru,ru,1.0,295,116,115,16,325,3449,12
nabludatelvtomske,ru,2,False,channel,ru,ru,1.0,6,5,5,0,6866,5042,16
nabutov3,ru,2,False,channel,ru,ru,1.0,45,42,35,0,42492,43833,12
nadejda_makko,ru,2,False,empty,unknown,unknown,0.0,0,0,0,0,,,
nadezhda_babkina,ru,2,False,channel,ru,ru,1.0,33,16,16,21,3109,4517,8
nadperfi,ru,2,False,channel,ru,ru,1.0,98,34,34,36,371,1615,13
nagodekane,ru,2,False,channel,ru,ru,1.0,171,156,155,15,201,1098,10
nagora,ru,2,False,empty,unknown,unknown,0.0,0,0,0,0,,,
nagora_coalanalytics,ru,2,False,channel,ru,ru,1.0,21,19,15,8,1559,19848,7
nairihokhikyan,ru,2,False,channel,et,et,1.0,103,99,93,1,3550,5437,11
nalog_gov_ru,ru,2,False,channel,ru,ru,1.0,36,28,28,0,34270,90547,15
nalog_zaporozhye_kherson,ru,2,False,channel,ru,ru,1.0,12,12,12,0,24570,14935,12
nalogtreebot,ru,2,False,empty,unknown,unknown,0.0,0,0,0,0,,,
namexistence,ru,2,False,channel,ru,ru,1.0,219,214,20,28,579,2451,8
namkade1,ru,2,False,channel,ru,ru,0.973,159,117,117,0,10515,39654,7
namnestidno,ru,2,False,channel,ru,ru,1.0,58,46,46,31,189,1056,18
nanna34,ru,2,False,channel,ru,ru,0.986,1579,1070,1007,115,2346,11342,7
nanoflash,ru,2,False,channel,ru,ru,0.991,899,881,152,243,2052,3494,9
nao24,ru,2,False,channel,ru,ru,1.0,609,338,338,0,641,5636,9
napochte,ru,2,False,channel,ru,ru,1.0,12,9,9,0,114337,122380,7
napolah,ru,2,False,channel,ru,ru,0.988,41,35,35,16,500,687,19
naran_official,ru,2,False,channel,ru,ru,1.0,1208,1145,1131,153,17105,23427,8
narasputyeru,ru,2,False,channel,ru,ru,1.0,88,68,65,71,539,8145,14
narodkolyma,ru,2,False,channel,ru,ru,0.997,470,279,250,1,332,1056,1
narodnaya_aptechka,ru,2,False,channel,ru,ru,1.0,17,15,15,1,735,1183,13
narodyrossii,ru,2,False,channel,ru,ru,1.0,32,26,22,0,1057,1389,13
narrativs,ru,2,False,empty,unknown,unknown,0.0,0,0,0,0,,12,
narubezhu,ru,2,False,channel,ru,ru,1.0,207,190,165,45,1424,2228,0
nash_belgorod,ru,2,False,empty,unknown,unknown,0.0,0,0,0,0,,17,
nash_tsekh,ru,2,False,channel,ru,ru,1.0,39,17,14,0,634,429,10
nasha_stranaz,ru,2,False,channel,ru,ru,1.0,829,757,757,74,801,2361,11
nasha_zabota2023,ru,2,False,channel,ru,ru,1.0,145,94,87,10,586,890,13
nashagazetakst,ru,2,False,channel,ru,ru,1.0,442,368,351,2,3038,15520,6
nashapredlogka_bot,ru,2,False,empty,unknown,unknown,0.0,0,0,0,0,,,
nashasredaonline,ru,2,False,channel,ru,ru,0.997,174,174,173,41,209,719,6
nashchelyabinsk,ru,2,False,channel,ru,ru,1.0,768,565,541,17,9765,125237,7
nashchuvash,ru,2,False,channel,ru,ru,1.0,3,3,3,2,2089,580,9
nashgorodru,ru,2,False,channel,ru,ru,1.0,498,363,350,4,3369,19758,5
nashietomysupport,ru,2,False,empty,unknown,unknown,0.0,0,0,0,0,,0,
nashtatarstan_official,ru,2,False,channel,ru,ru,1.0,435,267,256,36,733,5549,5
naskadnr,ru,2,False,channel,ru,ru,0.991,64,64,60,10,310,1062,17
nasos51,ru,2,False,channel,ru,ru,1.0,80,76,76,0,1209,2451,12
nasprislali,ru,2,False,channel,ru,ru,1.0,69,62,60,33,317,1030,8
nassatnamonte,ru,2,False,channel,ru,ru,0.991,260,193,193,96,407,951,20
nastya_crimea,ru,2,False,channel,ru,ru,0.995,177,68,66,114,246,802,15
nata_bogolyubovo,ru,2,False,empty,unknown,unknown,0.0,0,0,0,0,,,
natalia_nts,ru,2,False,empty,unknown,unknown,0.0,0,0,0,0,,,
nataliya_e,ru,2,False,empty,unknown,unknown,0.0,0,0,0,0,,,
nataly_hill,ru,2,False,channel,ru,ru,1.0,9,9,7,1,1179,189,16
nataosmanli,ru,2,False,channel,ru,ru,0.997,142,122,120,76,1073,4534,6
natatanshina,ru,2,False,channel,ru,ru,1.0,48,38,38,6,3715,11858,10
natgeohub,ru,2,False,empty,unknown,unknown,0.0,0,0,0,0,,7,
national_tourism,ru,2,False,channel,ru,ru,1.0,58,42,42,11,1118,7640,13
nationalelibrary,ru,2,False,channel,ru,ru,1.0,91,21,21,0,634,2426,15
nationalist_russian,ru,2,False,channel,ru,ru,1.0,328,276,263,145,5573,49103,16
nationalprojectsru,ru,2,False,channel,ru,ru,1.0,572,213,207,1,14519,96141,11
nationconsun2on,ru,2,False,channel,ru,ru,1.0,27,7,2,0,2265,841,18
nationconsunioncore,ru,2,False,channel,ru,ru,0.979,67,63,59,18,833,687,15
nationkurs,ru,2,False,channel,ru,ru,1.0,643,601,591,161,9998,26903,10
natsmeme,ru,2,False,channel,ru,ru,0.988,284,268,96,63,6393,11588,18
nature,ru,2,False,channel,ru,ru,0.897,241,241,241,0,26215,73881,5
naturecop,ru,2,False,channel,ru,ru,1.0,105,101,101,24,421,2636,9
naukamsu,ru,2,False,channel,ru,ru,0.994,181,86,80,2,2086,28528,13
naumov_walks,ru,2,False,channel,ru,ru,1.0,39,39,28,1,3276,13024,9
navalny,ru,2,False,channel,ru,ru,1.0,24,20,20,12,169529,152303,11
navalnylivechannel,ru,2,False,channel,ru,ru,1.0,49,41,37,22,20404,39787,13
navostok,ru,2,False,empty,unknown,unknown,0.0,0,0,0,0,,642,
nazad90,ru,2,False,channel,ru,ru,1.0,40,40,40,1,6989,13690,21
nazbol22,ru,2,False,channel,ru,ru,1.0,75,59,57,55,86,485,9
nb_kz,ru,2,False,channel,ru,ru,0.997,255,255,255,0,1619,10571,11
nb_sul,ru,2,False,channel,ru,ru,0.995,60,58,57,11,2233,592,18
nbondarenko_blog,ru,2,False,channel,ru,ru,1.0,25,20,20,7,14606,56,5
nbstaroverov,ru,2,False,channel,ru,ru,1.0,70,41,41,47,215,829,18
nddnr,ru,2,False,channel,ru,ru,1.0,421,125,122,247,230,3372,8
ndn_info,ru,2,False,channel,ru,ru,0.969,653,653,653,0,51,1063,10
ndnews,ru,2,False,channel,ru,ru,1.0,234,205,202,0,209,3146,5
ne_caxar_live,ru,2,False,empty,unknown,unknown,0.0,0,0,0,0,,290,
ne_propaganda,ru,2,False,channel,ru,ru,0.997,178,134,130,103,215,1122,10
ne_zvezdim,ru,2,False,channel,ru,ru,0.997,571,346,344,1,180,160,13
nealbin,ru,2,False,channel,unknown,ru,0.0,3833,3031,2812,3833,1408,1651,7
nebeglo,ru,2,False,channel,ru,ru,1.0,51,44,44,0,2930,593,9
nebeznas,ru,2,False,channel,ru,ru,0.987,27,15,15,11,800,1186,9
nebogomaz,ru,2,False,channel,ru,ru,1.0,65,65,64,0,365,883,11
nebrosaem48,ru,2,False,channel,ru,ru,1.0,38,26,26,23,2566,1931,9
nechaev_017,ru,2,False,channel,ru,ru,1.0,1,1,1,0,3455,1605,16
nechaev_official,ru,2,False,channel,ru,ru,1.0,18,9,9,0,67332,36327,14
nedalniy_vostok,ru,2,False,channel,ru,ru,1.0,484,361,361,321,9497,31196,9
nedbru_pro,ru,2,False,channel,ru,ru,1.0,110,89,86,0,737,5043,12
nedebri,ru,2,False,empty,unknown,unknown,0.0,0,0,0,0,,22160,
nedebri2,ru,2,False,channel,ru,ru,1.0,940,741,739,467,5465,26054,23
nedradvnews,ru,2,False,channel,ru,ru,1.0,56,54,53,4,676,5467,5
neduma,ru,2,False,channel,ru,ru,1.0,38,32,30,0,9882,2564,20
nedvij_etagi,ru,2,False,channel,ru,ru,1.0,6,6,4,0,2687,6749,6
nedvirf,ru,2,False,channel,ru,ru,1.0,135,125,125,19,14320,20683,16
nedvizha,ru,2,False,channel,ru,ru,1.0,189,162,161,4,9643,47567,14
needleraw,ru,2,False,channel,ru,ru,1.0,265,261,261,18,3222,20629,11
neft_media,ru,2,False,channel,ru,ru,1.0,262,229,227,12,2089,11003,12
neftegazchannel,ru,2,False,channel,ru,ru,0.993,354,353,344,1,1335,12908,9
neftegram,ru,2,False,channel,ru,ru,1.0,50,50,50,17,6917,5236,6
nehabar,ru,2,False,channel,ru,ru,1.0,209,160,150,49,25175,78948,4
nejdanov,ru,2,False,channel,ru,ru,1.0,7,7,7,0,3870,4374,13
neknotes,ru,2,False,empty,unknown,unknown,0.0,0,0,0,0,,10,
nekrutakov,ru,2,False,channel,ru,ru,1.0,8,8,8,0,3512,5365,9
nekurasov,ru,2,False,channel,ru,ru,1.0,167,130,119,11,602,1058,3
nelavrov,ru,2,False,channel,ru,ru,0.994,1645,1397,1353,139,4186,8207,10
nemalahov,ru,2,False,channel,ru,ru,0.994,710,578,573,2,78325,128389,7
nemalahov_slyvky,ru,2,False,empty,unknown,unknown,0.0,0,0,0,0,,13,
nemaradona,ru,2,False,channel,ru,ru,1.0,521,507,507,3,428,2939,8
nemcevvv,ru,2,False,channel,ru,ru,1.0,88,34,34,6,180,686,12
nemesis_2_0,ru,2,False,channel,ru,ru,0.997,404,381,374,149,184,,5
nemezidaarm,ru,2,False,channel,ru,ru,1.0,29,29,29,19,612,810,8
neminobr,ru,2,False,channel,ru,ru,1.0,237,144,144,79,37,74,11
nemochka27,ru,2,False,channel,ru,ru,1.0,168,109,109,161,94,729,3
nemor_ka_note,ru,2,False,channel,ru,ru,1.0,1106,1037,728,384,125,601,9
nemorgenshtern,ru,2,False,empty,unknown,unknown,0.0,0,0,0,0,,930,
nemoskva_bot,ru,2,False,empty,unknown,unknown,0.0,0,0,0,0,,,
nemuraviev,ru,2,False,channel,ru,ru,0.943,6,6,6,1,7563,997,16
nenashi,ru,2,False,channel,ru,ru,1.0,311,290,265,23,837,6040,7
nenegeev,ru,2,False,channel,ru,ru,1.0,40,37,36,21,790,872,9
nenitik2,ru,2,False,channel,ru,ru,1.0,7,7,5,1,757,98,15
nenubesit,ru,2,False,channel,ru,ru,1.0,64,63,63,1,8686,10282,9
neoposta4,ru,2,False,channel,ru,ru,0.991,840,779,160,424,556,3112,10
neopostart,ru,2,False,channel,ru,ru,0.929,133,74,32,113,246,1149,18
neopostshit,ru,2,False,channel,ru,ru,0.973,1966,1929,533,795,368,4804,10
neopra_blin,ru,2,False,channel,ru,ru,1.0,252,181,179,8,76031,158160,10
nepmansky,ru,2,False,channel,ru,ru,1.0,56,56,51,6,8124,12890,6
neposlednielyudi,ru,2,False,channel,ru,ru,0.997,330,227,219,50,4284,58653,7
neravnodyshnie_taganrog,ru,2,False,channel,ru,ru,1.0,303,117,78,7,894,1517,17
nerezervist,ru,2,False,empty,unknown,unknown,0.0,0,0,0,0,,2,
nerus_rus,ru,2,False,channel,ru,ru,1.0,67,64,63,20,579,1253,8
neserafim,ru,2,False,channel,ru,ru,1.0,291,226,226,181,1905,462,7
neshevchik,ru,2,False,channel,ru,ru,1.0,19,19,18,2,1533,1840,9
neshport,ru,2,False,channel,ru,ru,1.0,19,16,16,2,10945,10609,5
neshukar,ru,2,False,channel,ru,ru,1.0,186,180,167,2,605,1154,10
neshulman,ru,2,False,channel,ru,ru,0.99,54,54,53,12,3196,9170,7
nestrashnonet,ru,2,False,channel,ru,ru,1.0,38,38,33,0,221,1565,13
netall,ru,2,False,channel,ru,ru,0.991,371,248,248,0,5403,27465,9
netaniahurus,ru,2,False,channel,ru,ru,0.988,51,43,43,0,2826,8696,14
netflixandchilll,ru,2,False,channel,ru,ru,0.994,97,50,50,1,2220,16204,9
netfreedomsproject,ru,2,False,channel,ru,ru,1.0,25,19,19,0,18916,35710,11
netgulagu,ru,2,False,channel,ru,ru,0.994,207,148,145,0,62089,119647,17
netkan,ru,2,False,channel,ru,ru,1.0,21,21,18,5,153,234,7
netochnonews,ru,2,False,channel,ru,ru,1.0,47,26,26,8,3756,16604,10
netpost,ru,2,False,channel,ru,ru,0.992,26,22,20,1,1432,2821,14
netudasmm,ru,2,False,channel,ru,ru,0.974,90,86,77,12,14827,41350,12
neuchiuchi,ru,2,False,channel,ru,ru,1.0,8,8,8,0,16274,7474,10
neuralpic,ru,2,False,channel,ru,ru,0.971,323,122,116,7,2044,1523,11
neuralwork,ru,2,False,channel,ru,ru,1.0,107,16,15,2,408,555,21
nevabaikal,ru,2,False,channel,ru,ru,0.997,263,256,255,3,79,378,6
nevangano,ru,2,False,channel,ru,ru,0.997,901,839,828,182,163,823,7
nevelskoi,ru,2,False,channel,ru,ru,1.0,615,520,500,414,40,433,1
neverk_adm,ru,2,False,empty,unknown,unknown,0.0,0,0,0,0,,122,
neverov1,ru,2,False,channel,ru,ru,1.0,51,48,48,7,1047,2910,6
nevlastny,ru,2,False,channel,ru,ru,1.0,113,99,99,7,29564,33478,11
nevminkult,ru,2,False,channel,ru,ru,1.0,111,96,96,25,4196,11140,7
nevolf,ru,2,False,channel,ru,ru,1.0,952,634,634,178,2767,23338,18
nevs_nevs,ru,2,False,empty,unknown,unknown,0.0,0,0,0,0,,5,
new4techno,ru,2,False,channel,ru,ru,0.996,37,37,37,0,1179,2913,7
new_lugansk,ru,2,False,empty,unknown,unknown,0.0,0,0,0,0,,10,
new_totalis,ru,2,False,channel,ru,ru,0.988,1301,1061,946,883,301,2176,9
newbur_true,ru,2,False,channel,ru,ru,1.0,1117,929,909,627,2665,11249,1
newenergyvehicle,ru,2,False,channel,ru,ru,1.0,65,62,62,9,401,1331,7
newfbk,ru,2,False,channel,ru,ru,1.0,4,4,4,0,88841,1626,5
newgosplan,ru,2,False,channel,ru,ru,1.0,49,49,48,5,2311,4019,12
newinmoscow,ru,2,False,channel,ru,ru,1.0,74,15,15,0,11780,19515,8
newizvestya,ru,2,False,channel,ru,ru,1.0,325,278,274,36,7172,20395,7
newjobisrael,ru,2,False,channel,ru,ru,1.0,44,41,37,6,4313,15622,10
newkal,ru,2,False,empty,unknown,unknown,0.0,0,0,0,0,,102,
newkaxovka,ru,2,False,empty,unknown,unknown,0.0,0,0,0,0,,1191,
newkhakasiya,ru,2,False,channel,ru,ru,0.997,163,154,154,1,595,746,6
newkobzar,ru,2,False,empty,unknown,unknown,0.0,0,0,0,0,,5,
newmartyrs,ru,2,False,channel,ru,ru,1.0,94,94,94,0,396,2559,12
newnao83,ru,2,False,channel,ru,ru,1.0,14,10,9,5,647,345,13
newonce,ru,2,False,empty,unknown,unknown,0.0,0,0,0,0,,,
news116ru,ru,2,False,channel,ru,ru,1.0,94,41,41,0,765,3815,9
news161ru,ru,2,False,channel,ru,ru,1.0,835,495,479,28,20635,215267,14
news247h,ru,2,False,empty,unknown,unknown,0.0,0,0,0,0,,19,
news24kg,ru,2,False,channel,ru,ru,1.0,360,332,331,0,3362,27556,8
news24topic,ru,2,False,channel,ru,ru,1.0,237,202,202,102,1295,20136,16
news59ru,ru,2,False,channel,ru,ru,1.0,1635,1214,1190,71,4220,49585,12
news63ru,ru,2,False,channel,ru,ru,0.991,1330,965,931,30,7712,59314,10
news76,ru,2,False,channel,ru,ru,1.0,531,498,490,1,6066,44050,4
news_07,ru,2,False,channel,ru,ru,0.989,690,489,467,364,3373,17910,13
news_68,ru,2,False,channel,ru,ru,1.0,84,79,79,79,3372,391,6
news_72ru,ru,2,False,channel,ru,ru,0.994,1260,1067,1051,82,9675,98233,12
news_74ru,ru,2,False,channel,ru,ru,1.0,885,632,627,19,14190,170862,4
news_86ru,ru,2,False,channel,ru,ru,1.0,23,22,22,0,558,2531,10
news_93_ru,ru,2,False,channel,ru,ru,1.0,268,206,204,7,1717,27738,12
news_astrakhantoday,ru,2,False,channel,ru,ru,1.0,114,114,114,0,1151,2929,6
news_aurora,ru,2,False,channel,ru,ru,1.0,615,365,364,0,7960,47704,12
news_ingushetii1,ru,2,False,channel,ru,ru,1.0,1953,1503,994,55,831,9958,16
news_kremlin,ru,2,False,channel,ru,ru,1.0,95,83,65,1,79070,284505,10
news_mrg,ru,2,False,channel,ru,ru,0.997,125,83,80,11,8867,54307,13
news_mvddnr,ru,2,False,channel,ru,ru,1.0,38,38,25,4,8214,17476,5
news_polit,ru,2,False,channel,ru,ru,1.0,62,62,62,0,12,18,18
news_polytica,ru,2,False,empty,unknown,unknown,0.0,0,0,0,0,,4,
news_sirena,ru,2,False,channel,ru,ru,1.0,992,672,671,0,40688,110780,13
news_tgl,ru,2,False,empty,unknown,unknown,0.0,0,0,0,0,,21,
news_ugra,ru,2,False,channel,ru,ru,1.0,467,291,283,3,438,4331,11
newsalch,ru,2,False,empty,unknown,unknown,0.0,0,0,0,0,,160,
newsavdeevka,ru,2,False,empty,unknown,unknown,0.0,0,0,0,0,,,
newsbryanskru,ru,2,False,channel,ru,ru,1.0,1046,1046,1046,9,1963,7489,6
newschelyaba,ru,2,False,channel,ru,ru,1.0,417,241,232,71,1061,40250,6
newskirov,ru,2,False,channel,ru,ru,1.0,897,897,897,0,587,3802,10
newskorolev,ru,2,False,channel,ru,ru,1.0,239,85,83,64,612,2567,12
newslipetskru,ru,2,False,channel,ru,ru,1.0,699,699,697,9,663,3423,9
newsnn,ru,2,False,channel,ru,ru,1.0,360,265,251,19,3599,19766,9
newsnnt,ru,2,False,channel,ru,ru,1.0,204,189,187,54,1434,20086,17
newsnurkz,ru,2,False,channel,ru,ru,1.0,568,503,498,28,19755,73285,4
newsofyakutia,ru,2,False,empty,unknown,unknown,0.0,0,0,0,0,,1771,
newsorel,ru,2,False,channel,ru,ru,1.0,957,957,946,9,2709,14792,9
newspdm,ru,2,False,channel,ru,ru,1.0,639,406,388,65,1583,7060,7
newsprav_da,ru,2,False,channel,ru,ru,1.0,586,377,377,0,59967,210190,15
newsproufu,ru,2,False,empty,unknown,unknown,0.0,0,0,0,0,,3,
newsrucontentfeed,ru,2,False,channel,ru,ru,0.989,6324,6324,6324,0,3,28,10
newsruisrael,ru,2,False,channel,ru,ru,1.0,1008,1008,1008,0,5941,57208,6
newstula,ru,2,False,channel,ru,ru,1.0,1237,1237,1235,9,2893,19229,10
newsuglegorsk,ru,2,False,channel,ru,ru,1.0,530,256,244,11,1500,7653,21
newsv1,ru,2,False,channel,ru,ru,1.0,910,740,726,78,18136,133192,10
newsvladivostok,ru,2,False,group,ru,ru,1.0,4,4,3,0,,1548,5
newsvlru,ru,2,False,channel,ru,ru,1.0,1095,749,747,0,14198,86739,6
newsvo_ru,ru,2,False,channel,ru,ru,1.0,19,12,12,14,190,166,21
newsvorkuta,ru,2,False,channel,ru,ru,1.0,282,184,151,5,736,6085,13
newsweek41,ru,2,False,channel,bg,bg,1.0,49,49,49,0,110,234,21
newteam_a,ru,2,False,channel,ru,ru,1.0,100,37,37,50,1817,10386,7
nezlamnistbot,ru,2,False,empty,unknown,unknown,0.0,0,0,0,0,,,
nf_lnr,ru,2,False,channel,ru,ru,1.0,155,88,86,14,1515,2612,12
nfsmionline,ru,2,False,channel,ru,ru,0.997,544,403,397,0,1579,,8
ng_baltic,ru,2,False,channel,ru,ru,1.0,148,140,140,0,276,1344,8
nghmuseum,ru,2,False,channel,ru,ru,1.0,166,98,70,7,212,2047,8
ngnewsgeorgia,ru,2,False,channel,ru,ru,0.997,358,303,301,13,3522,24978,8
ngs24_krsk,ru,2,False,channel,ru,ru,1.0,629,543,539,11,13446,63128,10
ngs55news,ru,2,False,channel,ru,ru,1.0,748,664,649,4,1667,12373,5
ngs_news,ru,2,False,channel,ru,ru,0.997,2253,1762,1697,64,11671,112667,4
nia_baikal,ru,2,False,channel,ru,ru,0.994,250,185,184,43,548,1279,5
nia_polar,ru,2,False,channel,ru,ru,1.0,38,26,25,9,105,409,10
niakavkaz,ru,2,False,channel,ru,ru,1.0,140,124,124,31,29,319,9
niasamr,ru,2,False,channel,ru,ru,1.0,920,920,920,0,20,181,10
nickita_lyakhovetskiy,ru,2,False,channel,ru,ru,0.997,145,139,130,32,1441,8367,10
nickvaluev,ru,2,False,channel,ru,ru,1.0,361,286,272,273,3182,30409,12
nicupopescu,ru,2,False,channel,ro,ro,1.0,103,44,44,8,272,685,15
nik27_ru,ru,2,False,channel,ru,ru,1.0,220,191,188,41,140,363,11
nikas_safronov,ru,2,False,channel,unknown,unknown,0.0,1,1,1,0,5694,3002,2
nikatvkaluga,ru,2,False,channel,ru,ru,1.0,302,253,251,8,1059,20649,8
nikishov17,ru,2,False,channel,ru,ru,1.0,20,17,15,3,3076,4183,10
nikita_mikhalkov,ru,2,False,channel,ru,ru,1.0,34,34,34,0,23178,14946,12
nikita_naryzhnyj,ru,2,False,empty,unknown,unknown,0.0,0,0,0,0,,6,
nikitabsg,ru,2,False,channel,ru,ru,0.996,46,42,41,0,221180,394548,7
nikitin73,ru,2,False,channel,ru,ru,0.997,292,222,209,240,49,308,18
nikitinnov,ru,2,False,empty,unknown,unknown,0.0,0,0,0,0,,10,
nikolaiknive,ru,2,False,channel,unknown,unknown,0.0,2,2,1,0,19,1,10
nikolaiknives,ru,2,False,empty,unknown,unknown,0.0,0,0,0,0,,,
nikolay_sevastyanov,ru,2,False,channel,ru,ru,1.0,12,12,11,2,1302,1181,9
nikolayazarov,ru,2,False,channel,ru,ru,1.0,328,260,255,72,4512,5697,7
nikolaynovichkoff,ru,2,False,channel,ru,ru,1.0,143,125,125,91,179,4257,9
nikolayrastorguev,ru,2,False,channel,unknown,unknown,0.0,3,2,1,0,20021,5337,22
nikolskiy_poetry,ru,2,False,channel,ru,ru,1.0,36,31,31,7,468,528,19
nikonovlive,ru,2,False,channel,ru,ru,0.989,87,87,85,25,1182,2115,23
nikysharp,ru,2,False,channel,ru,ru,0.984,309,308,251,33,824,1612,19
ninaostanina,ru,2,False,channel,ru,ru,1.0,155,105,99,27,97767,58098,15
ninavaccina,ru,2,False,channel,ru,ru,1.0,23,17,16,2,48597,89406,21
ninesixteen,ru,2,False,channel,ru,ru,1.0,46,29,21,0,12438,13904,12
ninjac_z,ru,2,False,channel,ru,ru,1.0,2,2,2,0,1773,23,11
nishagunazadrussia,ru,2,False,channel,ru,ru,1.0,204,181,177,191,134,711,8
nizgoraev2,ru,2,False,channel,ru,ru,1.0,48,48,47,7,1529,3910,6
nizhnov,ru,2,False,channel,ru,ru,1.0,18,16,16,0,725,909,9
nizhny01_sendnews_bot,ru,2,False,empty,unknown,unknown,0.0,0,0,0,0,,,
nkahovka74900,ru,2,False,empty,unknown,unknown,0.0,0,0,0,0,,,
nkpravda,ru,2,False,channel,ru,ru,0.994,1600,1158,1122,774,1802,4379,11
nlevshitstelegram,ru,2,False,channel,ru,ru,1.0,382,239,239,9,39407,115624,16
nmitrokhinpublictalk,ru,2,False,channel,ru,ru,1.0,148,146,145,0,4756,8528,23
nn_grad,ru,2,False,channel,ru,ru,1.0,211,92,87,120,99,747,13
nn_obl,ru,2,False,channel,ru,ru,1.0,368,257,257,8,12320,62124,7
nn_philharmonic,ru,2,False,channel,ru,ru,1.0,74,34,33,11,294,1394,7
nn_ru,ru,2,False,channel,ru,ru,1.0,550,442,430,22,8452,55283,7
nn_volley,ru,2,False,channel,ru,ru,0.997,92,67,67,5,333,3996,7
nn_yarmarka,ru,2,False,channel,ru,ru,1.0,185,89,73,14,2196,12689,14
nn_yarmarka_zhelaniy_bot,ru,2,False,empty,unknown,unknown,0.0,0,0,0,0,,,
nnafisha,ru,2,False,channel,ru,ru,0.994,84,61,60,6,4661,22768,14
nngiper,ru,2,False,channel,ru,ru,1.0,88,72,72,34,3879,49719,9
nnprom,ru,2,False,channel,ru,ru,1.0,211,202,202,18,930,3415,9
no_spin_zone,ru,2,False,channel,ru,ru,1.0,24,24,23,4,1928,2365,6
nocommentsrussia1703,ru,2,False,channel,ru,ru,0.997,636,322,322,0,2175,10342,18
nocrime,ru,2,False,channel,ru,ru,1.0,102,100,97,3,6481,20897,14
nodacommunity,ru,2,False,channel,ru,ru,1.0,11,8,8,0,1796,2192,9
noganaroda,ru,2,False,channel,ru,ru,1.0,8,8,8,3,1841,732,12
noi_md,ru,2,False,channel,ru,ru,1.0,790,772,772,24,1029,6896,15
nologica,ru,2,False,channel,ru,ru,1.0,19,19,15,4,11980,8143,6
nonnalavrik,ru,2,False,channel,ru,ru,1.0,11,8,8,4,900,776,19
nontypical,ru,2,False,channel,ru,ru,0.997,832,289,288,315,11301,29777,14
noodleremoverplus,ru,2,False,channel,ru,ru,0.997,106,105,103,13,6737,8110,14
noone_russia,ru,2,False,channel,ru,ru,0.99,197,46,41,0,5551,20520,6
noratadzhamyan,ru,2,False,channel,ru,ru,1.0,3,3,3,2,96,33,12
nordcat,ru,2,False,channel,ru,ru,0.991,488,379,375,432,2249,2124,7
nordfish,ru,2,False,channel,ru,ru,1.0,68,61,61,47,479,442,7
nordstar_airlines,ru,2,False,channel,ru,ru,1.0,68,36,35,0,3036,19133,8
norgerussisk,ru,2,False,channel,ru,ru,1.0,276,262,260,1,498,4988,9
normalno_delay,ru,2,False,channel,ru,ru,1.0,74,42,42,61,3557,7124,13
normanochka,ru,2,False,channel,ru,ru,0.984,94,48,46,2,324,1771,12
nornickel_official,ru,2,False,channel,ru,ru,1.0,22,15,15,9,7614,14295,8
northecon,ru,2,False,channel,ru,ru,0.997,92,77,77,44,50,202,7
northern_affairs,ru,2,False,channel,ru,ru,1.0,2,2,2,1,344,561,13
northern_friend,ru,2,False,empty,unknown,unknown,0.0,0,0,0,0,,58,
northkomi,ru,2,False,empty,unknown,unknown,0.0,0,0,0,0,,1117,
northkoreadaily,ru,2,False,channel,ru,ru,1.0,56,36,33,0,4136,8614,8
northm,ru,2,False,channel,ru,ru,0.971,10,10,10,0,2905,1212,7
northmea,ru,2,False,empty,unknown,unknown,0.0,0,0,0,0,,,
northmeasurement,ru,2,False,channel,ru,ru,1.0,111,92,92,89,341,767,6
northmmurman,ru,2,False,channel,ru,ru,1.0,389,300,296,371,1128,1470,6
northmpomor,ru,2,False,channel,ru,ru,1.0,58,44,44,37,43,400,7
northtourizm,ru,2,False,channel,ru,ru,0.995,107,74,74,76,69,430,14
northvol,ru,2,False,channel,ru,ru,1.0,218,201,201,184,1167,3771,7
noshiyes,ru,2,False,channel,ru,ru,1.0,66,57,56,45,413,479,7
nosilki,ru,2,False,channel,ru,ru,0.994,1920,947,946,162,1362,11094,5
noski_dlya_fronta3,ru,2,False,channel,ru,ru,0.997,780,421,404,656,11,20,14
nosovichchannel,ru,2,False,channel,ru,ru,1.0,55,51,51,11,4068,7567,19
nostrad,ru,2,False,empty,unknown,unknown,0.0,0,0,0,0,,628,
notbnk,ru,2,False,channel,ru,ru,0.994,210,195,194,35,1279,5982,13
notdead34,ru,2,False,channel,ru,ru,0.991,763,631,614,359,241,2113,8
notes_from_a_bottle,ru,2,False,channel,ru,ru,0.994,53,53,52,0,9399,15920,6
notesiberia,ru,2,False,channel,ru,ru,0.994,622,618,78,133,575,7068,3
nothing_book_tg,ru,2,False,empty,unknown,unknown,0.0,0,0,0,0,,201,
notmythought,ru,2,False,channel,ru,ru,1.0,5,5,5,1,5368,6588,9
nottourists,ru,2,False,channel,ru,ru,1.0,199,176,174,1,6886,19119,7
notypicmarketing,ru,2,False,channel,ru,ru,0.978,209,143,143,16,18465,362516,11
nourlnews,ru,2,False,channel,ru,ru,1.0,524,406,406,48,9103,60407,10
nova24uz,ru,2,False,channel,ru,ru,1.0,698,695,695,1,23262,34456,14
novajaziamla_bot,ru,2,False,empty,unknown,unknown,0.0,0,0,0,0,,,
novasiberia,ru,2,False,channel,ru,ru,1.0,62,54,54,2,8389,9904,3
novaya_europe,ru,2,False,channel,ru,ru,1.0,1284,1130,1130,34,28985,116051,14
novdal,ru,2,False,channel,ru,ru,0.996,90,78,71,46,801,1877,22
novgorodgreat,ru,2,False,channel,ru,ru,1.0,144,131,130,114,452,610,6
novgorodru,ru,2,False,channel,ru,ru,1.0,104,104,104,0,668,1370,13
novikov_school,ru,2,False,empty,unknown,unknown,0.0,0,0,0,0,,11,
noviop,ru,2,False,channel,ru,ru,0.994,409,373,264,84,1063,6365,8
noviopsandthes,ru,2,False,channel,ru,ru,0.99,486,446,261,281,335,735,20
novisadaily,ru,2,False,channel,ru,ru,1.0,126,51,49,1,3023,17009,8
novnew,ru,2,False,empty,unknown,unknown,0.0,0,0,0,0,,9,
novoedelo,ru,2,False,channel,ru,ru,1.0,668,594,585,282,1775,14726,7
novoiz3_bot,ru,2,False,empty,unknown,unknown,0.0,0,0,0,0,,,
novokuznetsklife,ru,2,False,channel,ru,ru,0.997,526,461,446,170,2010,18471,7
novorab_official,ru,2,False,channel,ru,ru,1.0,910,402,376,11,474,12566,8
novorosinform,ru,2,False,channel,ru,ru,1.0,1415,1328,1323,11,718,3304,10
novorossiyainfo,ru,2,False,channel,ru,ru,1.0,611,592,557,32,821,1575,9
novosib_24,ru,2,False,channel,ru,ru,0.997,545,441,431,249,39,331,11
novosti_barnaul,ru,2,False,empty,unknown,unknown,0.0,0,0,0,0,,19086,
novosti_bash,ru,2,False,empty,unknown,unknown,0.0,0,0,0,0,,15360,
novosti_chelyab,ru,2,False,empty,unknown,unknown,0.0,0,0,0,0,,25708,
novosti_telega,ru,2,False,channel,ru,ru,1.0,1642,1475,1455,57,2454,9782,20
novostialtya,ru,2,False,channel,ru,ru,0.991,442,342,325,154,78,3809,10
novostieao,ru,2,False,channel,ru,ru,1.0,230,154,154,103,2133,8338,1
novostifrontukraina,ru,2,False,channel,ru,ru,1.0,39,22,22,5,2932,1432,20
novostisek,ru,2,False,channel,ru,ru,1.0,8,8,8,0,1662,3079,9
novostisochi,ru,2,False,channel,ru,ru,1.0,320,320,319,0,3855,20574,12
novostiszfo,ru,2,False,channel,ru,ru,1.0,101,91,89,82,3510,1349,7
novostivlg,ru,2,False,channel,ru,ru,1.0,389,349,347,4,4780,26679,14
novostyan,ru,2,False,channel,ru,ru,0.991,147,133,131,77,145,571,10
novosvetlana,ru,2,False,empty,unknown,unknown,0.0,0,0,0,0,,,
novozhilova_kv,ru,2,False,channel,ru,ru,1.0,25,7,7,9,215,198,8
novsevlisrub,ru,2,False,channel,ru,ru,1.0,637,429,427,18,2343,19111,11
novynylive,ru,2,False,channel,uk,uk,1.0,3944,2919,2849,37,2055,70096,13
now_kharkov,ru,2,False,channel,uk,ru,1.0,2119,1201,1199,61,12140,35656,11
now_kirillovka,ru,2,False,empty,unknown,unknown,0.0,0,0,0,0,,391,
now_odessa,ru,2,False,channel,ru,ru,1.0,953,736,736,46,16043,33059,12
nowmag,ru,2,False,channel,ru,ru,1.0,68,67,67,0,2380,8031,14
nozhi_i_podarki,ru,2,False,channel,ru,ru,1.0,1,1,1,0,293,24,9
nozhi_kizlyara1,ru,2,False,empty,unknown,unknown,0.0,0,0,0,0,,492,
nozhikizlyara,ru,2,False,empty,unknown,unknown,0.0,0,0,0,0,,,
np_inform,ru,2,False,channel,ru,ru,1.0,248,205,205,104,240,2946,6
np_taganay,ru,2,False,channel,ru,ru,0.991,48,19,19,10,1265,4097,3
npa_biz,ru,2,False,empty,unknown,unknown,0.0,0,0,0,0,,618,
nplusone,ru,2,False,channel,ru,ru,1.0,196,163,160,0,10028,63003,5
npodgornov,ru,2,False,empty,unknown,unknown,0.0,0,0,0,0,,13227,
nr_novosti,ru,2,False,channel,ru,ru,0.988,529,400,360,139,493,3911,4
nrg_monitor,ru,2,False,channel,ru,ru,1.0,79,71,71,9,3373,13930,12
nrkomi,ru,2,False,channel,ru,ru,1.0,15,15,14,0,1644,2292,15
nsdvh,ru,2,False,empty,unknown,unknown,0.0,0,0,0,0,,353,
nskculturka,ru,2,False,channel,ru,ru,0.986,47,37,35,3,1297,1423,3
nskkp,ru,2,False,channel,ru,ru,1.0,793,643,611,24,703,10727,4
nsnfm,ru,2,False,channel,ru,ru,1.0,1183,1034,1025,74,4251,23274,7
nstarikov_video,ru,2,False,channel,ru,ru,1.0,48,48,48,1,2186,5572,16
ntrk21nactv,ru,2,False,channel,ru,ru,0.997,117,88,87,11,233,8035,12
nts_infobot,ru,2,False,empty,unknown,unknown,0.0,0,0,0,0,,,
nts_novosti,ru,2,False,channel,ru,ru,1.0,94,86,80,1,1636,5547,10
ntvh1,ru,2,False,channel,ru,ru,0.997,300,207,205,23,3166,13262,15
nuclear_stormbringer,ru,2,False,empty,unknown,unknown,0.0,0,0,0,0,,70,
nuestraamerica,ru,2,False,channel,es,es,0.999,447,438,437,162,533,13157,2
nuhachrus,ru,2,False,empty,unknown,unknown,0.0,0,0,0,0,,87,
nur_kz_7,ru,2,False,channel,ru,ru,0.983,53,52,51,19,1504,2876,11
nursolovej,ru,2,False,channel,ru,ru,1.0,660,660,660,5,2,499,12
nvnpp_official,ru,2,False,channel,ru,ru,1.0,53,15,15,0,472,1943,6
nvp_03_tife,ru,2,False,channel,ru,ru,1.0,123,39,36,4,544,1051,12
nvp_18,ru,2,False,channel,ru,ru,1.0,10,10,10,3,1671,951,6
nvp_73,ru,2,False,channel,ru,ru,0.987,54,40,38,22,8552,26789,9
nvp_92,ru,2,False,channel,ru,ru,1.0,113,73,72,6,612,792,18
nvp_rokot_simferopol,ru,2,False,empty,unknown,unknown,0.0,0,0,0,0,,519,
nvprb,ru,2,False,empty,unknown,unknown,0.0,0,0,0,0,,7,
nvprokotakhimki,ru,2,False,channel,ru,ru,1.0,15,11,9,0,1260,749,8
nvreport,ru,2,False,channel,ru,ru,0.994,3189,2524,2437,2991,131,1263,9
nvrsk_road,ru,2,False,channel,ru,ru,1.0,590,430,416,102,7049,48786,11
nvua_official,ru,2,False,channel,uk,uk,1.0,2159,1663,1656,48,13938,48453,12
nwsruvideo,ru,2,False,channel,unknown,unknown,0.0,9,9,0,0,373,2268,12
nyannews,ru,2,False,empty,unknown,unknown,0.0,0,0,0,0,,6092,
nyuranberg,ru,2,False,channel,ru,ru,1.0,115,113,108,7,2572,3576,10
nznp_lnr,ru,2,False,channel,ru,ru,1.0,277,161,156,177,2052,3714,9
nzzhit,ru,2,False,channel,ru,ru,1.0,22,16,16,12,813,1282,8
o14rf,ru,2,False,channel,ru,ru,1.0,183,142,124,2,1740,2777,5
o54rf,ru,2,False,channel,ru,ru,1.0,121,26,25,3,1343,1374,2
o_lerchia,ru,2,False,channel,ru,ru,1.0,9,9,9,0,699,262,4
o_tarasova,ru,2,False,empty,unknown,unknown,0.0,0,0,0,0,,,
o_zanko,ru,2,False,channel,ru,ru,0.997,99,70,66,4,1363,7180,7
oabch,ru,2,False,channel,ru,ru,1.0,82,65,64,29,25322,271559,15
ob_community,ru,2,False,channel,ru,ru,1.0,13,13,13,2,3191,8006,8
ob_nal,ru,2,False,channel,ru,ru,1.0,21,21,20,0,29071,32913,7
ob_pravosvoboda,ru,2,False,channel,ru,ru,1.0,45,36,36,29,129,745,15
oblasovalexanderactor,ru,2,False,empty,unknown,unknown,0.0,0,0,0,0,,111,
obratnayazv_bot,ru,2,False,empty,unknown,unknown,0.0,0,0,0,0,,,
obrazovanie_vl,ru,2,False,channel,ru,ru,1.0,86,47,45,34,2771,7995,9
obrech,ru,2,False,channel,ru,ru,1.0,74,66,64,23,10869,14232,9
obrpk,ru,2,False,channel,ru,ru,1.0,33,33,33,0,5242,26179,6
obstanovkalnr,ru,2,False,channel,ru,ru,0.996,1655,1115,1111,14,20837,100389,12
obstanovkalydivkurse,ru,2,False,channel,ru,ru,1.0,1181,962,934,250,649,1054,12
obsyjdaemo,ru,2,False,empty,unknown,unknown,0.0,0,0,0,0,,5,
obuchenie_pro,ru,2,False,empty,unknown,unknown,0.0,0,0,0,0,,1584,
obuhovpro,ru,2,False,channel,ru,ru,1.0,49,39,39,2,1463,5659,15
obyasnayemrf,ru,2,False,channel,ru,ru,1.0,506,251,241,1,48288,289370,6
obzormestnosti,ru,2,False,channel,ru,ru,1.0,12,12,10,6,374,139,8
oc_xo,ru,2,False,channel,ru,ru,1.0,41,37,35,21,172,319,11
ochelyabinsk,ru,2,False,channel,ru,ru,1.0,12,11,11,0,988,9528,12
ochkarik_tsk,ru,2,False,channel,ru,ru,1.0,59,59,59,5,3997,22276,14
octagon_crimea,ru,2,False,empty,unknown,unknown,0.0,0,0,0,0,,4,
octagon_szfo,ru,2,False,channel,ru,ru,1.0,258,240,240,89,363,728,11
octagon_ural,ru,2,False,channel,ru,ru,1.0,98,72,71,26,418,888,14
octagon_vostok,ru,2,False,channel,ru,ru,1.0,185,167,167,71,435,953,4
odessa_za_bot,ru,2,False,empty,unknown,unknown,0.0,0,0,0,0,,,
odessahumor,ru,2,False,channel,ru,ru,1.0,184,184,176,1,12087,25759,12
odessarussi,ru,2,False,channel,ru,ru,0.994,6748,5563,5523,335,2082,22992,12
odi_city,ru,2,False,channel,ru,ru,1.0,297,174,172,0,15032,94333,15
odinobl,ru,2,False,channel,ru,ru,1.0,1614,1154,1149,350,647,6251,11
odintov_md,ru,2,False,channel,ru,ru,1.0,18,16,16,15,164,232,11
odkb_csto,ru,2,False,channel,ru,ru,1.0,27,16,15,0,2193,4359,11
odnajdi_v_odesse,ru,2,False,empty,unknown,unknown,0.0,0,0,0,0,,81,
odnostalco,ru,2,False,channel,ru,ru,1.0,552,512,489,459,335,1034,11
oembox,ru,2,False,channel,ru,ru,0.984,63,30,30,4,2053,17356,18
ofbulgaria,ru,2,False,channel,bg,bg,1.0,20,15,14,6,244,372,13
off_shores,ru,2,False,channel,ru,ru,1.0,5,5,5,0,23554,12441,1
official2517,ru,2,False,channel,ru,ru,1.0,14,11,8,0,18748,24977,10
official_atypical,ru,2,False,channel,ru,ru,1.0,323,281,279,32,33667,227861,10
official_bua,ru,2,False,channel,ru,ru,1.0,231,110,101,136,502,1603,16
official_iviru,ru,2,False,channel,ru,ru,1.0,151,55,42,0,8473,59306,12
official_sbermarket,ru,2,False,empty,unknown,unknown,0.0,0,0,0,0,,2112,
officialmordovia,ru,2,False,channel,ru,ru,1.0,316,174,158,17,1925,12479,11
officialrezapahlavi,ru,2,False,channel,fa,fa,0.957,14,14,14,2,303742,343118,18
officialsochi,ru,2,False,channel,ru,ru,1.0,964,254,253,51,2065,20579,7
offshore_news_vl,ru,2,False,channel,ru,ru,1.0,5,4,4,2,1177,836,5
ofnews,ru,2,False,channel,ru,ru,0.994,474,254,251,14,24974,84831,17
ogazeta,ru,2,False,empty,unknown,unknown,0.0,0,0,0,0,,2,
ogloblina_selo,ru,2,False,channel,ru,ru,1.0,62,33,29,16,587,2586,14
ogneva_galina_alushta,ru,2,False,channel,ru,ru,1.0,136,66,49,1,357,2925,17
ognikubani,ru,2,False,channel,ru,ru,1.0,529,302,285,73,642,4402,7
ogorod42,ru,2,False,channel,ru,ru,0.997,176,140,135,45,5508,16309,7
ohklyo,ru,2,False,channel,ru,ru,1.0,57,21,20,0,2022,1517,10
ohlobistin,ru,2,False,channel,ru,ru,1.0,3,3,3,0,101348,70280,9
ohotniy,ru,2,False,channel,ru,ru,1.0,174,162,162,29,570,4562,6
ohotskie,ru,2,False,channel,ru,ru,1.0,78,74,74,22,1649,1615,23
ohuenko,ru,2,False,channel,da,da,0.819,2,2,1,0,14905,372096,12
oil_capital,ru,2,False,channel,ru,ru,1.0,402,401,401,39,2223,21557,10
oilgasofficial1,ru,2,False,channel,ru,ru,1.0,120,118,115,0,8110,26919,3
oiveynews,ru,2,False,channel,ru,ru,0.997,86,79,76,12,5882,18395,14
okkomovies,ru,2,False,channel,ru,ru,0.997,424,140,103,0,7705,107594,12
okna15,ru,2,False,channel,ru,ru,1.0,37,33,33,19,11776,21302,11
okna_don,ru,2,False,empty,unknown,unknown,0.0,0,0,0,0,,,
oko_chtivo,ru,2,False,channel,ru,ru,1.0,13,13,10,3,2607,1601,18
oko_oki,ru,2,False,channel,ru,ru,1.0,82,82,82,26,1658,1522,13
oko_reports,ru,2,False,channel,ru,ru,0.957,74,20,16,5,288,18,18
okolo_baikala,ru,2,False,channel,ru,ru,0.997,505,431,426,216,200,913,15
okolobaikala,ru,2,False,channel,ru,ru,1.0,223,169,164,100,1251,3708,6
okolokremlya,ru,2,False,channel,unknown,ru,0.0,2,2,2,2,2439,4248,7
okolopovestka,ru,2,False,channel,ru,ru,0.997,159,159,159,1,323,671,6
okopsvechaomsk,ru,2,False,empty,unknown,unknown,0.0,0,0,0,0,,18,
oksana_fadina,ru,2,False,channel,ru,ru,1.0,24,16,16,0,3027,2676,7
oksanad31,ru,2,False,empty,unknown,unknown,0.0,0,0,0,0,,,
oksanamolodykh,ru,2,False,channel,ru,ru,1.0,3,3,3,0,180,207,10
oksanaprometei,ru,2,False,empty,unknown,unknown,0.0,0,0,0,0,,,
oktan_st1,ru,2,False,empty,unknown,unknown,0.0,0,0,0,0,,,
okun_andrew,ru,2,False,channel,ru,ru,1.0,49,46,46,0,16534,20743,1
old_aero,ru,2,False,empty,unknown,unknown,0.0,0,0,0,0,,82,
old_moscow,ru,2,False,channel,ru,ru,0.981,113,110,109,1,42643,134417,13
oldfilip,ru,2,False,channel,ru,ru,0.997,392,251,216,19,5685,12659,4
oldlentach,ru,2,False,channel,ru,ru,0.994,615,497,497,2,110820,265369,12
oleg21101968,ru,2,False,channel,ru,ru,1.0,21,18,16,0,333,274,5
oleg_131,ru,2,False,empty,unknown,unknown,0.0,0,0,0,0,,,
oleg_cryptoinsider_bot,ru,2,False,empty,unknown,unknown,0.0,0,0,0,0,,,
oleg_garin,ru,2,False,channel,ru,ru,1.0,102,47,47,9,258,1143,11
oleg_shelyagov,ru,2,False,channel,ru,ru,1.0,10,7,6,1,8944,1659,5
olegberkovich,ru,2,False,channel,ru,ru,1.0,54,9,9,0,1251,3291,17
olegderipaska,ru,2,False,empty,unknown,unknown,0.0,0,0,0,0,,119550,
olegmorozov0511,ru,2,False,channel,ru,ru,1.0,25,22,21,0,2849,2000,5
olegroy_official,ru,2,False,channel,ru,ru,1.0,537,431,400,337,1108,1354,11
olegsepar,ru,2,False,channel,ru,ru,0.975,4350,3137,3113,180,17461,67889,18
olegzubkov68,ru,2,False,channel,unknown,unknown,0.0,67,67,67,0,3303,26067,17
olehadash_com,ru,2,False,channel,ru,ru,1.0,7,7,6,0,35162,31953,7
olesia_chadina,ru,2,False,empty,unknown,unknown,0.0,0,0,0,0,,,
olesianikolaeva,ru,2,False,channel,ru,ru,1.0,16,16,15,5,1489,1128,11
olesyashigina,ru,2,False,channel,ru,ru,1.0,91,73,72,39,1112,4974,16
olga168168168,ru,2,False,channel,ru,ru,1.0,39,39,38,1,575,2488,8
olga_b_lyubimova,ru,2,False,channel,ru,ru,1.0,130,29,26,6,4705,15538,12
olga_budina,ru,2,False,channel,ru,ru,1.0,269,241,224,118,6777,17540,18
olga_korobova_gd,ru,2,False,channel,ru,ru,1.0,14,7,7,2,286,303,12
olgafavorskaya,ru,2,False,channel,ru,ru,1.0,3,3,3,0,185,1108,9
olgakuzminaofficial,ru,2,False,channel,ru,ru,1.0,8,8,8,3,9861,12820,12
olgamagerramova,ru,2,False,empty,unknown,unknown,0.0,0,0,0,0,,,
olgapodolyan,ru,2,False,channel,ru,ru,1.0,8,8,6,0,2909,657,8
olgapoliticlnr,ru,2,False,channel,ru,ru,1.0,375,278,274,0,159,761,6
olgaseletskaya,ru,2,False,channel,ru,ru,1.0,839,659,652,425,2222,996,14
olim_jobs,ru,2,False,channel,unknown,ru,0.0,2,2,2,2,15579,16921,11
olimhadashim,ru,2,False,group,ru,ru,0.997,31727,31479,31189,57,6719,25576,10
oloolooloolooloolooloolo,ru,2,False,channel,ru,ru,1.0,30,15,6,0,2931,829,11
om1_nsk,ru,2,False,channel,ru,ru,1.0,473,364,352,3,785,28915,8
omanko,ru,2,False,channel,ru,ru,0.985,1106,203,199,27,14418,115122,12
omcsimova,ru,2,False,empty,unknown,unknown,0.0,0,0,0,0,,3031,
omedvedev31,ru,2,False,channel,ru,ru,1.0,28,16,14,0,1901,1359,10
omnitempore,ru,2,False,channel,ru,ru,1.0,81,58,58,45,14808,163733,4
omonby,ru,2,False,channel,ru,ru,1.0,1812,1366,1337,584,2748,6282,15
omsbr7,ru,2,False,channel,ru,ru,1.0,33,32,30,4,1587,956,18
omsknotdead,ru,2,False,channel,ru,ru,1.0,69,69,69,0,3023,30749,6
omskwillnotleave,ru,2,False,channel,ru,ru,1.0,50,38,38,32,1541,1653,8
on_epifanova,ru,2,False,channel,ru,ru,0.995,61,43,42,16,41,201,11
onchetverikova,ru,2,False,channel,ru,ru,1.0,263,260,257,62,8406,31223,22
ondutymd,ru,2,False,channel,ru,ru,1.0,559,477,440,389,236,2120,8
onegaflora,ru,2,False,empty,unknown,unknown,0.0,0,0,0,0,,,
oneminutedrone,ru,2,False,channel,ru,ru,1.0,19,19,19,0,2224,1467,5
onetwotrip,ru,2,False,channel,ru,ru,1.0,98,52,45,0,26264,121232,10
onf47,ru,2,False,channel,ru,ru,1.0,20,10,10,6,50,355,14
onf61,ru,2,False,empty,unknown,unknown,0.0,0,0,0,0,,,
onf_86,ru,2,False,channel,ru,ru,1.0,100,96,50,7,166,588,7
onf_petropavlovskkamchatskiy,ru,2,False,channel,ru,ru,1.0,45,45,19,1,172,644,1
oninashi,ru,2,False,channel,ru,ru,0.997,209,85,81,17,324,659,6
online47news,ru,2,False,channel,ru,ru,1.0,827,605,603,112,363,4801,14
onlinedagestan_5,ru,2,False,empty,unknown,unknown,0.0,0,0,0,0,,7,
onlinemedia35,ru,2,False,channel,ru,ru,0.997,887,694,574,11,1036,22531,4
onlinetambovru,ru,2,False,channel,ru,ru,1.0,823,823,823,1,1093,4961,7
oonvpsochi,ru,2,False,channel,ru,ru,1.0,110,76,70,24,347,1020,6
opalennye_vojnoj,ru,2,False,channel,ru,ru,1.0,56,54,52,25,2487,10105,14
opankitut,ru,2,False,channel,ru,ru,1.0,730,166,166,24,1916,10626,17
opdnrinfo,ru,2,False,channel,ru,ru,1.0,470,275,275,213,473,729,7
openaierc,ru,2,False,empty,unknown,unknown,0.0,0,0,0,0,,25524,
openchina,ru,2,False,empty,unknown,unknown,0.0,0,0,0,0,,7378,
opennov,ru,2,False,channel,ru,ru,1.0,300,259,257,3,514,1785,10
openparad,ru,2,False,channel,ru,ru,1.0,388,277,277,48,4380,15374,9
openskyrf,ru,2,False,channel,ru,ru,1.0,3,2,2,0,5995,3504,12
openukrainereserve,ru,2,False,channel,ru,ru,1.0,1,1,1,0,45956,14785,11
opera_nn,ru,2,False,channel,ru,ru,1.0,166,85,48,0,213,3102,11
operativno31,ru,2,False,channel,ru,ru,1.0,113,45,45,67,1170,14735,7
operativnyishtabtyumen,ru,2,False,channel,ru,ru,1.0,385,242,239,19,2138,12469,11
operativperm,ru,2,False,channel,ru,ru,1.0,223,185,185,59,2289,5513,10
operator_mcs,ru,2,False,channel,ru,ru,1.0,10,10,10,0,20244,24322,6
operator_zhorro,ru,2,False,channel,ru,ru,1.0,181,178,177,13,3381,2371,18
operdrain,ru,2,False,channel,ru,ru,1.0,151,136,136,18,24261,124872,6
operkrmua,ru,2,False,channel,unknown,unknown,0.0,1,1,1,0,196,2,15
operlinechat,ru,2,False,group,ru,ru,1.0,27665,27301,26509,1771,42944,2057,19
opernn,ru,2,False,channel,ru,ru,1.0,183,134,133,161,2644,9806,12
operobzor,ru,2,False,channel,ru,ru,1.0,922,767,753,367,12255,95123,11
opershtab23,ru,2,False,channel,ru,ru,1.0,101,72,70,20,3700,51050,8
opershtab_murmansk,ru,2,False,channel,ru,ru,1.0,214,128,127,9,1212,7558,12
opfnh,ru,2,False,channel,ru,ru,1.0,15,9,9,1,209,162,9
ophtalmolog_boris_pershin,ru,2,False,channel,ru,ru,1.0,29,29,29,0,590,2800,8
oplnr,ru,2,False,channel,ru,ru,1.0,368,184,180,175,177,736,8
oplotdvizh,ru,2,False,channel,ru,ru,1.0,587,447,445,218,802,4090,9
opoveshenie,ru,2,False,channel,ru,ru,1.0,2307,1262,1157,1000,2801,13210,7
oprf_official,ru,2,False,channel,ru,ru,1.0,578,282,282,138,562,22045,15
opsb_bot,ru,2,False,empty,unknown,unknown,0.0,0,0,0,0,,,
opsb_rnd,ru,2,False,channel,ru,ru,1.0,261,139,139,220,202,565,20
opsbsu,ru,2,False,channel,ru,ru,1.0,37,15,15,24,3521,1842,11
opsmeddv,ru,2,False,channel,ru,ru,1.0,190,168,156,0,345,3363,7
opyat23,ru,2,False,channel,ru,ru,0.994,244,220,216,121,963,4441,5
orbru,ru,2,False,channel,ru,ru,1.0,2,1,1,0,7035,17132,8
orderofagoodwill,ru,2,False,empty,unknown,unknown,0.0,0,0,0,0,,30,
ordinaryrecords,ru,2,False,channel,ru,ru,0.997,99,99,50,0,804,1027,20
orel_politika,ru,2,False,channel,ru,ru,1.0,20,20,17,13,209,182,6
orel_top24,ru,2,False,channel,ru,ru,1.0,59,47,45,41,525,1159,17
orelpolitics,ru,2,False,channel,ru,ru,1.0,6,6,6,0,838,429,13
orelregion_government,ru,2,False,empty,unknown,unknown,0.0,0,0,0,0,,1677,
oreltimes,ru,2,False,channel,ru,ru,1.0,680,680,680,0,1009,5344,9
oren4oren,ru,2,False,channel,ru,ru,0.997,228,194,194,1,1568,9700,7
oren_news_oren,ru,2,False,channel,ru,ru,1.0,27,24,24,0,3871,2132,12
orenburg_media,ru,2,False,channel,ru,ru,1.0,485,427,423,22,2193,13650,7
orenday_ru,ru,2,False,channel,ru,ru,1.0,624,615,601,54,2708,11650,7
orengorodovoy,ru,2,False,channel,ru,ru,0.997,359,254,248,19,2742,12482,7
orensuslik,ru,2,False,channel,ru,ru,1.0,33,19,18,29,203,135,15
orenwiki,ru,2,False,channel,ru,ru,1.0,226,180,180,164,2364,5309,5
oreshkins,ru,2,False,channel,ru,ru,1.0,341,333,323,49,16898,27297,16
orex62,ru,2,False,channel,ru,ru,0.991,209,199,197,49,33375,52025,10
orfosvinstvo,ru,2,False,channel,ru,ru,0.947,144,129,88,56,3807,13956,11
orgeeva,ru,2,False,channel,ru,ru,1.0,121,60,52,50,596,1634,8
orgkomitet,ru,2,False,channel,ru,ru,1.0,474,432,423,471,50,242,8
orhoresistanse,ru,2,False,channel,ru,ru,0.991,600,565,563,279,376,2718,10
orientalreviewak,ru,2,False,channel,ru,ru,1.0,108,80,71,3,1166,3588,9
orientsouth,ru,2,False,empty,unknown,unknown,0.0,0,0,0,0,,2,
orlitg,ru,2,False,channel,ru,ru,1.0,32,27,27,1,1589,655,8
orlovamur,ru,2,False,channel,ru,ru,1.0,63,46,46,2,17312,21961,2
orlovst,ru,2,False,channel,ru,ru,1.0,140,51,43,96,121,1182,11
orsha_pereobutaya,ru,2,False,channel,ru,ru,0.97,505,318,316,477,256,1114,10
orskdotru,ru,2,False,empty,unknown,unknown,0.0,0,0,0,0,,2673,
orto_doctor,ru,2,False,channel,unknown,unknown,0.0,4,4,0,0,609,517,14
orttv56,ru,2,False,channel,ru,ru,1.0,1069,842,819,91,4873,7412,11
oruzhejnyj_master,ru,2,False,channel,ru,ru,1.0,151,146,139,1,73647,113623,10
os_15_marafon,ru,2,False,channel,ru,ru,1.0,8,8,8,0,683,378,14
osce_rfom,ru,2,False,channel,en,en,1.0,7,7,7,0,89,35,16
oskoln1,ru,2,False,channel,ru,ru,1.0,248,168,168,7,3901,10899,6
osnmedia,ru,2,False,channel,ru,ru,1.0,477,476,470,6,10720,29070,15
ossetiafb,ru,2,False,channel,ru,ru,1.0,485,368,359,358,9566,30519,14
ossnews,ru,2,False,channel,ru,ru,1.0,372,297,297,8,3321,10946,14
ost_casting_bot,ru,2,False,empty,unknown,unknown,0.0,0,0,0,0,,,
ost_ugra,ru,2,False,channel,ru,ru,0.997,344,265,264,4,551,859,11
ostashko_news_bot,ru,2,False,empty,unknown,unknown,0.0,0,0,0,0,,,
ostashkopomogaem,ru,2,False,channel,ru,ru,0.996,83,44,41,28,896,2316,18
ostnews_faktencheck,ru,2,False,channel,de,de,1.0,257,224,224,5,3144,42729,13
ostorozhno_moskva,ru,2,False,channel,ru,ru,1.0,386,229,228,9,84495,385814,16
ostorozhno_novosti,ru,2,False,channel,ru,ru,1.0,497,352,351,47,593048,1598213,12
ostorozhnodeti,ru,2,False,channel,ru,ru,1.0,191,107,96,16,2482,6620,14
ostroumny_patriot,ru,2,False,channel,ru,ru,0.997,213,209,207,34,3388,18280,14
ostrova_65,ru,2,False,channel,ru,ru,0.997,204,167,163,2,155,11504,23
ostrovaoblaka,ru,2,False,channel,ru,ru,1.0,19,12,9,0,106,83,19
osvedomitell,ru,2,False,channel,ru,ru,1.0,8849,7346,7032,1868,2201,6313,7
otdyhrussia,ru,2,False,channel,ru,ru,0.983,345,183,183,42,2180,22002,15
otecgeorgy,ru,2,False,channel,ru,ru,1.0,50,20,20,27,6901,15214,7
otecsvyatoslav,ru,2,False,channel,ru,ru,1.0,206,108,76,199,216,1222,9
othpost_bot,ru,2,False,empty,unknown,unknown,0.0,0,0,0,0,,,
otkachenkokyiv,ru,2,False,channel,uk,uk,1.0,172,77,77,55,780,1555,15
otkidach,ru,2,False,channel,ru,ru,1.0,60,24,23,0,4968,17557,11
otlichno_md,ru,2,False,empty,unknown,unknown,0.0,0,0,0,0,,1180,
otpervogolitsa,ru,2,False,channel,ru,ru,1.0,2132,2060,2059,141,13486,75186,12
otransrb,ru,2,False,empty,unknown,unknown,0.0,0,0,0,0,,13,
otryad_orkov_404,ru,2,False,channel,ru,ru,0.997,200,187,167,40,2096,4653,12
otryady_kadyrova_bot,ru,2,False,empty,unknown,unknown,0.0,0,0,0,0,,,
otsuka_bld,ru,2,False,channel,ru,ru,1.0,321,255,255,8,84091,162211,12
otvprimofficial,ru,2,False,channel,ru,ru,1.0,370,300,293,62,3146,16695,1
otzivspb,ru,2,False,channel,ru,ru,0.994,970,656,613,595,291,673,9
out_filters,ru,2,False,channel,ru,ru,0.994,62,62,58,0,1557,3658,6
ouzs_ru,ru,2,False,channel,ru,ru,0.991,186,161,156,75,10515,73677,16
ovdinfolive,ru,2,False,channel,ru,ru,1.0,731,675,675,16,2711,28009,10
oversized_shirts,ru,2,False,channel,ru,ru,0.989,72,72,71,10,3275,11215,9
ovintso,ru,2,False,channel,ru,ru,1.0,64,47,30,2,11517,28406,16
ovnikolaev,ru,2,False,channel,ru,ru,1.0,51,42,40,31,50,311,6
oxanashinkarenko,ru,2,False,channel,ru,ru,1.0,10,10,7,2,2239,325,6
oxoepzbd5m9jytey,ru,2,False,group,ru,ru,1.0,5627,5473,3994,678,48326,5611,19
oyanovsky,ru,2,False,channel,ru,ru,1.0,4,4,4,1,13005,14967,9
ozmanofficial,ru,2,False,channel,ru,ru,1.0,113,52,50,1,2538,54228,9
ozonfresh,ru,2,False,channel,ru,ru,1.0,38,17,16,0,7757,49559,15
ozvobojdenie,ru,2,False,channel,ru,ru,0.994,427,383,378,216,124,87,13
p_reportage,ru,2,False,channel,ru,ru,0.974,36,18,14,0,253,736,14
pabesedin,ru,2,False,empty,unknown,unknown,0.0,0,0,0,0,,1,
pacalasitindala,ru,2,False,channel,ru,ru,1.0,53,52,52,40,604,1227,8
paddysay,ru,2,False,channel,ru,ru,0.997,992,847,602,91,4098,4147,22
pal_pal,ru,2,False,channel,ru,ru,0.989,127,75,74,66,470,6612,15
palchannel,ru,2,False,channel,ru,ru,1.0,32,31,23,15,84,82,11
panchenkodi,ru,2,False,channel,ru,ru,1.0,31,28,25,0,77784,409144,11
panda_news_panda,ru,2,False,channel,ru,ru,0.997,557,444,437,196,341,2835,15
pandorapmr,ru,2,False,channel,ru,ru,1.0,284,259,254,51,565,2284,4
panikadilo,ru,2,False,channel,ru,ru,0.994,525,306,297,86,2397,15029,13
pankin_ivan,ru,2,False,channel,ru,ru,0.997,64,64,64,5,1468,23689,19
panov_kuzbass,ru,2,False,channel,ru,ru,1.0,110,53,31,0,135,784,10
panteri_panteri,ru,2,False,channel,ru,ru,0.997,352,315,185,115,7535,13698,16
panteripanterishop,ru,2,False,channel,unknown,ru,0.0,2,2,1,1,2145,394,20
pantinvsluh,ru,2,False,channel,ru,ru,1.0,89,85,71,2,533,1282,4
panturknews,ru,2,False,channel,ru,ru,1.0,1631,1529,1448,444,153,1235,13
papa_3dochki,ru,2,False,channel,ru,ru,1.0,55,22,20,0,3092,18555,14
papaha_gorca,ru,2,False,channel,ru,ru,1.0,324,256,250,281,259,1480,13
paperpaper_ru,ru,2,False,channel,ru,ru,1.0,929,694,693,6,17346,89986,16
paradantoz,ru,2,False,empty,unknown,unknown,0.0,0,0,0,0,,3,
paradisaeidaeuav,ru,2,False,channel,ru,ru,1.0,26,13,13,24,259,216,21
paraslov1,ru,2,False,channel,ru,ru,1.0,35,24,22,2,5855,8647,11
parbut,ru,2,False,channel,ru,ru,1.0,97,96,95,13,5687,33547,12
parents_info,ru,2,False,empty,unknown,unknown,0.0,0,0,0,0,,18,
parentslv,ru,2,False,channel,ru,ru,1.0,9,9,8,0,502,1750,19
parentsnews,ru,2,False,channel,ru,ru,1.0,74,74,74,0,87999,106557,8
parfentiev_club,ru,2,False,channel,ru,ru,0.997,254,235,225,39,8714,34144,12
parik_mamaya,ru,2,False,channel,ru,ru,1.0,92,91,74,0,1110,1354,9
parkgalitckogo,ru,2,False,channel,ru,ru,0.997,444,176,166,2,244,18760,6
parkloga,ru,2,False,channel,ru,ru,1.0,171,122,122,0,12567,43659,9
parlament_novosti,ru,2,False,channel,ru,ru,1.0,830,801,798,77,664,11511,9
parlamentlnr,ru,2,False,channel,ru,ru,0.997,193,69,63,0,1637,2699,9
part_time_stalker,ru,2,False,channel,ru,ru,1.0,10,8,8,0,2361,3465,5
partiya_za_semyu,ru,2,False,channel,ru,ru,1.0,25,18,18,9,20575,3084,16
partizanskayapravda,ru,2,False,channel,ru,ru,1.0,1097,902,901,494,406,3756,19
partynewpeople,ru,2,False,channel,ru,ru,1.0,15,12,12,1,16995,83349,15
partyofthedead,ru,2,False,channel,ru,ru,1.0,49,21,18,4,1214,1606,7
pastafleet,ru,2,False,channel,ru,ru,0.991,411,371,254,52,13552,19174,15
patentovan,ru,2,False,channel,ru,ru,1.0,3,3,3,0,16789,1828,9
patriarshie,ru,2,False,channel,ru,ru,0.985,186,147,131,19,7279,26477,17
patricklancasternewstoday,ru,2,False,channel,en,en,1.0,79,46,45,16,28835,41318,13
patriot_prm,ru,2,False,channel,ru,ru,1.0,33,31,29,29,19,36,18
patriotichannel,ru,2,False,channel,ru,ru,0.996,1933,1715,1694,1048,11,238,18
patriotkbr,ru,2,False,channel,ru,ru,1.0,361,313,308,236,6612,33551,9
patriotrso,ru,2,False,channel,ru,ru,1.0,40,28,28,30,994,1232,11
patriotrzn,ru,2,False,channel,ru,ru,1.0,1,1,1,0,14309,1163,21
pauldemidovich,ru,2,False,channel,ru,ru,0.997,169,146,143,18,796,4088,9
pauluskp,ru,2,False,channel,ru,ru,1.0,78,64,64,0,1194,1262,8
pavel_chugunov,ru,2,False,empty,unknown,unknown,0.0,0,0,0,0,,,
pavel_ieno,ru,2,False,channel,ru,ru,1.0,53,17,17,23,258,650,12
pavelpilavov,ru,2,False,channel,ru,ru,1.0,76,33,30,61,500,641,9
pavelvereshagin,ru,2,False,channel,ru,ru,1.0,5,5,5,0,1331,1031,18
pavilion_rus,ru,2,False,channel,ru,ru,0.994,92,75,73,5,1684,2980,11
pavlodarnews,ru,2,False,channel,ru,ru,1.0,121,105,103,1,59,176,6
paymushkin,ru,2,False,channel,ru,ru,1.0,710,373,373,48,4818,1039,9
pbdsu,ru,2,False,channel,ru,ru,1.0,241,218,218,46,4111,11509,12
pbesedin,ru,2,False,empty,unknown,unknown,0.0,0,0,0,0,,64,
pchelanews,ru,2,False,channel,ru,ru,1.0,366,343,342,0,138,1137,4
pchikov,ru,2,False,empty,unknown,unknown,0.0,0,0,0,0,,678,
pchipchi,ru,2,False,empty,unknown,unknown,0.0,0,0,0,0,,,
pdd_for_all,ru,2,False,channel,ru,ru,0.969,268,268,268,0,71167,127463,19
pdsl_krd,ru,2,False,channel,ru,ru,1.0,318,216,216,87,2471,7674,8
pdsl_sochi,ru,2,False,channel,ru,ru,1.0,340,223,223,106,2126,6144,8
pegpoetry,ru,2,False,empty,unknown,unknown,0.0,0,0,0,0,,12374,
peleivrit,ru,2,False,channel,ru,ru,1.0,8,8,8,0,10757,15238,8
pellivert,ru,2,False,channel,ru,ru,1.0,107,88,87,0,2185,42197,15
peltye,ru,2,False,channel,ru,ru,0.986,316,246,244,20,436,712,16
penpenwork,ru,2,False,channel,ru,ru,1.0,168,88,88,16,1514,9329,18
pensiyaukr,ru,2,False,empty,unknown,unknown,0.0,0,0,0,0,,8,
penzaonline1,ru,2,False,channel,ru,ru,1.0,595,506,477,308,279,1185,7
penzina_elena,ru,2,False,channel,ru,ru,0.994,254,243,194,0,3325,4341,13
penzregru,ru,2,False,channel,ru,ru,1.0,333,200,200,81,1210,4191,10
people_aurora,ru,2,False,channel,ru,ru,1.0,168,142,140,0,510,12692,8
pepe_style,ru,2,False,channel,ru,ru,0.986,176,174,18,9,1154,4824,4
pepelclaasa,ru,2,False,channel,ru,ru,0.988,184,172,170,111,498,2208,11
perehvat_03,ru,2,False,channel,ru,ru,1.0,56,50,50,9,1157,985,14
perelmanrestaurants,ru,2,False,channel,ru,ru,1.0,77,47,46,22,1014,4524,14
peremogi,ru,2,False,channel,ru,ru,0.994,1597,1597,1597,0,380,1599,16
perepichka_news,ru,2,False,empty,unknown,unknown,0.0,0,0,0,0,,14,
perepravatv,ru,2,False,channel,ru,ru,0.98,324,296,291,230,443,2027,21
peresmeshnitsas,ru,2,False,channel,ru,ru,1.0,41,31,31,0,9118,21717,15
pereval_alania,ru,2,False,channel,ru,ru,1.0,189,146,143,91,5297,11363,16
pereverzev19,ru,2,False,channel,ru,ru,1.0,263,113,113,1,789,2396,13
perevoskidonetsk,ru,2,False,channel,ru,ru,1.0,50,39,37,0,312,3702,6
periodu,ru,2,False,channel,ru,ru,1.0,67,49,47,26,823,24711,4
perkbenefits,ru,2,False,channel,ru,ru,1.0,22,22,19,0,1163,10217,7
perm01_bot,ru,2,False,empty,unknown,unknown,0.0,0,0,0,0,,,
perm300official,ru,2,False,channel,ru,ru,1.0,247,131,130,8,596,8342,7
perm36,ru,2,False,channel,ru,ru,1.0,200,138,135,2,6703,21248,12
perm_active,ru,2,False,channel,ru,ru,1.0,249,134,134,6,7533,26298,8
permairport,ru,2,False,channel,ru,ru,1.0,3,3,3,0,1486,1445,5
permkp,ru,2,False,channel,ru,ru,0.997,951,853,829,249,566,6343,7
permskiykanal,ru,2,False,channel,ru,ru,1.0,79,79,79,0,5400,39808,13
permyach,ru,2,False,channel,ru,ru,1.0,105,66,66,9,1700,3560,8
persephone_dreams,ru,2,False,empty,unknown,unknown,0.0,0,0,0,0,,49,
persimmoncrimea,ru,2,False,channel,ru,ru,1.0,181,172,171,18,10955,5741,7
peruash,ru,2,False,channel,ru,ru,0.938,230,195,168,69,541,2521,14
pervoeonline,ru,2,False,channel,ru,ru,1.0,377,377,377,1,338,2496,5
pervomayka01,ru,2,False,empty,unknown,unknown,0.0,0,0,0,0,,20,
pervynovostnoy,ru,2,False,channel,ru,ru,1.0,124,96,87,31,8692,21119,8
pes_prizrak,ru,2,False,channel,ru,ru,1.0,6,6,5,1,23900,8665,19
pesni_z_bot,ru,2,False,empty,unknown,unknown,0.0,0,0,0,0,,,
petr_tolstoy,ru,2,False,channel,ru,ru,1.0,19,15,15,0,51356,54144,18
petrenkodonbass,ru,2,False,channel,ru,ru,1.0,205,147,142,187,33,131,15
petrikov,ru,2,False,empty,unknown,unknown,0.0,0,0,0,0,,,
petrkazakov,ru,2,False,channel,ru,ru,1.0,38,35,34,1,4022,4163,13
petrolenspb,ru,2,False,channel,unknown,ru,0.0,3804,2994,2774,3804,84,1623,7
petropolis,ru,2,False,channel,ru,ru,1.0,37,20,20,3,2610,11206,14
petrova_vodkinah,ru,2,False,channel,ru,ru,1.0,740,711,565,1,223,1076,21
petrovtel,ru,2,False,channel,ru,ru,0.997,1265,756,752,5,138371,532343,9
pevtsov_moscow,ru,2,False,channel,ru,ru,1.0,76,61,49,7,5365,9448,12
pezduzalive,ru,2,False,channel,ru,ru,0.983,83,82,82,0,247393,376942,6
pfci_grants,ru,2,False,channel,ru,ru,1.0,289,148,143,84,1460,20719,10
pfoshka1,ru,2,False,channel,ru,ru,1.0,33,33,33,0,5567,418,12
pg11ru,ru,2,False,channel,ru,ru,1.0,244,159,158,0,2421,16758,13
pgo_gov_ua,ru,2,False,channel,uk,uk,1.0,661,309,308,0,2012,25088,10
pgubarev,ru,2,False,channel,ru,ru,1.0,5,5,5,1,217555,43092,14
ph124ydh,ru,2,False,channel,unknown,unknown,0.0,3,3,0,0,1269,22,11
phdptsd,ru,2,False,channel,ru,ru,1.0,216,215,25,57,96,223,10
physiovisio,ru,2,False,channel,ru,ru,1.0,26,23,22,1,6428,17495,9
pi10t_0n_p10t,ru,2,False,channel,ru,ru,1.0,19,16,15,2,2273,195,18
piatrouski,ru,2,False,channel,ru,ru,1.0,45,41,40,7,1520,1071,11
pibernutinavibuhah,ru,2,False,channel,ru,ru,1.0,19,18,17,12,237,1342,9
pierrecubat,ru,2,False,channel,ru,ru,0.995,56,32,31,1,373,2572,14
pik_ru,ru,2,False,channel,ru,ru,1.0,64,31,26,0,175898,335073,14
pile_of_shmeh,ru,2,False,channel,ru,ru,0.99,834,791,185,346,127,2345,20
pilitika,ru,2,False,channel,ru,ru,1.0,1953,1537,1529,1951,11,47,20
pincodelife,ru,2,False,channel,ru,ru,1.0,112,105,94,19,587,892,21
pinkbirkin,ru,2,False,channel,ru,ru,1.0,138,81,80,29,5131,14007,6
pintofmind,ru,2,False,channel,ru,ru,1.0,70,70,65,0,17881,59364,13
piotrovsky,ru,2,False,channel,ru,ru,1.0,89,55,51,39,2504,11490,10
pipipuki,ru,2,False,empty,unknown,unknown,0.0,0,0,0,0,,3,
piratebarge,ru,2,False,channel,ru,ru,1.0,52,34,32,0,2525,4913,8
pirozhki_page,ru,2,False,channel,ru,ru,0.991,89,89,89,0,36496,44861,7
pishi_chpnvrsk,ru,2,False,empty,unknown,unknown,0.0,0,0,0,0,,,
pishi_kasuka,ru,2,False,channel,ru,ru,1.0,42,41,38,0,7101,27310,9
pishite_lk,ru,2,False,channel,ru,ru,1.0,49,49,48,8,50,100,8
pismarodnym,ru,2,False,channel,ru,ru,1.0,118,110,109,0,764,1411,6
piter,ru,2,False,channel,ru,ru,0.997,86,65,62,0,21448,17614,9
piter_po_lubvi,ru,2,False,channel,ru,ru,0.997,282,250,246,69,229,1561,7
piterforpeople,ru,2,False,channel,ru,ru,1.0,69,45,43,5,1246,6037,7
piternadvoih,ru,2,False,channel,unknown,ru,0.0,3893,3070,2851,3892,1402,1879,7
piternews24,ru,2,False,channel,ru,ru,1.0,177,177,175,49,145,10082,7
pitertop,ru,2,False,channel,ru,ru,0.974,413,341,340,3,35947,135235,8
pitot_tube,ru,2,False,channel,ru,ru,1.0,195,157,157,185,625,4084,18
pjwnews,ru,2,False,channel,en,en,0.98,134,130,116,8,19497,38997,11
pkgo_official_telegram,ru,2,False,channel,ru,ru,1.0,978,470,459,174,1326,11966,3
plan_b_collective,ru,2,False,channel,ru,ru,1.0,125,116,111,15,1655,1845,8
planerka_org,ru,2,False,channel,ru,ru,0.994,202,200,191,24,32402,48463,11
planetarium_mos,ru,2,False,channel,ru,ru,1.0,59,42,40,5,1450,10083,11
planetarium_nn,ru,2,False,channel,ru,ru,1.0,12,8,7,0,747,1992,9
planetariynn,ru,2,False,empty,unknown,unknown,0.0,0,0,0,0,,1690,
plantagogauze,ru,2,False,channel,ru,ru,0.911,28,26,20,15,462,1075,8
platforma_a,ru,2,False,channel,et,et,1.0,521,459,457,18,652,1215,8
platovrostov,ru,2,False,channel,ru,ru,1.0,263,261,261,8,5578,5931,7
plechomkplechy,ru,2,False,channel,ru,ru,0.988,98,55,53,30,256,352,13
plohayaq1,ru,2,False,empty,unknown,unknown,0.0,0,0,0,0,,37,
pltrk,ru,2,False,channel,ru,ru,1.0,515,485,483,25,2840,5745,11
plus_or_minus,ru,2,False,empty,unknown,unknown,0.0,0,0,0,0,,43,
plutovstvo007,ru,2,False,channel,ru,ru,1.0,49,49,48,1,16864,14960,17
plyakin,ru,2,False,channel,ru,ru,1.0,32,22,21,4,234,1508,12
pm_library,ru,2,False,channel,ru,ru,1.0,3,3,3,0,2060,1676,7
pmc_cheshire,ru,2,False,channel,ru,ru,1.0,364,345,273,69,365,2797,16
pmo51,ru,2,False,channel,ru,ru,1.0,319,167,165,6,1737,6352,7
pmr_mir,ru,2,False,channel,ru,ru,0.997,941,850,816,316,71,471,6
pnkk_ru,ru,2,False,channel,ru,ru,1.0,78,78,78,3,786,603,11
pnprus,ru,2,False,channel,ru,ru,1.0,3216,3216,3216,0,13,267,12
pnzec,ru,2,False,empty,unknown,unknown,0.0,0,0,0,0,,7,
pnzgu,ru,2,False,channel,ru,ru,1.0,111,73,71,13,1537,7728,7
po_memes,ru,2,False,channel,unknown,unknown,0.0,252,251,0,0,17884,63861,10
pobeda_sakh,ru,2,False,channel,ru,ru,1.0,94,34,31,7,398,662,4
pochsnoku,ru,2,False,channel,ru,ru,1.0,4117,3993,3993,0,207,3093,10
pochtabank,ru,2,False,channel,ru,ru,1.0,93,55,48,5,11100,113677,11
pod100lichka,ru,2,False,channel,ru,ru,0.994,281,219,212,43,1388,7366,11
podmoskovie,ru,2,False,channel,ru,ru,1.0,665,531,531,6,1960,10082,4
podmoskow,ru,2,False,channel,ru,ru,1.0,578,399,387,162,7489,37124,9
podmoskvi4,ru,2,False,channel,ru,ru,1.0,452,345,344,13,5137,8923,16
podmsk01_bot,ru,2,False,empty,unknown,unknown,0.0,0,0,0,0,,,
podolskadm,ru,2,False,channel,ru,ru,1.0,1274,396,385,556,21301,31953,12
podosokorsky,ru,2,False,channel,ru,ru,0.991,279,247,231,68,11501,30087,12
podrobno,ru,2,False,channel,ru,ru,1.0,674,578,572,84,26836,56331,4
podsadnoykbr,ru,2,False,channel,ru,ru,0.997,157,135,131,70,822,3196,11
podslushano_kurchatov1,ru,2,False,channel,ru,ru,1.0,130,111,109,0,3493,24555,7
podslushanorb,ru,2,False,channel,ru,ru,0.997,359,262,254,116,7068,15675,9
podsolntzem,ru,2,False,channel,ru,ru,1.0,5,5,5,0,24497,2250,6
podvalcrowley,ru,2,False,channel,ru,ru,0.988,2469,2037,1391,972,44,220,14
poemsandthoughts,ru,2,False,channel,ru,ru,1.0,35,30,29,0,4704,5678,15
poetrydenisenko,ru,2,False,channel,ru,ru,0.989,53,52,51,8,156,539,13
pogekaem,ru,2,False,channel,ru,ru,0.905,7,7,7,4,820,533,7
pogonygalstuky,ru,2,False,channel,ru,ru,1.0,20,20,20,1,7301,44953,9
pogorelyi_dv,ru,2,False,channel,ru,ru,1.0,18,14,12,1,124,403,15
pogromach,ru,2,False,channel,ru,ru,1.0,164,153,20,27,1237,862,15
poimenno,ru,2,False,channel,ru,ru,1.0,187,79,79,0,1137,4177,17
poiskinfy,ru,2,False,channel,ru,ru,1.0,696,640,640,16,18891,44279,10
poiskistiny8,ru,2,False,channel,ru,ru,1.0,333,327,319,14,18445,33686,12
pokrovskayamarina,ru,2,False,channel,ru,ru,1.0,9,9,9,4,5433,2227,17
polarday51,ru,2,False,channel,ru,ru,1.0,89,79,75,23,632,1151,18
polarvision3,ru,2,False,channel,ru,ru,1.0,15,14,14,5,479,196,6
polianalitika,ru,2,False,channel,ru,ru,1.0,1,1,1,0,3006,198,12
police_kherson_press,ru,2,False,empty,unknown,unknown,0.0,0,0,0,0,,12,
police_of_kz,ru,2,False,channel,ru,ru,0.889,703,507,502,0,4821,29138,12
policyonline,ru,2,False,channel,ru,ru,1.0,249,238,238,203,1864,2910,15
polinafromrussia1,ru,2,False,channel,ru,ru,0.991,266,257,238,33,144,133,12
polit22,ru,2,False,channel,ru,ru,1.0,6,6,6,4,846,551,13
polit_advisor,ru,2,False,empty,unknown,unknown,0.0,0,0,0,0,,1,
polit_anarx,ru,2,False,channel,ru,ru,1.0,9192,9183,7926,9190,14,1804,10
polit_inform,ru,2,False,channel,ru,ru,1.0,925,804,804,43,11908,149385,10
politag,ru,2,False,channel,unknown,ru,0.0,2,1,1,2,452,234,12
politanatom,ru,2,False,channel,ru,ru,1.0,5,5,5,0,1188,494,15
politbroker,ru,2,False,channel,ru,ru,1.0,98,98,97,80,980,5608,21
politburodc,ru,2,False,channel,ru,ru,1.0,259,241,241,47,1604,9456,8
politcentr,ru,2,False,channel,ru,ru,0.857,140,113,113,138,131,677,7
politcircus,ru,2,False,channel,ru,ru,0.994,322,298,298,23,64941,101167,15
politconsultant,ru,2,False,channel,ru,ru,1.0,17,16,16,6,1011,1952,6
politdisco,ru,2,False,channel,ru,ru,1.0,73,73,73,1,3036,18750,11
politdiskurs,ru,2,False,channel,ru,ru,1.0,10,10,8,0,84,13,15
politdump,ru,2,False,channel,ru,ru,0.995,26,26,26,0,851,963,7
politessakislitsyna,ru,2,False,channel,ru,ru,0.992,42,39,37,2,476,8921,15
politforum,ru,2,False,channel,ru,ru,1.0,168,168,168,113,435,1358,10
politgen,ru,2,False,channel,ru,ru,1.0,134,131,129,38,1598,10544,10
politi_news,ru,2,False,channel,ru,ru,1.0,7177,7168,6197,7175,650,311,10
politica_media,ru,2,False,channel,ru,ru,0.997,1176,861,804,309,5012,37832,15
politically_incorrect_tg,ru,2,False,empty,unknown,unknown,0.0,0,0,0,0,,0,
politicamir,ru,2,False,channel,ru,ru,1.0,20,20,20,0,6570,1283,7
politicsinthecircle,ru,2,False,channel,ru,ru,1.0,1077,1073,1072,60,19192,121225,10
politikka,ru,2,False,channel,ru,ru,1.0,755,647,646,117,9903,10,7
politkrem,ru,2,False,channel,ru,ru,1.0,321,301,301,16,57829,84466,5
politkreo,ru,2,False,channel,unknown,ru,0.0,82,73,73,82,28,646,13
politolog_kolp,ru,2,False,channel,ru,ru,1.0,55,55,55,14,1116,6681,18
politolog_love,ru,2,False,empty,unknown,unknown,0.0,0,0,0,0,,11,
politologtumanian,ru,2,False,channel,ru,ru,1.0,32,32,32,6,230,274,15
politopticon,ru,2,False,empty,unknown,unknown,0.0,0,0,0,0,,310,
politota_plus,ru,2,False,channel,ru,ru,0.994,1050,756,727,47,2587,9266,17
politpodliva,ru,2,False,channel,ru,ru,1.0,227,211,206,28,1304,7925,7
politprav,ru,2,False,channel,ru,ru,1.0,60,57,56,2,5818,10764,16
politrings,ru,2,False,empty,unknown,unknown,0.0,0,0,0,0,,55,
politru,ru,2,False,empty,unknown,unknown,0.0,0,0,0,0,,19,
politrussiacom,ru,2,False,channel,ru,ru,1.0,176,176,168,6,111020,24791,8
politsmol,ru,2,False,channel,ru,ru,1.0,60,60,52,8,2780,7747,13
politsputnik,ru,2,False,channel,ru,ru,0.997,2288,1886,1876,1421,443,2229,12
politteh,ru,2,False,channel,ru,ru,1.0,14,8,8,12,859,6581,13
polittehnologi,ru,2,False,channel,ru,ru,1.0,42,31,25,2,218,12119,19
polittemnik,ru,2,False,channel,ru,ru,1.0,157,156,156,30,40702,208146,8
polituprava,ru,2,False,channel,ru,ru,1.0,40,40,40,4,18543,204288,10
politushkin,ru,2,False,empty,unknown,unknown,0.0,0,0,0,0,,20,
polk111,ru,2,False,channel,ru,ru,0.995,82,68,66,38,301,103,9
polkovnik_baranets,ru,2,False,empty,unknown,unknown,0.0,0,0,0,0,,1175,
polniypc,ru,2,False,channel,ru,ru,1.0,252,87,87,34,1395,9593,16
pologi_adm,ru,2,False,channel,ru,ru,1.0,143,77,77,34,925,5240,7
polpotkids,ru,2,False,channel,ru,ru,1.0,16,11,11,0,35140,6459,18
polpred_dfo,ru,2,False,channel,ru,ru,1.0,140,136,136,37,960,4552,8
polpredstvo_skfo,ru,2,False,channel,ru,ru,1.0,175,153,152,31,540,3720,7
poltoranin,ru,2,False,channel,ru,ru,0.997,71,54,54,10,180,645,20
poltva,ru,2,False,channel,ru,ru,1.0,25,22,22,1,1907,2853,11
polyanasad,ru,2,False,channel,ru,ru,1.0,106,104,5,12,2934,5516,15
polyarnieochi,ru,2,False,channel,ru,ru,1.0,17,14,14,1,565,561,12
polygraf_i,ru,2,False,channel,ru,ru,1.0,31,31,29,21,1700,1076,9
polygraphia,ru,2,False,empty,unknown,unknown,0.0,0,0,0,0,,,
polylog_expertise,ru,2,False,channel,ru,ru,1.0,70,70,68,0,298,9963,9
polytechmuseum,ru,2,False,channel,ru,ru,1.0,82,55,44,2,1184,4504,11
polyteshkabot,ru,2,False,empty,unknown,unknown,0.0,0,0,0,0,,,
pomogaemnashim,ru,2,False,channel,ru,ru,0.973,205,132,117,178,270,856,20
pomogaykin,ru,2,False,channel,ru,ru,0.997,83,73,67,4,2955,23733,7
pomogizhit_priut,ru,2,False,channel,ru,ru,0.991,205,120,113,0,3595,20598,6
pomorski,ru,2,False,empty,unknown,unknown,0.0,0,0,0,0,,4,
pomorvision,ru,2,False,channel,ru,ru,1.0,31,25,25,13,1201,435,7
pomosh_zemlyakam,ru,2,False,channel,ru,ru,1.0,407,208,153,1,127,1422,20
pomoshnik,ru,2,False,empty,unknown,unknown,0.0,0,0,0,0,,,
ponchikovna,ru,2,False,channel,ru,ru,1.0,8,7,7,4,1019,1900,15
pool_64,ru,2,False,channel,ru,ru,1.0,153,65,64,3,5237,9486,9
pool_89,ru,2,False,channel,ru,ru,1.0,87,38,38,8,1266,3637,10
popsmarketing,ru,2,False,channel,ru,ru,0.99,174,118,118,10,15876,114669,18
poptatiana,ru,2,False,channel,ru,ru,1.0,91,91,91,0,29814,112661,11
popularchannel40,ru,2,False,channel,ru,ru,1.0,124,120,120,0,1931,2723,13
port_23,ru,2,False,empty,unknown,unknown,0.0,0,0,0,0,,7,
portal2x2,ru,2,False,channel,ru,ru,0.997,1118,666,656,558,1648,8751,2
portamur_ru,ru,2,False,channel,ru,ru,1.0,397,312,306,71,2547,12149,1
pos_lov,ru,2,False,empty,unknown,unknown,0.0,0,0,0,0,,40930,
posadky,ru,2,False,channel,ru,ru,1.0,117,116,115,44,6710,4304,10
posidimobsudim,ru,2,False,channel,lt,ru,0.988,1873,1244,1222,1715,17,130,3
poslesiest,ru,2,False,empty,unknown,unknown,0.0,0,0,0,0,,21,
posobiya_ru,ru,2,False,empty,unknown,unknown,0.0,0,0,0,0,,4,
posroskrd,ru,2,False,channel,ru,ru,0.997,135,79,79,16,570,4727,15
postblok,ru,2,False,channel,ru,ru,1.0,852,782,776,176,1208,3067,8
postlnr,ru,2,False,channel,ru,ru,1.0,28,28,12,0,1591,1713,5
postovou,ru,2,False,empty,unknown,unknown,0.0,0,0,0,0,,47,
postpartnery,ru,2,False,channel,ru,ru,1.0,118,105,104,33,4086,5209,22
postposttruth,ru,2,False,channel,ru,ru,1.0,32,32,32,5,21833,10706,9
postroyca_ru,ru,2,False,channel,ru,ru,1.0,657,657,657,0,2,74,13
postskraptum,ru,2,False,channel,ru,ru,1.0,8,8,8,0,1808,799,17
postup_astrei,ru,2,False,channel,ru,ru,1.0,57,50,50,23,1025,1579,19
potomkinjdeh,ru,2,False,channel,ru,ru,0.997,1407,1138,1129,81,1731,8889,8
povestka_ru,ru,2,False,channel,ru,ru,1.0,325,293,292,55,4871,26436,12
povistka_in_ua,ru,2,False,channel,ru,ru,0.995,30,30,29,0,3304,145,16
powerfultakes,ru,2,False,empty,unknown,unknown,0.0,0,0,0,0,,3,
powerofplace,ru,2,False,channel,ru,ru,1.0,90,84,81,2,1200,1080,15
powertruth40,ru,2,False,empty,unknown,unknown,0.0,0,0,0,0,,,
poymamagazine,ru,2,False,channel,ru,ru,1.0,134,120,118,13,3560,6413,8
poziciablog,ru,2,False,channel,ru,ru,1.0,30,30,30,0,1322,4853,13
pozled,ru,2,False,channel,ru,ru,1.0,24,23,19,1,1239,1357,4
ppkerai,ru,2,False,channel,ru,ru,1.0,36,28,20,0,2432,1216,11
pr0v0t0r0v,ru,2,False,empty,unknown,unknown,0.0,0,0,0,0,,658,
pr_russia,ru,2,False,channel,ru,ru,1.0,854,703,702,0,24017,36031,14
pragmatic_sol,ru,2,False,channel,ru,ru,1.0,101,100,96,3,1396,1521,14
prav_dnr,ru,2,False,channel,ru,ru,1.0,398,223,215,318,977,11065,8
pravak_online,ru,2,False,channel,ru,ru,1.0,104,104,102,3,2557,4258,13
pravblog1,ru,2,False,channel,ru,ru,0.991,87,79,79,24,2980,8709,11
pravbolnitsa,ru,2,False,channel,ru,ru,1.0,15,11,11,0,1347,2681,9
pravcentersoroksorokov,ru,2,False,channel,ru,ru,1.0,204,125,111,24,717,11033,3
pravda_gazeta,ru,2,False,channel,ru,ru,1.0,147,101,97,51,403,3419,11
pravda_gerashchenko,ru,2,False,channel,ru,ru,1.0,4549,3308,3208,2,143498,341119,11
pravda_i_kotiki,ru,2,False,channel,ru,ru,1.0,358,315,312,33,3078,8471,9
pravda_kchr,ru,2,False,channel,ru,ru,1.0,31,29,29,5,4744,4279,7
pravda_pfo,ru,2,False,channel,ru,ru,1.0,442,442,442,0,831,6429,6
pravdadirty,ru,2,False,channel,ru,ru,0.997,911,620,616,12,363251,1377504,11
pravdagagauzia,ru,2,False,channel,ru,ru,1.0,418,348,340,157,897,1986,7
pravdagvk,ru,2,False,channel,ru,ru,1.0,31,31,29,0,6315,2896,5
pravdaphotoandvideo,ru,2,False,channel,unknown,unknown,0.0,31,19,0,0,87,185,9
pravdapomor,ru,2,False,channel,ru,ru,1.0,680,598,598,7,439,2268,9
pravdarubka,ru,2,False,channel,ru,ru,0.989,1328,827,825,537,140,1548,9
pravdarubr,ru,2,False,channel,ru,ru,1.0,88,76,76,32,786,464,10
pravdaurfo,ru,2,False,channel,ru,ru,0.977,302,302,301,0,691,5202,4
pravdist,ru,2,False,channel,ru,ru,1.0,806,735,732,70,10752,28361,8
pravdorub06,ru,2,False,channel,ru,ru,0.991,21,21,21,4,801,558,8
pravfut,ru,2,False,channel,ru,ru,1.0,164,153,149,54,1091,5330,11
pravilamagru,ru,2,False,channel,ru,ru,0.991,649,292,286,0,12883,64244,10
pravitelstvo40,ru,2,False,channel,ru,ru,1.0,64,40,38,3,1527,10081,13
pravitelstvo_zp,ru,2,False,empty,unknown,unknown,0.0,0,0,0,0,,506,
pravitelstvokbr,ru,2,False,channel,ru,ru,1.0,255,225,222,68,1561,10725,6
pravitelstvord,ru,2,False,channel,ru,ru,1.0,366,194,186,40,2896,23323,16
pravitelstvori,ru,2,False,channel,ru,ru,1.0,242,170,169,19,568,3864,19
pravo_pp,ru,2,False,channel,ru,ru,1.0,3,3,3,0,6458,8128,7
pravonadom1,ru,2,False,channel,ru,ru,1.0,34,34,33,0,5581,29163,8
pravonarul,ru,2,False,channel,ru,ru,0.991,221,192,192,3,2297,11003,6
pravosukr,ru,2,False,channel,ru,ru,1.0,166,146,146,0,6165,6806,7
predprinimateli60,ru,2,False,channel,ru,ru,1.0,75,56,51,70,97,239,8
preemnik,ru,2,False,channel,ru,ru,1.0,12,12,11,3,8561,32089,6
premia_rapc,ru,2,False,channel,ru,ru,1.0,18,18,18,0,666,2869,9
premia_z,ru,2,False,channel,ru,ru,0.991,65,61,59,9,586,1846,9
premia_zbot,ru,2,False,empty,unknown,unknown,0.0,0,0,0,0,,,
premieronline,ru,2,False,channel,ru,ru,0.991,332,142,134,3,4455,55904,14
president_rfrf,ru,2,False,empty,unknown,unknown,0.0,0,0,0,0,,6,
presidentgordonlive,ru,2,False,channel,ru,ru,1.0,2282,2092,2087,2250,110,868,11
presidentialgrants,ru,2,False,channel,ru,ru,1.0,155,45,45,0,5603,20388,9
pressbox,ru,2,False,channel,ru,ru,0.99,185,176,176,15,3374,11758,19
pressess,ru,2,False,channel,ru,ru,0.994,235,102,92,61,851,6427,14
pressmol,ru,2,False,channel,ru,ru,1.0,288,288,288,0,784,6877,10
prezident_2024,ru,2,False,channel,ru,ru,1.0,163,160,143,27,1629,18173,8
prezidentgordon,ru,2,False,channel,ru,ru,0.997,148,140,138,27,77145,163250,10
prezidentgordonbot,ru,2,False,empty,unknown,unknown,0.0,0,0,0,0,,,
prezidentgordonby,ru,2,False,channel,unknown,ru,0.0,1631,1505,1505,1631,101,489,11
prezidentgordonteam,ru,2,False,empty,unknown,unknown,0.0,0,0,0,0,,22,
prgvrka,ru,2,False,channel,ru,ru,1.0,9,9,9,0,1041,343,7
priangarskie,ru,2,False,channel,ru,ru,1.0,66,65,65,16,5878,39898,3
prigimdv,ru,2,False,channel,ru,ru,1.0,135,115,115,96,920,3617,2
prigovorchiki,ru,2,False,channel,ru,ru,0.994,610,573,543,165,8034,23235,12
prigozhin_wagner,ru,2,False,empty,unknown,unknown,0.0,0,0,0,0,,,
prikazchikovamedia,ru,2,False,channel,ru,ru,1.0,343,276,272,32,10929,16645,11
priklucheniaflika,ru,2,False,channel,ru,ru,0.986,141,141,135,38,7633,33489,12
prim_police,ru,2,False,channel,ru,ru,1.0,360,220,220,42,2687,19155,0
prim_ray,ru,2,False,channel,ru,ru,0.984,83,36,36,0,10865,25926,1
prima_news,ru,2,False,empty,unknown,unknown,0.0,0,0,0,0,,157,
primamedia,ru,2,False,channel,ru,ru,1.0,639,507,491,31,6890,41274,1
primcardinal,ru,2,False,channel,ru,ru,1.0,10,8,8,0,3444,368,11
primgochs,ru,2,False,channel,ru,ru,1.0,80,34,29,17,439,1786,7
primorchannel,ru,2,False,channel,ru,ru,1.0,89,75,74,42,5238,53378,0
primorskyru,ru,2,False,channel,ru,ru,1.0,67,56,56,28,10435,35711,22
primorye_za,ru,2,False,channel,ru,ru,0.997,260,226,225,72,2037,12291,20
primpolitical,ru,2,False,channel,ru,ru,1.0,6,6,6,3,1694,8410,1
primvodokanal,ru,2,False,channel,ru,ru,1.0,10,8,7,0,673,4021,0
princeofpersiaru,ru,2,False,channel,ru,ru,1.0,314,238,237,11,862,3557,21
priroda_animal,ru,2,False,channel,ru,ru,0.978,181,181,181,1,32591,114439,4
prirodnadzor,ru,2,False,channel,ru,ru,1.0,29,25,22,4,141,600,5
prirodovedenie_rus,ru,2,False,channel,ru,ru,1.0,43,15,15,0,2986,6777,5
privat_memes,ru,2,False,channel,ru,ru,0.984,2797,2776,179,133,685,2709,21
privat_news,ru,2,False,empty,unknown,unknown,0.0,0,0,0,0,,3,
privatmnenie,ru,2,False,channel,ru,ru,0.997,267,187,182,52,5727,543,18
privet_iz_doma152,ru,2,False,channel,ru,ru,0.997,219,176,154,3,2527,5363,9
privolzhye,ru,2,False,channel,ru,ru,1.0,118,85,84,0,4923,878,8
prizhimov,ru,2,False,channel,ru,ru,0.992,20,20,19,0,1752,3918,2
prmira_news,ru,2,False,channel,ru,ru,1.0,428,315,311,9,4334,19885,3
prmoscowagency,ru,2,False,channel,ru,ru,0.994,192,152,150,145,41,371,10
pro_respubliku,ru,2,False,empty,unknown,unknown,0.0,0,0,0,0,,3770,
pro_telegram,ru,2,False,channel,ru,ru,0.959,27,27,19,1,455,896,11
pro_vizia,ru,2,False,channel,ru,ru,0.979,305,261,259,207,62,152,7
proarmenian,ru,2,False,channel,ru,ru,1.0,13,11,11,8,2526,3086,10
problemufa,ru,2,False,empty,unknown,unknown,0.0,0,0,0,0,,3660,
proboknet,ru,2,False,channel,ru,ru,1.0,114,90,84,0,16950,284683,15
proc_44,ru,2,False,channel,ru,ru,1.0,6,6,6,0,112,419,11
procedurki,ru,2,False,channel,ru,ru,1.0,30,29,28,13,446,2826,11
procentov110,ru,2,False,channel,unknown,ru,0.0,140,82,82,140,1247,1084,5
prochukotku,ru,2,False,channel,ru,ru,1.0,229,228,226,7,716,5335,6
procuratura05,ru,2,False,channel,ru,ru,1.0,37,26,25,3,1175,4975,15
produman_tmb,ru,2,False,channel,ru,ru,1.0,13,9,9,10,1128,810,10
proeconomics,ru,2,False,channel,ru,ru,1.0,193,189,189,3,13053,68299,13
proektkino,ru,2,False,channel,ru,ru,0.994,101,101,101,6,1055,1872,6
proektproekt,ru,2,False,channel,ru,ru,1.0,5,5,5,0,59794,58478,6
professor_osipov,ru,2,False,channel,ru,ru,1.0,39,39,34,0,16688,40733,10
professor_prodeus,ru,2,False,channel,ru,ru,1.0,9,9,9,2,4598,3964,15
professornechaev,ru,2,False,channel,ru,ru,1.0,197,192,130,35,659,1963,12
profi_21,ru,2,False,empty,unknown,unknown,0.0,0,0,0,0,,364,
profitravel,ru,2,False,channel,ru,ru,0.997,122,118,118,5,2425,15790,13
profshishkin,ru,2,False,channel,ru,ru,0.991,1946,1416,1402,1825,656,12488,1
progenr,ru,2,False,channel,ru,ru,1.0,16,16,12,11,178,1327,14
progorod_76,ru,2,False,channel,ru,ru,0.991,211,181,178,0,4568,18891,9
progulkapro,ru,2,False,channel,ru,ru,1.0,58,50,46,0,448,1398,11
proimport,ru,2,False,channel,ru,ru,1.0,319,319,319,0,19075,53571,12
projectmeshkat,ru,2,False,channel,fa,fa,1.0,147,93,93,4,3327,19225,10
prokavkaz,ru,2,False,channel,ru,ru,1.0,156,131,129,20,266,1110,8
prokofieva_prism,ru,2,False,channel,ru,ru,1.0,15,15,15,2,212,140,14
prokrdru,ru,2,False,channel,ru,ru,1.0,178,141,137,151,169,637,3
prokzabkray,ru,2,False,channel,ru,ru,1.0,60,33,28,15,372,2522,6
proletarianhelp,ru,2,False,channel,ru,ru,1.0,39,30,26,15,286,841,12
promartmoscow,ru,2,False,channel,ru,ru,1.0,21,5,5,0,203,81,4
promelitopol,ru,2,False,empty,unknown,unknown,0.0,0,0,0,0,,30,
prometallinfo,ru,2,False,channel,ru,ru,1.0,204,199,199,50,681,9908,6
prometeynews,ru,2,False,channel,ru,ru,1.0,134,106,98,12,260,679,8
prommoscowbot,ru,2,False,empty,unknown,unknown,0.0,0,0,0,0,,,
promugra,ru,2,False,channel,ru,ru,1.0,43,29,24,13,104,666,11
pronauky,ru,2,False,channel,ru,ru,1.0,12,12,12,0,1485,852,8
proofzzbot,ru,2,False,empty,unknown,unknown,0.0,0,0,0,0,,,
proorskk,ru,2,False,channel,ru,ru,1.0,88,68,65,71,96,3019,7
proputin2024,ru,2,False,empty,unknown,unknown,0.0,0,0,0,0,,84,
prosecutor_pk,ru,2,False,channel,ru,ru,1.0,112,89,73,18,2364,18623,10
prosto,ru,2,False,empty,unknown,unknown,0.0,0,0,0,0,,,
prostopropivo,ru,2,False,channel,ru,ru,1.0,6,5,5,0,25895,29474,12
prostorstation,ru,2,False,channel,ru,ru,1.0,2,2,2,0,3365,348,2
prostrategy_52,ru,2,False,channel,ru,ru,1.0,140,84,84,0,3549,4435,16
prosvetj,ru,2,False,channel,ru,ru,1.0,23,23,22,0,2685,1920,8
protiktok,ru,2,False,channel,ru,ru,1.0,164,152,152,53,23251,184345,14
protokol27,ru,2,False,channel,ru,ru,1.0,10,10,10,4,9173,4330,9
provibory,ru,2,False,empty,unknown,unknown,0.0,0,0,0,0,,699,
provincivil,ru,2,False,channel,ru,ru,1.0,73,53,49,0,1351,4655,6
provpan,ru,2,False,channel,ru,ru,0.997,785,640,637,547,176,410,10
provrach,ru,2,False,channel,ru,ru,1.0,55,29,24,0,8649,6939,7
provtv,ru,2,False,channel,ru,ru,1.0,24,16,16,2,12260,1786,3
provybory56,ru,2,False,channel,ru,ru,1.0,25,25,10,2,1674,3041,11
provzglyad,ru,2,False,channel,ru,ru,1.0,108,54,54,17,676,11355,18
prozhuk,ru,2,False,empty,unknown,unknown,0.0,0,0,0,0,,,
prozrevatel2022,ru,2,False,channel,ru,ru,0.994,120,119,119,0,469,545,6
prsev,ru,2,False,empty,unknown,unknown,0.0,0,0,0,0,,704,
prtatar,ru,2,False,channel,ru,ru,1.0,56,55,54,0,2326,5618,10
pryamlinia08bot,ru,2,False,empty,unknown,unknown,0.0,0,0,0,0,,,
pryanaya_yakutia,ru,2,False,empty,unknown,unknown,0.0,0,0,0,0,,64,
ps_peoplesay,ru,2,False,channel,en,en,1.0,254,251,250,44,1210,2643,8
psamara,ru,2,False,empty,unknown,unknown,0.0,0,0,0,0,,40477,
psbbank,ru,2,False,channel,ru,ru,1.0,46,46,46,20,4069,83874,6
pskov_gorod,ru,2,False,channel,ru,ru,1.0,9,9,9,0,357,211,11
pskov_oblast,ru,2,False,channel,ru,ru,1.0,422,239,239,180,1562,9490,9
pskovadmin,ru,2,False,channel,ru,ru,1.0,308,96,95,238,218,1184,6
pskovpolit,ru,2,False,channel,ru,ru,1.0,212,153,152,176,303,507,11
pskovschina,ru,2,False,channel,ru,ru,0.991,30,24,23,7,875,1499,14
pso_tyneodin,ru,2,False,channel,ru,ru,0.986,16,16,12,0,990,2402,21
psychologyzberovski,ru,2,False,empty,unknown,unknown,0.0,0,0,0,0,,290,
ptravda35,ru,2,False,channel,ru,ru,1.0,372,361,361,42,95,890,10
ptrsklr,ru,2,False,empty,unknown,unknown,0.0,0,0,0,0,,,
ptzapovednik,ru,2,False,channel,ru,ru,1.0,67,22,15,0,261,1044,13
publicverdict,ru,2,False,channel,ru,ru,1.0,31,22,22,0,292,1552,12
puchkova_ludmila,ru,2,False,channel,ru,ru,1.0,134,43,34,18,120,185,6
pudgikgratti,ru,2,False,channel,ru,ru,0.994,148,104,100,12,1493,2843,18
pufgun,ru,2,False,channel,ru,ru,0.979,32,30,29,0,640,1176,9
pul47,ru,2,False,channel,ru,ru,1.0,153,89,89,70,225,1856,6
pul49,ru,2,False,channel,ru,ru,1.0,307,172,166,268,346,1169,6
pul69,ru,2,False,channel,ru,ru,1.0,250,128,128,0,1327,8682,9
pulsdona,ru,2,False,empty,unknown,unknown,0.0,0,0,0,0,,9,
pulse19ru,ru,2,False,empty,unknown,unknown,0.0,0,0,0,0,,1053,
pumpumpumpurum,ru,2,False,empty,unknown,unknown,0.0,0,0,0,0,,,
puppyangel911,ru,2,False,channel,ru,ru,1.0,277,101,87,0,3399,8303,15
purechemistry_mv,ru,2,False,channel,ru,ru,1.0,9,9,9,1,2350,2954,7
pustovoj,ru,2,False,channel,ru,ru,0.988,205,195,191,118,164,336,19
putevod,ru,2,False,channel,ru,ru,0.993,35,31,31,14,1477,1550,12
putin_nash_prezident,ru,2,False,channel,ru,ru,1.0,153,135,127,95,313,650,8
putin_tg_russia,ru,2,False,empty,unknown,unknown,0.0,0,0,0,0,,895,
putininfo,ru,2,False,channel,ru,ru,1.0,198,190,186,11,1667,5702,17
putyatin_news,ru,2,False,channel,ru,ru,1.0,130,109,71,47,450,426,9
putylin_fitnes,ru,2,False,channel,ru,ru,1.0,10,10,8,0,1558,2764,12
pva_anapa,ru,2,False,channel,ru,ru,0.983,1684,935,901,342,13076,95595,14
pvrkalmykbot,ru,2,False,empty,unknown,unknown,0.0,0,0,0,0,,,
pvstka,ru,2,False,channel,ru,ru,1.0,19,17,17,0,3496,5186,10
pvtashkent,ru,2,False,empty,unknown,unknown,0.0,0,0,0,0,,59,
pwnow,ru,2,False,channel,ru,ru,1.0,854,712,712,151,5586,41001,15
pyunik_fc,ru,2,False,channel,ru,ru,1.0,172,78,78,0,310,1443,7
qashqadaryoru,ru,2,False,channel,ru,ru,1.0,41,33,33,0,3341,2609,6
qassambrigades,ru,2,False,empty,unknown,unknown,0.0,0,0,0,0,,316253,
qianlizhihang,ru,2,False,channel,ru,ru,0.978,54,33,29,34,1017,1457,9
qonandoylex,ru,2,False,channel,ru,ru,1.0,109,106,106,16,2077,3419,5
qr_tjm,ru,2,False,channel,ru,ru,0.915,594,226,219,0,267,34265,6
qrdbrp,ru,2,False,empty,unknown,unknown,0.0,0,0,0,0,,,
quanteensru,ru,2,False,channel,ru,ru,1.0,52,40,31,1,816,2407,14
queenhouse1,ru,2,False,channel,ru,ru,1.0,2812,528,492,37,194,1067,10
quizbot,ru,2,False,empty,unknown,unknown,0.0,0,0,0,0,,,
qumash_kz,ru,2,False,channel,ru,ru,1.0,121,103,103,0,49225,121294,5
r2d2sakh,ru,2,False,channel,ru,ru,1.0,507,397,389,416,565,3495,23
r4s_official,ru,2,False,channel,ru,ru,1.0,69,46,40,0,1184,34296,10
r6contentstore,ru,2,False,channel,unknown,unknown,0.0,8,8,0,0,330,16,3
r_mapporn,ru,2,False,channel,en,en,1.0,864,740,701,0,913,9044,12
r_molozhon,ru,2,False,channel,ru,ru,1.0,2,2,2,0,4235,1105,12
r_slovo,ru,2,False,empty,unknown,unknown,0.0,0,0,0,0,,889,
r_yaz_an62,ru,2,False,channel,ru,ru,1.0,14,14,14,0,13360,1153,12
rabkor,ru,2,False,channel,ru,ru,0.997,605,533,513,128,2931,17252,13
rabochyput,ru,2,False,channel,ru,ru,1.0,567,567,567,2,141,1885,13
rabota_wagner_3,ru,2,False,empty,unknown,unknown,0.0,0,0,0,0,,12,
rabotaisraeli,ru,2,False,channel,ru,ru,1.0,36,36,35,1,8111,21368,10
rabotaru,ru,2,False,channel,ru,ru,0.996,110,34,33,0,5520,7877,10
racumd,ru,2,False,channel,ro,ro,1.0,79,76,75,1,578,1994,19
radabnr,ru,2,False,channel,uk,uk,0.786,34,31,31,1,203,238,10
radar29,ru,2,False,channel,ru,ru,1.0,140,65,60,16,1796,3172,8
radio_front,ru,2,False,channel,ru,ru,1.0,19,18,17,2,1338,704,17
radioazattyq,ru,2,False,empty,unknown,unknown,0.0,0,0,0,0,,16,
radiocombat,ru,2,False,empty,unknown,unknown,0.0,0,0,0,0,,12,
radioexprt,ru,2,False,channel,ru,ru,1.0,94,64,54,9,119,628,7
radiomonetochka,ru,2,False,channel,ru,ru,1.0,17,8,6,0,87980,106095,10
radionovasg,ru,2,False,channel,ru,ru,1.0,29,23,21,1,8350,12053,6
radioperuk,ru,2,False,channel,ru,ru,0.996,109,79,71,64,629,5166,21
radiopriboy,ru,2,False,channel,ru,ru,1.0,318,270,270,141,106,211,6
radiostolica100,ru,2,False,empty,unknown,unknown,0.0,0,0,0,0,,270,
radiosvoboda,ru,2,False,channel,ru,ru,1.0,1497,1447,1447,263,27405,102003,8
radiotochka,ru,2,False,channel,ru,ru,0.993,43,43,43,1,132,1167,8
radistka_ket_sekret,ru,2,False,channel,unknown,ru,0.0,1,1,1,1,1281,91,4
ragulaku,ru,2,False,channel,ru,ru,1.0,625,619,616,7,18025,59497,10
rahimazimov,ru,2,False,channel,ru,ru,1.0,10,8,8,0,340,810,9
raiffeisenbankrus,ru,2,False,channel,ru,ru,1.0,6,6,6,0,112721,68390,11
raimondi93,ru,2,False,channel,ru,ru,1.0,13,13,12,3,234,352,17
rakova_pozvonit,ru,2,False,channel,ru,ru,1.0,145,141,140,49,2445,8082,12
rakursrzn,ru,2,False,channel,ru,ru,1.0,1,1,1,0,14472,1045,7
rambler,ru,2,False,empty,unknown,unknown,0.0,0,0,0,0,,,
ramblerway,ru,2,False,channel,ru,ru,0.992,64,41,36,0,547,4103,8
ramenmoscow,ru,2,False,channel,ru,ru,0.992,61,44,37,0,1970,23001,9
ramenskoe24,ru,2,False,channel,ru,ru,1.0,71,55,55,0,15589,67809,15
rammil_zamdykhanov,ru,2,False,channel,ru,ru,1.0,67,66,65,34,1945,2480,18
ranarod,ru,2,False,channel,ru,ru,1.0,305,265,265,124,28249,123471,9
random1zebot,ru,2,False,empty,unknown,unknown,0.0,0,0,0,0,,,
ranepa_expertise,ru,2,False,channel,ru,ru,1.0,82,82,82,0,5277,19419,7
rankoviykulyk,ru,2,False,channel,uk,uk,0.985,330,303,258,46,2193,4578,19
ranonimuz,ru,2,False,channel,unknown,unknown,0.0,2,2,0,0,,397,13
ranshevcex,ru,2,False,channel,ru,ru,0.997,136,119,118,74,2902,5436,11
rapuru,ru,2,False,channel,ru,ru,1.0,188,188,188,17,355,1936,9
rashid_temrezov,ru,2,False,channel,ru,ru,1.0,215,56,54,0,10606,12633,11
raskladsib,ru,2,False,channel,ru,ru,1.0,23,21,21,20,628,2069,11
rasstriga,ru,2,False,channel,ru,ru,1.0,124,106,106,8,23983,61387,8
ratingruneta,ru,2,False,channel,ru,ru,1.0,8,8,8,0,9573,6933,10
ratio_reditus,ru,2,False,channel,ru,ru,1.0,17,8,8,1,244,80,9
ratmirmavliev,ru,2,False,channel,ru,ru,1.0,140,53,51,1,8386,18264,12
ratnik2r,ru,2,False,channel,unknown,ru,0.0,16,9,9,16,1707,913,13
ratnoe_delo,ru,2,False,channel,ru,ru,1.0,37,16,16,6,15680,23593,10
razborpoletoveconomy,ru,2,False,channel,ru,ru,1.0,35,35,35,2,532,4618,7
razgovory_o_vazhnom,ru,2,False,channel,ru,ru,1.0,84,43,30,5,189913,147308,9
razkazhi_pravdu_bot,ru,2,False,empty,unknown,unknown,0.0,0,0,0,0,,,
razumnews,ru,2,False,channel,ru,ru,1.0,110,93,75,25,1055,4348,11
razumrussia,ru,2,False,channel,ru,ru,1.0,129,129,126,0,530,29678,18
razved_rezerv_bot,ru,2,False,empty,unknown,unknown,0.0,0,0,0,0,,,
razveddozor,ru,2,False,channel,ru,ru,1.0,31,30,30,4,3142,2974,13
razvedinfo,ru,2,False,channel,ru,ru,1.0,22,20,19,8,13685,21081,5
razvivaemrf,ru,2,False,channel,ru,ru,1.0,154,91,88,60,900,28555,6
rb_murtaza,ru,2,False,channel,ru,ru,1.0,8,8,8,6,1330,1513,12
rbc_brief,ru,2,False,channel,ru,ru,1.0,3570,3570,3570,0,2931,8423,9
rbc_kavkaz,ru,2,False,channel,ru,ru,1.0,407,343,341,95,59,2721,5
rbc_pro,ru,2,False,channel,ru,ru,1.0,88,80,74,0,3331,27666,11
rbc_tyumen,ru,2,False,channel,ru,ru,1.0,229,220,218,0,837,23,6
rbc_ufa,ru,2,False,channel,ru,ru,1.0,184,180,180,3,742,6175,8
rbk_inc,ru,2,False,channel,ru,ru,1.0,726,576,546,0,6941,35771,4
rddm13,ru,2,False,empty,unknown,unknown,0.0,0,0,0,0,,,
rddm_official,ru,2,False,empty,unknown,unknown,0.0,0,0,0,0,,832,
rddm_zp,ru,2,False,empty,unknown,unknown,0.0,0,0,0,0,,2,
rdkb21ru,ru,2,False,channel,ru,ru,1.0,89,50,41,31,478,765,13
rdvpremiumbot,ru,2,False,empty,unknown,unknown,0.0,0,0,0,0,,,
readovka_pomogaet,ru,2,False,empty,unknown,unknown,0.0,0,0,0,0,,6,
readovkaworld,ru,2,False,channel,en,en,0.994,423,404,377,0,2360,4891,15
real_donaldjtrump,ru,2,False,channel,en,en,1.0,60,60,54,2,302158,613188,0
real_life_vao,ru,2,False,channel,ru,ru,1.0,237,126,124,120,2724,9684,8
real_punkta,ru,2,False,channel,ru,ru,1.0,546,524,521,1,670,2728,6
realdemo2,ru,2,False,empty,unknown,unknown,0.0,0,0,0,0,,6,
realdouglasmacgregor,ru,2,False,empty,unknown,unknown,0.0,0,0,0,0,,38,
realguberniev,ru,2,False,channel,ru,ru,0.991,438,423,413,90,19538,86289,10
realityofwar,ru,2,False,channel,it,it,1.0,2312,2143,2126,121,1140,12103,14
realnaiabelarus,ru,2,False,channel,ru,ru,0.997,2254,1508,1497,229,16108,20482,14
realnoevremya,ru,2,False,channel,ru,ru,1.0,520,518,498,15,630,6010,8
realny_sochi,ru,2,False,channel,ru,ru,0.997,738,509,488,153,1190,3160,9
realprocosmos,ru,2,False,channel,ru,ru,1.0,140,101,96,89,594,5350,8
realsardana,ru,2,False,channel,ru,ru,1.0,37,26,22,2,22272,30892,11
realtolmachev,ru,2,False,channel,ru,ru,1.0,38,31,31,24,1005,1311,10
realtorshin,ru,2,False,channel,ru,ru,1.0,12,12,10,2,675,2225,14
realuncleberik,ru,2,False,channel,ru,ru,1.0,527,342,336,460,14,311,0
rear_rats,ru,2,False,channel,ru,ru,1.0,37,31,31,17,533,1656,9
rearzregion,ru,2,False,channel,ru,ru,1.0,63,48,42,43,65,66,7
rebel_jack,ru,2,False,empty,unknown,unknown,0.0,0,0,0,0,,2,
rebusforum,ru,2,False,group,en,en,0.981,525,525,501,0,,1396,18
recipechefs,ru,2,False,channel,ru,ru,1.0,58,54,44,0,5355,3906,6
recordcult,ru,2,False,channel,ru,ru,1.0,3,3,3,0,648,1238,12
rectorsgu,ru,2,False,channel,ru,ru,1.0,5,4,4,0,900,1464,14
red_bridge,ru,2,False,empty,unknown,unknown,0.0,0,0,0,0,,195,
redaltaya,ru,2,False,channel,ru,ru,1.0,200,184,181,60,1402,1924,11
reddep,ru,2,False,channel,ru,ru,0.985,113,93,87,20,319,774,15
reddit,ru,2,False,channel,ru,ru,0.991,674,561,560,5,60026,163426,6
redembankment,ru,2,False,empty,unknown,unknown,0.0,0,0,0,0,,583,
redfilatovabot,ru,2,False,empty,unknown,unknown,0.0,0,0,0,0,,,
redkazakh,ru,2,False,channel,ru,ru,1.0,49,48,45,2,1295,10457,17
redkittyrevolt,ru,2,False,channel,ru,ru,0.996,81,68,64,36,235,1260,15
redlynx_ru,ru,2,False,channel,ru,ru,0.997,403,400,400,2,2261,4830,20
redovkanews,ru,2,False,channel,ru,ru,0.997,1441,1439,1432,1,3342,14069,6
redpilled_based,ru,2,False,empty,unknown,unknown,0.0,0,0,0,0,,1,
redwar_patch,ru,2,False,channel,ru,ru,0.918,25,14,12,13,1458,1175,4
refeel,ru,2,False,empty,unknown,unknown,0.0,0,0,0,0,,,
referendum_nkr,ru,2,False,channel,ru,ru,1.0,69,68,66,24,68,13,16
refinedmind,ru,2,False,channel,ru,ru,0.994,1446,1335,1319,1202,60,891,8
reg29,ru,2,False,channel,ru,ru,0.997,655,485,476,5,219,4682,8
regan_alright,ru,2,False,channel,ru,ru,0.99,635,603,589,98,613,1330,20
reginareport,ru,2,False,channel,ru,ru,0.99,48,42,42,8,397,896,7
reginfo51,ru,2,False,channel,ru,ru,1.0,464,287,287,31,429,2623,14
region15_info,ru,2,False,channel,ru,ru,0.997,735,592,582,617,6919,31157,14
region63ru,ru,2,False,empty,unknown,unknown,0.0,0,0,0,0,,1701,
region_m51,ru,2,False,channel,ru,ru,0.994,209,203,194,4,7599,51208,10
region_severa89,ru,2,False,channel,ru,ru,1.0,117,95,84,6,4960,4651,3
regionalny,ru,2,False,channel,ru,ru,1.0,123,71,71,44,3941,28549,11
regions_speak,ru,2,False,channel,ru,ru,1.0,154,111,109,14,324,775,15
regionzdrav,ru,2,False,channel,ru,ru,1.0,6,6,6,4,1883,1249,12
reitschusterde,ru,2,False,channel,de,de,1.0,311,311,311,0,109669,210721,12
reliablerecentnews,ru,2,False,empty,unknown,unknown,0.0,0,0,0,0,,4,
relocationexpert,ru,2,False,channel,ru,ru,1.0,49,27,27,0,9876,34789,12
relocationru,ru,2,False,channel,ru,ru,1.0,39,37,37,2,9066,11472,9
relocatorworld,ru,2,False,empty,unknown,unknown,0.0,0,0,0,0,,9,
remdnr,ru,2,False,empty,unknown,unknown,0.0,0,0,0,0,,2108,
remingtonbar,ru,2,False,empty,unknown,unknown,0.0,0,0,0,0,,3,
remocatemedia,ru,2,False,empty,unknown,unknown,0.0,0,0,0,0,,9,
renatousatyy,ru,2,False,channel,ru,ro,1.0,32,31,18,8,11596,8245,14
renenrus,ru,2,False,channel,ru,ru,1.0,48,48,47,0,554,2242,7
renkastv,ru,2,False,channel,ru,ru,1.0,37,35,33,11,159,198,16
reo_ru,ru,2,False,channel,ru,ru,1.0,77,35,35,2,1731,8798,8
reosh_sharapov,ru,2,False,channel,ru,ru,1.0,81,81,78,0,4699,14827,19
report_dalnegorsk,ru,2,False,channel,ru,ru,1.0,127,112,106,25,4355,11427,9
reporter73,ru,2,False,empty,unknown,unknown,0.0,0,0,0,0,,2310,
reporter_shturmovik,ru,2,False,channel,ru,ru,1.0,19,12,12,6,6790,5206,18
repostpress,ru,2,False,channel,ru,ru,1.0,29,28,26,0,5290,1004,6
representation_tomsk,ru,2,False,channel,ru,ru,1.0,134,79,77,19,152,317,9
republicmag,ru,2,False,channel,ru,ru,1.0,611,464,464,5,3178,14364,7
reshim_org,ru,2,False,channel,ru,ru,1.0,57,35,32,0,1615,2209,9
resistenzasutela,ru,2,False,channel,it,it,0.971,11,11,10,2,2874,2054,10
resortarkhyz,ru,2,False,channel,ru,ru,1.0,120,84,82,34,11211,59309,5
respublika_lnr,ru,2,False,channel,ru,ru,1.0,321,56,50,10,385,808,11
restaurantmoscow,ru,2,False,channel,ru,ru,1.0,233,119,106,1,10054,67349,10
restovedofficial,ru,2,False,channel,ru,ru,1.0,40,38,37,0,319,7006,7
retail_kitchen,ru,2,False,channel,ru,ru,0.997,217,190,171,0,3566,67535,15
retailerswift,ru,2,False,channel,ru,ru,1.0,178,165,154,21,4419,11405,9
retra,ru,2,False,channel,ru,ru,0.985,267,225,225,0,85283,165110,9
retro_bus,ru,2,False,channel,ru,ru,1.0,825,336,326,119,2095,9804,14
retro_gradd,ru,2,False,channel,ru,ru,0.964,142,134,134,0,28966,87332,7
retrodasha,ru,2,False,channel,ru,ru,1.0,175,78,77,9,768,2314,19
reutovsos,ru,2,False,channel,ru,ru,0.991,568,354,341,26,5268,42161,14
revenlize,ru,2,False,empty,unknown,unknown,0.0,0,0,0,0,,36,
rezkierechi,ru,2,False,channel,ru,ru,1.0,42,34,34,16,2582,1851,17
rfdeti,ru,2,False,channel,ru,ru,1.0,81,75,70,58,1197,3371,17
rgmagency,ru,2,False,channel,ru,ru,1.0,23,12,12,0,784,12045,8
rgo1845,ru,2,False,channel,ru,ru,1.0,254,115,99,0,3130,25234,16
rgooooue,ru,2,False,channel,ru,ru,1.0,100,99,86,6,3476,5224,14
rgvkdagestan,ru,2,False,channel,ru,ru,1.0,545,503,490,76,2955,21917,10
rh_inside,ru,2,False,channel,ru,ru,1.0,252,233,232,125,1768,5425,17
rhc_aero,ru,2,False,channel,ru,ru,1.0,12,4,4,1,4878,5919,14
rhosmarssov,ru,2,False,channel,ru,ru,1.0,117,106,107,19,1881,8507,16
ri_russian_informant,ru,2,False,empty,unknown,unknown,0.0,0,0,0,0,,2,
ria56_news,ru,2,False,channel,ru,ru,1.0,1070,611,599,152,3089,7552,6
ria82rf,ru,2,False,channel,ru,ru,1.0,499,336,336,341,2601,2163,12
riadagestan,ru,2,False,channel,ru,ru,1.0,618,484,483,348,2536,13253,12
riaderbent,ru,2,False,empty,unknown,unknown,0.0,0,0,0,0,,15,
riadprz,ru,2,False,channel,ru,ru,1.0,1695,1294,1290,21,2051,12085,11
riakalm,ru,2,False,channel,ru,ru,1.0,512,375,373,149,638,4509,14
ribfront,ru,2,False,channel,ru,ru,1.0,156,125,124,30,2727,13943,13
ricci_ru,ru,2,False,channel,ru,ru,1.0,22,22,22,0,618,9139,13
rich_triphop,ru,2,False,channel,ru,ru,1.0,28,20,20,2,7223,6781,12
riddlerussia,ru,2,False,channel,ru,ru,1.0,19,19,18,0,1347,1176,17
ridus_news,ru,2,False,channel,ru,ru,1.0,19,19,19,1,359,276,11
rightkey,ru,2,False,empty,unknown,unknown,0.0,0,0,0,0,,1,
rightsofnation,ru,2,False,channel,ru,ru,1.0,27,26,26,5,1151,2386,13
rimmagal,ru,2,False,empty,unknown,unknown,0.0,0,0,0,0,,24,
rinat_sadykov_minmol,ru,2,False,channel,ru,ru,1.0,31,11,8,0,1739,2247,8
rita_hrabok,ru,2,False,empty,unknown,unknown,0.0,0,0,0,0,,,
rizvangazimagomedov,ru,2,False,empty,unknown,unknown,0.0,0,0,0,0,,5,
rkn_tg,ru,2,False,channel,ru,ru,1.0,16,16,16,0,13307,66084,9
rkvt_2020,ru,2,False,channel,ru,ru,0.997,340,245,230,18,4114,34511,14
rlmreserv,ru,2,False,channel,ru,ru,1.0,143,109,103,26,1813,2493,14
rmdmemes,ru,2,False,empty,unknown,unknown,0.0,0,0,0,0,,6,
rmrail,ru,2,False,channel,ru,ru,1.0,12,9,9,0,855,1487,13
rnd1rndru,ru,2,False,channel,ru,ru,1.0,278,236,233,0,881,6656,8
rnik_drozdovsky,ru,2,False,channel,ru,ru,0.991,140,118,118,19,414,1590,9
rnintel,ru,2,False,channel,en,en,0.976,178,178,177,0,498,198197,21
roads_41,ru,2,False,channel,ru,ru,0.984,344,308,299,20,1675,17152,1
robabayan,ru,2,False,channel,ru,ru,0.857,20,20,20,17,11155,29885,21
robberoidd,ru,2,False,empty,unknown,unknown,0.0,0,0,0,0,,139,
robusto_va,ru,2,False,channel,ru,ru,1.0,103,85,77,5,1560,4266,15
rodinaarm,ru,2,False,channel,ru,ru,0.986,580,537,518,164,157,1872,16
rodinananeve,ru,2,False,channel,ru,ru,1.0,39,39,39,1,177,310,10
rodiongazmanov,ru,2,False,channel,ru,ru,1.0,12,12,12,2,4466,4440,10
roditelskayapalata,ru,2,False,channel,ru,ru,1.0,163,143,134,18,1594,5981,7
rodnaya_sudzha,ru,2,False,channel,ru,ru,1.0,135,114,111,1,4317,73055,4
rodnoe_strogino_bot,ru,2,False,empty,unknown,unknown,0.0,0,0,0,0,,,
roflpuls,ru,2,False,channel,ru,ru,0.997,1000,899,852,0,5636,42457,10
rogogin,ru,2,False,channel,ru,ru,1.0,99,55,48,16,1190,3265,9
rokot_nvpnm,ru,2,False,channel,ru,ru,1.0,32,26,24,11,878,1288,10
rokot_omsk_bot,ru,2,False,empty,unknown,unknown,0.0,0,0,0,0,,,
rollingstock,ru,2,False,channel,ru,ru,1.0,228,139,138,52,1561,9303,12
romajiganofficial,ru,2,False,channel,ru,ru,1.0,21,14,14,3,4079,20055,12
roman_rykalov,ru,2,False,channel,ru,ru,1.0,42,39,38,6,92,289,8
romania_ru,ru,2,False,channel,ru,ru,1.0,610,496,493,20,1947,8562,10
romankopin,ru,2,False,channel,ru,ru,1.0,130,56,56,4,4521,1755,6
romannosikov,ru,2,False,channel,ru,ru,1.0,560,492,441,291,792,3952,12
romanov_92_chat,ru,2,False,empty,unknown,unknown,0.0,0,0,0,0,,11450,
romanov_lite_bot,ru,2,False,empty,unknown,unknown,0.0,0,0,0,0,,,
romanpaulov,ru,2,False,empty,unknown,unknown,0.0,0,0,0,0,,,
roof_tlv,ru,2,False,channel,ru,ru,1.0,16,16,9,0,2899,11530,17
rooppur_tube,ru,2,False,channel,ru,ru,1.0,163,56,53,6,3714,6849,11
ros_shorohov,ru,2,False,empty,unknown,unknown,0.0,0,0,0,0,,1392,
rosa_telie,ru,2,False,channel,ru,ru,1.0,232,223,220,24,1252,1891,15
rosakhutoralerts,ru,2,False,channel,ru,ru,0.997,461,358,339,6,11815,114911,5
rosatomru,ru,2,False,channel,ru,ru,1.0,100,84,83,0,3767,33997,9
rosavtodor,ru,2,False,channel,ru,ru,1.0,56,22,22,0,2682,12144,13
roscayuriy,ru,2,False,channel,ru,ru,1.0,178,175,143,138,265,510,10
roscongress,ru,2,False,channel,ru,ru,1.0,93,64,63,4,1819,19452,9
rosenbusch,ru,2,False,channel,de,de,1.0,588,555,553,8,32301,72610,10
rosgvard78,ru,2,False,channel,ru,ru,1.0,149,57,54,6,459,2748,8
rosgvard_bot,ru,2,False,empty,unknown,unknown,0.0,0,0,0,0,,,
rosgvardco,ru,2,False,channel,ru,ru,1.0,76,48,48,28,580,3534,17
roshchenko_a_s,ru,2,False,channel,ru,ru,1.0,47,10,10,0,283,362,12
roshydromet,ru,2,False,channel,ru,ru,0.994,103,64,61,0,495,4048,7
rosich,ru,2,False,empty,unknown,unknown,0.0,0,0,0,0,,,
rosim_gov_ru,ru,2,False,channel,ru,ru,1.0,73,69,69,5,1097,7041,13
roskomsvoboda,ru,2,False,channel,ru,ru,1.0,135,135,128,4,8770,42418,12
rosoboronbot,ru,2,False,empty,unknown,unknown,0.0,0,0,0,0,,,
rospatentfips,ru,2,False,channel,ru,ru,1.0,86,63,58,3,1196,8168,15
rospotrebnadzor_ru,ru,2,False,channel,ru,ru,1.0,30,28,25,2,20397,56915,8
rospred_bot,ru,2,False,empty,unknown,unknown,0.0,0,0,0,0,,,
rossa_primavera,ru,2,False,empty,unknown,unknown,0.0,0,0,0,0,,89,
rossellafidanza,ru,2,False,channel,it,it,0.994,840,778,733,179,10451,29713,10
rossetimr_ru,ru,2,False,channel,ru,ru,1.0,62,34,30,3,2148,22459,7
rossiya_airlines,ru,2,False,channel,ru,ru,1.0,22,16,15,12,2444,3296,6
rosstat_official,ru,2,False,channel,ru,ru,1.0,70,47,46,28,950,10771,5
rostec_additive,ru,2,False,empty,unknown,unknown,0.0,0,0,0,0,,1240,
rostec_capital,ru,2,False,channel,ru,ru,1.0,25,17,16,10,257,398,9
rostislav_goldshtein,ru,2,False,empty,unknown,unknown,0.0,0,0,0,0,,20,
rostoday,ru,2,False,empty,unknown,unknown,0.0,0,0,0,0,,11115,
rostourism_official,ru,2,False,channel,ru,ru,1.0,5,5,4,0,70596,21761,7
rostov_compro,ru,2,False,channel,ru,ru,1.0,416,356,328,261,3180,19603,20
rostov_glavniy,ru,2,False,channel,ru,ru,0.994,2278,1144,1143,3,18667,266037,14
rostov_gorod_admin,ru,2,False,channel,ru,ru,1.0,185,162,127,3,502,8101,3
rostov_roads,ru,2,False,channel,ru,ru,1.0,10,6,6,0,12657,8161,17
rostovdonbass,ru,2,False,channel,ru,ru,1.0,114,87,82,10,444,1762,13
rostovinside,ru,2,False,channel,ru,ru,1.0,607,464,430,18,3371,18985,7
rostovrnd,ru,2,False,channel,ru,ru,0.994,1553,852,820,0,5868,31544,17
rostovtelega,ru,2,False,channel,ru,ru,1.0,28,17,17,0,9535,11393,8
rostovtv,ru,2,False,channel,ru,ru,1.0,338,269,269,4,2716,10132,15
rotfront_su,ru,2,False,channel,ru,ru,1.0,403,377,367,96,5131,24009,12
rotondamedia,ru,2,False,channel,ru,ru,1.0,55,55,55,0,14348,32185,8
rottenkepkenchannel,ru,2,False,channel,ru,ru,1.0,681,649,642,147,3253,7389,12
roubledollar,ru,2,False,channel,ru,ru,0.999,407,398,398,9,13130,26337,7
roy_tv_mk,ru,2,False,channel,ru,ru,1.0,139,133,131,54,12845,54851,9
rozanovclub,ru,2,False,empty,unknown,unknown,0.0,0,0,0,0,,4,
rozetked,ru,2,False,channel,ru,ru,0.991,220,201,198,0,90652,622360,14
rozochkatsvetochek,ru,2,False,channel,ru,ru,1.0,233,206,205,176,3490,9333,9
rozyskri,ru,2,False,channel,ru,ru,1.0,164,111,111,125,2015,7850,15
rreda_official,ru,2,False,channel,ru,ru,1.0,68,66,62,24,572,4249,9
rreshaet,ru,2,False,channel,ru,ru,1.0,216,156,155,23,505,1438,6
rrharisov_live,ru,2,False,channel,ru,ru,1.0,33,33,33,0,3509,48764,8
rsaponkov1,ru,2,False,channel,ru,ru,1.0,6,5,4,0,7200,1189,21
rskfed,ru,2,False,channel,ru,ru,1.0,57,22,22,17,819,1015,12
rskrfru,ru,2,False,channel,ru,ru,1.0,133,72,65,3,5176,43495,9
rsm_official_tg,ru,2,False,channel,ru,ru,1.0,121,87,79,15,1353,8948,11
rsmlnr_bot,ru,2,False,empty,unknown,unknown,0.0,0,0,0,0,,,
rspchuv,ru,2,False,channel,ru,ru,1.0,82,51,36,16,719,981,7
rt_stream,ru,2,False,empty,unknown,unknown,0.0,0,0,0,0,,1447,
rtanalytics,ru,2,False,channel,ru,ru,1.0,22,22,22,0,144,227,14
rtnews,ru,2,False,empty,unknown,unknown,0.0,0,0,0,0,,186454,
rtnoticias,ru,2,False,empty,unknown,unknown,0.0,0,0,0,0,,247652,
rtraveler_ru,ru,2,False,channel,ru,ru,0.989,362,235,230,0,5877,21703,15
rtvimain,ru,2,False,channel,ru,ru,1.0,2635,1542,1526,47,8799,148966,14
rtvinews,ru,2,False,channel,ru,ru,0.997,2017,1777,1776,445,1391,7286,7
ru66ru,ru,2,False,channel,ru,ru,1.0,688,639,636,8,4647,33584,8
ru_balashiha,ru,2,False,channel,ru,ru,1.0,424,283,277,68,2247,30349,10
ru_by_news,ru,2,False,empty,unknown,unknown,0.0,0,0,0,0,,8,
ru_doy,ru,2,False,channel,ru,ru,1.0,134,110,102,44,16278,20262,10
ru_hardware_soft,ru,2,False,channel,ru,ru,1.0,43,40,39,5,2145,8593,6
ruamero,ru,2,False,channel,ru,ru,1.0,42,38,34,31,217,133,18
rubanovpoetakterrejisser,ru,2,False,channel,ru,ru,1.0,7,7,7,0,550,509,6
rubenvardanyanofficial,ru,2,False,channel,ru,ru,1.0,25,21,21,0,17840,13436,8
rubezhizarubezh,ru,2,False,channel,ru,ru,1.0,307,283,280,140,262,5844,8
rubezhrus,ru,2,False,empty,unknown,unknown,0.0,0,0,0,0,,4,
rubszaukrajinu,ru,2,False,channel,hr,ru,0.983,186,114,95,4,143,162,18
rubtsovskienovosti,ru,2,False,empty,unknown,unknown,0.0,0,0,0,0,,29437,
rudalev_andrej,ru,2,False,channel,ru,ru,1.0,107,97,96,40,323,1349,12
rueconomy,ru,2,False,channel,ru,ru,1.0,309,298,274,86,155,305,9
ruenergy,ru,2,False,channel,ru,ru,1.0,197,197,197,13,509,5419,5
rufuturism,ru,2,False,channel,ru,ru,1.0,57,54,54,3,5153,11828,14
rugosduma,ru,2,False,channel,ru,ru,1.0,588,503,496,464,3221,29227,5
ruh666_channel,ru,2,False,channel,ru,ru,0.997,203,201,185,0,577,1325,15
rumayday,ru,2,False,channel,ru,ru,0.97,20,18,17,0,13506,29960,15
rumonarchy,ru,2,False,empty,unknown,unknown,0.0,0,0,0,0,,108,
rumorspb,ru,2,False,channel,ru,ru,1.0,123,97,97,44,1132,1642,9
runavia,ru,2,False,channel,ru,ru,1.0,139,125,120,118,121,2227,9
rupec,ru,2,False,channel,ru,ru,1.0,83,83,83,3,1486,16060,11
ruptly7,ru,2,False,empty,unknown,unknown,0.0,0,0,0,0,,3,
rus_6a3a,ru,2,False,channel,ru,ru,0.991,5062,4516,4461,77,44,511,3
rus_con,ru,2,False,empty,unknown,unknown,0.0,0,0,0,0,,1236,
rus_gerald,ru,2,False,channel,ru,ru,1.0,29,20,18,0,7219,4213,10
rus_historia,ru,2,False,channel,ru,ru,0.981,112,70,68,52,782,8300,7
rus_imperia,ru,2,False,channel,ru,ru,1.0,85,78,75,36,997,4380,7
rus_inform,ru,2,False,channel,ru,ru,1.0,9423,9422,8426,9422,636,1730,10
rus_now_news,ru,2,False,channel,ru,ru,1.0,1605,1027,1026,10,56694,171336,10
rus_peacekeeper,ru,2,False,channel,ru,ru,1.0,19,11,9,1,7189,2955,12
rus_prikoldes,ru,2,False,channel,ru,ru,0.978,1632,1565,204,445,608,7107,12
rusaccent,ru,2,False,channel,ru,ru,1.0,40,40,40,0,1275,3121,7
rusagr,ru,2,False,channel,ru,ru,1.0,179,175,175,20,12480,16651,12
rusanctions,ru,2,False,channel,ru,ru,1.0,1005,865,864,0,128178,304919,7
rusbakhmutbot,ru,2,False,empty,unknown,unknown,0.0,0,0,0,0,,,
rusbotschaft,ru,2,False,channel,de,de,0.988,300,117,105,21,5952,20673,8
rusbre,ru,2,False,empty,unknown,unknown,0.0,0,0,0,0,,6,
ruschemunion,ru,2,False,channel,ru,ru,1.0,153,124,86,9,281,3373,6
rusconsulharbin,ru,2,False,channel,ru,ru,1.0,16,12,12,1,4615,1943,3
rusdelfi_lv,ru,2,False,channel,ru,ru,0.994,1047,1024,1022,1,6596,23336,11
rusdeubot,ru,2,False,empty,unknown,unknown,0.0,0,0,0,0,,,
rusdnepr,ru,2,False,channel,ru,ru,0.997,1086,799,795,2,957,2304,17
ruselectronics_official,ru,2,False,channel,ru,ru,1.0,23,23,23,3,1580,4842,6
rusembchina,ru,2,False,channel,ru,ru,1.0,58,45,45,30,1863,10158,10
rusembdk,ru,2,False,channel,ru,ru,0.878,24,24,24,17,145,1072,10
rusemblv,ru,2,False,channel,ru,ru,1.0,163,128,126,136,477,2502,8
rusemoschool,ru,2,False,channel,ru,ru,0.98,115,109,87,13,1907,8091,17
rusexportnews,ru,2,False,channel,ru,ru,1.0,123,103,100,15,2918,22097,8
rusgeology,ru,2,False,channel,ru,ru,1.0,33,26,24,0,1005,3895,5
rusgunarmy,ru,2,False,channel,ru,ru,0.98,57,48,48,27,474,936,8
rusiaenperu,ru,2,False,channel,es,es,1.0,166,137,132,89,404,2887,22
rusintel,ru,2,False,channel,unknown,uk,0.0,66,63,2,6,1533,3789,7
rusjuche,ru,2,False,channel,ru,ru,1.0,255,227,222,78,575,2872,14
ruskealatrain,ru,2,False,channel,ru,ru,1.0,2,2,2,0,11514,7141,9
ruskline_ru,ru,2,False,channel,ru,ru,1.0,523,498,491,254,306,5469,8
ruslan_marmazov_1968,ru,2,False,channel,ru,ru,1.0,11,10,9,2,628,910,11
ruslantkachenko,ru,2,False,empty,unknown,unknown,0.0,0,0,0,0,,,
ruslanzheltikov,ru,2,False,empty,unknown,unknown,0.0,0,0,0,0,,,
rusmariupol,ru,2,False,channel,ru,ru,1.0,152,152,149,0,528,83,14
rusmechta_ru,ru,2,False,channel,ru,ru,1.0,106,45,44,5,27440,127957,7
rusmicro,ru,2,False,channel,ru,ru,1.0,118,117,111,12,1100,5787,15
rusmirart,ru,2,False,channel,ru,ru,0.988,106,81,74,36,295,592,13
rusoul1,ru,2,False,empty,unknown,unknown,0.0,0,0,0,0,,418,
ruspolitology,ru,2,False,empty,unknown,unknown,0.0,0,0,0,0,,54,
ruspress,ru,2,False,channel,ru,ru,1.0,2,2,2,1,13835,16115,14
russelldjntelligence,ru,2,False,channel,ru,ru,0.997,152,121,116,34,841,917,10
russia,ru,2,False,channel,ru,ru,1.0,260,187,186,0,12468,35312,7
russia_and_anvil,ru,2,False,channel,ru,ru,0.991,162,116,110,20,1144,10592,13
russia_astrakhan,ru,2,False,channel,ru,ru,1.0,515,454,447,20,945,7816,8
russia_investment,ru,2,False,empty,unknown,unknown,0.0,0,0,0,0,,44,
russia_md,ru,2,False,empty,unknown,unknown,0.0,0,0,0,0,,97,
russia_nacionalist,ru,2,False,channel,ru,ru,1.0,1023,947,910,118,2720,9739,20
russia_news_247,ru,2,False,empty,unknown,unknown,0.0,0,0,0,0,,64,
russia_progress,ru,2,False,channel,ru,ru,1.0,159,114,114,16,659,1176,11
russia_svoboda,ru,2,False,channel,ru,ru,1.0,32,26,25,3,3016,3096,14
russia_ukraine2,ru,2,False,channel,ru,ru,1.0,61,51,51,51,23,19,9
russiacultura,ru,2,False,channel,ru,ru,1.0,227,215,175,10,3241,16544,11
russiainmymind,ru,2,False,empty,unknown,unknown,0.0,0,0,0,0,,5490,
russiakuban,ru,2,False,channel,ru,ru,1.0,828,626,592,34,4519,46024,10
russiamatters,ru,2,False,channel,ru,ru,1.0,144,45,45,0,7774,25844,15
russiamyvmeste,ru,2,False,empty,unknown,unknown,0.0,0,0,0,0,,6095,
russian_airborne_bot,ru,2,False,empty,unknown,unknown,0.0,0,0,0,0,,,
russian_cosmocracy,ru,2,False,empty,unknown,unknown,0.0,0,0,0,0,,12,
russian_field_soc,ru,2,False,channel,ru,ru,1.0,26,7,7,0,3548,13197,14
russian_spring_zz,ru,2,False,channel,ru,ru,0.994,262,211,166,22,22401,16229,8
russianartnow,ru,2,False,channel,ru,ru,0.985,151,151,151,0,68,390,9
russianbiathlon,ru,2,False,channel,ru,ru,1.0,241,137,137,19,8533,21692,12
russiancitizenship,ru,2,False,empty,unknown,unknown,0.0,0,0,0,0,,3,
russiancomnkr,ru,2,False,channel,ru,ru,0.997,360,131,130,68,673,1123,7
russianfederation,ru,2,False,empty,unknown,unknown,0.0,0,0,0,0,,,
russianhead,ru,2,False,channel,en,en,0.997,909,798,787,80,3584,12296,17
russianhomesteadgirl,ru,2,False,empty,unknown,unknown,0.0,0,0,0,0,,50,
russianhtonz,ru,2,False,channel,ru,ru,1.0,58,57,54,9,1737,2270,9
russianimperialstout,ru,2,False,channel,ru,ru,1.0,71,61,46,10,1583,5453,8
russiankotikkk,ru,2,False,channel,unknown,unknown,0.0,1,1,0,0,717,749,2
russianmacro,ru,2,False,channel,ru,ru,1.0,185,185,167,0,25869,103492,6
russianmacro2020,ru,2,False,empty,unknown,unknown,0.0,0,0,0,0,,2,
russianoldbelievers,ru,2,False,channel,ru,ru,1.0,47,40,36,0,1810,5873,8
russianopenspace,ru,2,False,channel,en,en,0.987,17,17,17,6,4000,1660,6
russianpatriot233,ru,2,False,channel,ru,ru,0.985,298,262,262,15,9092,10173,15
russianpleasure,ru,2,False,channel,ru,ru,1.0,39,35,35,7,181,346,9
russianquarantine,ru,2,False,empty,unknown,unknown,0.0,0,0,0,0,,11,
russianspottings,ru,2,False,channel,ru,ru,1.0,6,3,3,0,11526,3869,12
russiantourinternational,ru,2,False,channel,it,it,1.0,426,315,313,214,4515,33085,8
russianukrain,ru,2,False,channel,ru,ru,0.984,256,210,199,234,190,355,4
russianuniversalsoldiers,ru,2,False,channel,unknown,unknown,0.0,8,8,0,0,3724,717,18
russiauniversities,ru,2,False,channel,ru,ru,1.0,199,181,180,20,1021,14275,15
russicabrief,ru,2,False,channel,ru,ru,1.0,140,140,140,0,763,848,7
russicatop,ru,2,False,empty,unknown,unknown,0.0,0,0,0,0,,225,
russischdeutschenachrichten,ru,2,False,channel,de,de,1.0,829,563,563,58,4645,15608,9
russkie02,ru,2,False,channel,ru,ru,1.0,11,9,9,1,1047,1154,10
russkie_koti,ru,2,False,channel,ru,ru,1.0,257,253,248,1,457,1617,18
russkieorg,ru,2,False,channel,ru,ru,0.997,115,115,115,2,80,580,15
russkievperedi,ru,2,False,channel,ru,ru,1.0,599,533,523,437,834,3901,16
russkii_dom,ru,2,False,channel,ru,ru,0.994,2460,2294,2223,221,1079,17857,12
russkiidosug,ru,2,False,channel,ru,ru,1.0,93,35,34,4,210,2772,14
russkijkot,ru,2,False,channel,ru,ru,0.997,134,128,99,2,117,76,7
russkijsoyuz,ru,2,False,channel,ru,ru,1.0,419,312,289,227,350,2687,8
russkiy_opolchenec,ru,2,False,channel,ru,ru,1.0,287,245,244,24,9212,10054,10
russkiy_stil,ru,2,False,channel,ru,ru,0.997,520,158,150,243,515,11256,12
russkoesobranie,ru,2,False,empty,unknown,unknown,0.0,0,0,0,0,,574,
russky_russkomu,ru,2,False,channel,ru,ru,1.0,43,20,18,16,17105,2055,6
russlaenderhumor,ru,2,False,channel,de,de,0.994,134,131,130,12,9089,11518,12
russlandsdeutsche,ru,2,False,channel,de,de,1.0,660,555,555,138,27556,69307,22
russlandurlaub,ru,2,False,channel,de,de,1.0,243,108,108,2,2905,8303,15
russoeschatology,ru,2,False,channel,ru,ru,1.0,24,23,21,0,8010,1644,21
russophobophobia,ru,2,False,channel,ru,ru,1.0,432,327,303,391,159,769,14
russophobophobobot,ru,2,False,empty,unknown,unknown,0.0,0,0,0,0,,,
russpassmag,ru,2,False,channel,ru,ru,1.0,66,37,34,0,5266,40559,15
russtrien,ru,2,False,empty,unknown,unknown,0.0,0,0,0,0,,1923,
russvolcorps,ru,2,False,empty,unknown,unknown,0.0,0,0,0,0,,354,
rustamminnikhanov,ru,2,False,channel,ru,ru,1.0,51,34,34,0,37814,67706,3
rustradegermany,ru,2,False,channel,ru,ru,1.0,11,11,11,0,188,349,9
rusukrbel,ru,2,False,channel,ru,ru,1.0,224,202,202,47,757,11133,7
rusunlimited,ru,2,False,channel,ru,ru,1.0,90,86,86,2,7042,105476,11
rusvarg,ru,2,False,channel,ru,ru,1.0,164,112,107,65,7003,39403,10
rusven,ru,2,False,channel,ru,ru,1.0,44,44,43,0,4853,24709,10
rusvladimir,ru,2,False,channel,ru,ru,1.0,144,76,76,47,2113,30460,8
ruszspringtime,ru,2,False,channel,ru,ru,1.0,326,317,315,78,508,1480,19
rutube,ru,2,False,channel,ru,ru,1.0,13,10,10,6,9199,28995,12
ruuknews,ru,2,False,channel,ru,ru,1.0,135,108,101,22,410,2475,11
ruvederko,ru,2,False,empty,unknown,unknown,0.0,0,0,0,0,,87,
ruwestru,ru,2,False,channel,ru,ru,0.997,632,625,617,0,1662,7862,9
rvio_pskov,ru,2,False,channel,ru,ru,1.0,78,44,43,34,33,114,6
rviorf,ru,2,False,channel,ru,ru,1.0,67,32,30,17,961,18153,18
rvssu,ru,2,False,channel,ru,ru,1.0,204,184,184,96,3536,22157,13
rvvoenkory,ru,2,False,empty,unknown,unknown,0.0,0,0,0,0,,77278,
ryabikov,ru,2,False,channel,ru,ru,1.0,519,358,356,9,266,562,7
ryabseva_zhanna,ru,2,False,channel,ru,ru,1.0,56,35,34,0,5005,53148,14
ryazancity62,ru,2,False,channel,ru,ru,0.991,129,94,85,16,17100,10428,12
ryazannewsru,ru,2,False,channel,ru,ru,1.0,1107,1107,1104,10,1111,4833,7
rybakidv,ru,2,False,channel,ru,ru,0.997,365,245,245,32,3269,13733,10
rybster,ru,2,False,channel,ru,ru,0.994,292,258,230,89,284,1207,13
ryzhiy_bot,ru,2,False,empty,unknown,unknown,0.0,0,0,0,0,,,
rzd_museum,ru,2,False,channel,ru,ru,1.0,84,37,35,0,610,3182,13
rzn_brief,ru,2,False,channel,ru,ru,1.0,654,652,652,4,1542,15582,10
rzn_kommentator,ru,2,False,channel,ru,ru,0.994,149,127,115,32,1157,2002,14
rznpolitics,ru,2,False,channel,ru,ru,1.0,20,20,20,16,747,1080,9
rznpub,ru,2,False,channel,ru,ru,0.997,105,105,105,0,2518,720,7
rznvlast,ru,2,False,channel,ru,ru,1.0,28,24,21,12,1237,1358,17
rzsentinel,ru,2,False,channel,ru,ru,1.0,180,140,137,116,350,892,14
s_bidanets,ru,2,False,channel,ru,ru,1.0,112,33,33,21,265,396,6
s_tristanovna,ru,2,False,channel,ru,ru,1.0,21,21,18,2,2441,3458,13
sadogorodkp,ru,2,False,channel,ru,ru,1.0,106,106,106,0,6584,20655,17
safranych,ru,2,False,empty,unknown,unknown,0.0,0,0,0,0,,1675,
sagacorporation,ru,2,False,channel,ru,ru,1.0,11,7,7,2,549,1124,8
sagitovirek,ru,2,False,channel,ru,ru,1.0,138,39,31,2,206,816,12
sakhaday,ru,2,False,channel,ru,ru,0.997,3020,2196,2131,1445,5437,40271,3
sakhagove,ru,2,False,channel,ru,ru,1.0,867,558,550,402,354,9044,1
sakhalininfre,ru,2,False,channel,ru,ru,1.0,14,9,8,0,617,451,1
sakhalinonetwo,ru,2,False,channel,ru,ru,1.0,36,36,36,1,5133,5807,22
sakhapress1,ru,2,False,channel,ru,ru,1.0,1700,1068,1062,665,1824,8256,1
sakharovmuseum,ru,2,False,channel,ru,ru,1.0,16,16,11,0,97,249,11
sakhcom,ru,2,False,channel,ru,ru,1.0,1,1,1,0,288538,29843,1
sakhfly,ru,2,False,channel,ru,ru,1.0,3,3,3,0,2744,835,4
sakhgov,ru,2,False,channel,ru,ru,1.0,321,297,297,80,846,9321,0
sakhinfo,ru,2,False,channel,ru,ru,1.0,417,249,233,2,273,2991,22
sakhkomunalka,ru,2,False,channel,unknown,ru,0.0,9,9,9,9,365,205,6
sakhnews,ru,2,False,empty,unknown,unknown,0.0,0,0,0,0,,,
sakhonline,ru,2,False,channel,ru,ru,1.0,1563,994,945,152,5029,47817,7
sakhship,ru,2,False,channel,ru,ru,0.991,317,235,222,22,128,2475,23
sakskij82,ru,2,False,channel,ru,ru,1.0,188,49,49,53,412,161,14
salesavto,ru,2,False,empty,unknown,unknown,0.0,0,0,0,0,,76,
salkovmedia,ru,2,False,channel,ru,ru,1.0,135,113,107,67,556,2046,1
salmandadaev,ru,2,False,empty,unknown,unknown,0.0,0,0,0,0,,6593,
salutmd,ru,2,False,channel,ru,ru,1.0,1039,996,995,115,1045,7169,6
salutmoldova,ru,2,False,empty,unknown,unknown,0.0,0,0,0,0,,24,
salyqbot,ru,2,False,empty,unknown,unknown,0.0,0,0,0,0,,,
samara,ru,2,False,channel,ru,ru,0.991,186,127,127,1,13213,59529,9
samaradtp,ru,2,False,channel,ru,ru,1.0,719,560,532,19,17664,100688,5
samarafilmstudio,ru,2,False,channel,ru,ru,1.0,27,22,21,13,66,70,21
samaragisnews,ru,2,False,channel,ru,ru,1.0,687,608,601,56,426,4818,10
samaranb,ru,2,False,channel,ru,ru,0.986,31,28,28,21,72,313,19
samarap,ru,2,False,channel,ru,ru,0.994,404,306,304,0,6075,15334,8
samarauniversity,ru,2,False,channel,ru,ru,1.0,80,39,37,25,2002,9962,13
samaroblast,ru,2,False,channel,ru,ru,0.997,1216,602,572,1090,608,7290,6
samarskikray,ru,2,False,empty,unknown,unknown,0.0,0,0,0,0,,351,
samiznaetektoo,ru,2,False,empty,unknown,unknown,0.0,0,0,0,0,,,
samokatus,ru,2,False,channel,ru,ru,1.0,424,384,382,11,17517,159679,7
samokish,ru,2,False,channel,ru,ru,1.0,45,40,39,0,1101,8653,4
samolet_media,ru,2,False,channel,ru,ru,1.0,577,485,470,348,56,2361,8
samostroymosbot,ru,2,False,empty,unknown,unknown,0.0,0,0,0,0,,,
sanctionsrisk,ru,2,False,channel,ru,ru,1.0,49,49,48,20,2954,12503,10
sanctionstimes,ru,2,False,channel,ru,ru,1.0,19,19,19,1,6222,11722,17
sanderru,ru,2,False,channel,ru,ru,1.0,21,21,21,0,8796,15825,17
sandro_kiriak,ru,2,False,empty,unknown,unknown,0.0,0,0,0,0,,,
sandymustache,ru,2,False,channel,ru,ru,1.0,156,143,143,1,117427,213041,10
santoshin32,ru,2,False,channel,ru,ru,1.0,14,7,6,0,474,4632,10
sao_er,ru,2,False,channel,ru,ru,1.0,19,17,15,0,308,537,10
sapakhomovgd,ru,2,False,channel,ru,ru,1.0,24,14,14,1,1559,5007,10
saperbaiki,ru,2,False,channel,ru,ru,1.0,132,97,95,61,407,616,17
saponkov,ru,2,False,empty,unknown,unknown,0.0,0,0,0,0,,,
sapphire_news,ru,2,False,channel,ru,ru,1.0,1431,1025,989,35,104,755,10
sapphireagency,ru,2,False,channel,ru,ru,1.0,1,1,1,0,1404,344,8
sarafan23,ru,2,False,channel,ru,ru,0.997,1863,1572,1557,39,36,1249,8
saratov_guber,ru,2,False,channel,ru,ru,1.0,9,9,9,0,2243,2588,3
saratovdetka,ru,2,False,channel,ru,ru,0.986,371,248,245,30,3150,15259,8
saratovshyna,ru,2,False,channel,ru,ru,1.0,129,127,126,17,4327,55369,5
saratovzovpomochdonecku,ru,2,False,group,ru,ru,0.991,940,830,771,94,1456,1319,9
sarkisasatryan,ru,2,False,empty,unknown,unknown,0.0,0,0,0,0,,,
sarmoscow,ru,2,False,channel,ru,ru,1.0,303,222,207,55,263,3900,9
saruniversity,ru,2,False,channel,ru,ru,1.0,536,214,190,59,698,7167,8
sashakon,ru,2,False,channel,ru,ru,0.979,108,106,100,10,27445,130167,8
sashamistoboj,ru,2,False,channel,ru,ru,1.0,23,22,20,11,1166,616,20
satirkka,ru,2,False,channel,ru,ru,1.0,41,41,41,4,20969,258633,10
satzhangram,ru,2,False,empty,unknown,unknown,0.0,0,0,0,0,,49,
saurgodzillaband,ru,2,False,channel,ru,ru,1.0,3,3,1,0,5150,12,11
saygin_opinion,ru,2,False,channel,ru,ru,1.0,150,146,139,64,2618,5862,14
sayinarkh,ru,2,False,empty,unknown,unknown,0.0,0,0,0,0,,148,
sbbytoday,ru,2,False,channel,ru,ru,0.991,1721,1480,1477,91,999,16470,14
sbelkovskiy,ru,2,False,channel,ru,ru,1.0,221,220,209,0,93572,110122,7
sber_spasibo,ru,2,False,channel,ru,ru,1.0,30,21,18,0,54566,89479,13
sber_students_bot,ru,2,False,empty,unknown,unknown,0.0,0,0,0,0,,93,
sberbusiness,ru,2,False,channel,ru,ru,1.0,61,22,19,0,13467,249637,8
sberinvestments,ru,2,False,channel,ru,ru,0.997,144,143,138,1,36368,254720,15
sberlnvest,ru,2,False,empty,unknown,unknown,0.0,0,0,0,0,,57,
sbermarket_tech,ru,2,False,empty,unknown,unknown,0.0,0,0,0,0,,59,
sbermm,ru,2,False,empty,unknown,unknown,0.0,0,0,0,0,,1650,
sbessarab,ru,2,False,channel,ru,ru,1.0,5,3,3,0,512,398,9
sbezdolnyi,ru,2,False,channel,ru,ru,1.0,5,5,5,3,622,340,6
sbogmatsera,ru,2,False,empty,unknown,unknown,0.0,0,0,0,0,,,
scalemodeling,ru,2,False,channel,ru,ru,1.0,746,145,144,0,4792,17405,6
scalemodelnews,ru,2,False,channel,ru,ru,0.993,1636,398,369,20,1101,6249,18
scenario13,ru,2,False,channel,ru,ru,1.0,63,63,58,25,215,980,12
school_donbasskij_express,ru,2,False,empty,unknown,unknown,0.0,0,0,0,0,,696,
schoolbell,ru,2,False,channel,ru,ru,1.0,2,2,1,0,440,441,8
science4truth,ru,2,False,channel,ru,ru,1.0,3,3,3,0,6087,2282,15
scienpolicy,ru,2,False,channel,ru,ru,1.0,402,304,291,121,14438,38187,11
screen_and_link,ru,2,False,channel,ru,ru,1.0,686,671,667,36,395,3362,4
screenshottrue,ru,2,False,channel,ru,ru,1.0,577,416,416,575,16475,1051081,9
scriptirum,ru,2,False,channel,ru,ru,1.0,18,18,18,4,7685,5157,7
scwtpu,ru,2,False,channel,ru,ru,1.0,24,24,23,3,773,1823,4
sdelano_amazonkami,ru,2,False,channel,ru,ru,0.997,177,74,72,17,1897,765,6
sdelano_v_chuvashii,ru,2,False,channel,ru,ru,1.0,61,51,51,18,282,729,7
sdruzhinina_official,ru,2,False,channel,ru,ru,1.0,39,22,22,0,7776,11195,20
sdrvdv,ru,2,False,channel,ru,ru,0.994,1215,1017,986,813,619,1951,19
seamorning,ru,2,False,channel,ru,ru,1.0,23,23,21,1,8525,941,0
seanewskerch,ru,2,False,channel,ru,ru,1.0,678,287,282,25,3018,25272,8
searcheebot,ru,2,False,empty,unknown,unknown,0.0,0,0,0,0,,,
segodnyail,ru,2,False,channel,ru,ru,1.0,1262,1261,1260,0,422,56862,7
segodnyvmire,ru,2,False,channel,unknown,ru,0.0,333,293,293,333,24,94,6
sehockey,ru,2,False,channel,ru,ru,1.0,167,164,164,7,4259,24023,6
sek_speech,ru,2,False,channel,ru,ru,1.0,32,26,25,15,8471,20392,13
sekret_msk,ru,2,False,channel,ru,ru,1.0,246,190,190,8,16445,122266,7
sekretaria12,ru,2,False,empty,unknown,unknown,0.0,0,0,0,0,,2,
sekundamedia,ru,2,False,channel,ru,ru,1.0,267,178,176,9,3030,9729,9
selfinvestor,ru,2,False,channel,ru,ru,1.0,240,235,235,18,19686,127707,7
seliverstover,ru,2,False,channel,ru,ru,1.0,43,11,11,35,122,207,7
sem_janssen_cartoon,ru,2,False,channel,en,en,1.0,3,3,3,0,117655,1849,8
semennakuhne,ru,2,False,channel,ru,ru,0.997,187,122,109,10,199,458,5
semenov_krsk,ru,2,False,channel,ru,ru,1.0,32,29,28,15,54,95,8
semenovcons,ru,2,False,channel,ru,ru,1.0,26,26,25,10,257,810,15
semenovdo,ru,2,False,channel,ru,ru,1.0,255,41,41,13,2160,18271,16
senat,ru,2,False,empty,unknown,unknown,0.0,0,0,0,0,,,
senator_basyuk,ru,2,False,channel,ru,ru,1.0,4,4,3,1,31530,2213,14
senator_basyuk_bot,ru,2,False,empty,unknown,unknown,0.0,0,0,0,0,,,
senator_bondarev,ru,2,False,channel,ru,ru,1.0,60,40,37,31,265,2421,4
senator_karelia,ru,2,False,channel,ru,ru,1.0,2,2,1,0,323,162,13
senator_timchenko,ru,2,False,channel,ru,ru,1.0,26,16,15,22,102,238,9
senator_vasilenko,ru,2,False,channel,ru,ru,1.0,37,22,15,1,719,334,15
senator_zhukovaa,ru,2,False,channel,ru,ru,1.0,133,83,81,128,27,182,7
senatorbibikova,ru,2,False,channel,ru,ru,1.0,15,13,13,0,930,379,13
senatordzhabarov,ru,2,False,channel,ru,ru,1.0,51,51,51,35,400,30219,20
senatoreva,ru,2,False,channel,ru,ru,0.982,69,49,42,38,358,1037,9
senatorsvyatenko,ru,2,False,channel,ru,ru,1.0,37,21,21,8,377,2619,7
senatorvladimirov,ru,2,False,channel,ru,ru,1.0,84,39,37,12,222,632,6
senatorvorobyov,ru,2,False,channel,ru,ru,1.0,33,13,11,13,633,630,15
sendi_almira,ru,2,False,channel,ru,ru,0.987,281,236,224,45,2030,26420,8
senezh_rsv,ru,2,False,channel,ru,ru,1.0,64,34,34,16,1532,18937,11
senoritasaeva0,ru,2,False,empty,unknown,unknown,0.0,0,0,0,0,,95,
sensortech,ru,2,False,channel,ru,ru,1.0,6,4,4,1,552,922,16
senumbers,ru,2,False,channel,ru,ru,1.0,49,44,44,0,9774,235,15
serdorkrd,ru,2,False,empty,unknown,unknown,0.0,0,0,0,0,,,
sergei_ivanov_efko,ru,2,False,channel,ru,ru,1.0,75,58,38,0,5724,63842,14
sergeibulanov,ru,2,False,channel,ru,ru,1.0,30,26,26,2,2029,3705,12
sergey_kanishev,ru,2,False,channel,ru,ru,1.0,114,46,44,0,391,759,14
sergeybarinov,ru,2,False,channel,ru,ru,1.0,19,13,12,5,170,178,6
sergeymiheev,ru,2,False,channel,ru,ru,1.0,271,245,244,33,14475,16736,15
sergeynikolaevichbogatyrev,ru,2,False,channel,ru,ru,1.0,394,369,360,92,4344,14114,8
seriesmania,ru,2,False,channel,ru,ru,1.0,525,317,315,0,2719,17351,15
serikov_channel,ru,2,False,channel,ru,ru,1.0,21,9,9,2,798,11610,11
seriy_kit,ru,2,False,channel,ru,ru,1.0,70,70,70,23,2078,1762,21
serp1380,ru,2,False,channel,ru,ru,0.994,211,177,174,28,308,3642,17
serpompo,ru,2,False,channel,ru,ru,1.0,233,212,208,23,26772,52653,17
serregaizbratska,ru,2,False,channel,ru,ru,0.994,339,284,281,39,669,1134,6
sestrazatochka,ru,2,False,channel,ru,ru,0.962,35,29,24,5,1538,120,18
setizvo,ru,2,False,channel,ru,ru,1.0,87,46,46,11,1477,798,4
sevas_soroka,ru,2,False,empty,unknown,unknown,0.0,0,0,0,0,,11,
sevastopolofficial,ru,2,False,channel,ru,ru,1.0,248,127,127,162,1067,12998,13
sever_ahmat_mo,ru,2,False,channel,ru,ru,1.0,8,8,8,0,5139,2578,0
sever_siyanie,ru,2,False,channel,ru,ru,1.0,118,96,94,48,423,1522,21
severina_fur,ru,2,False,empty,unknown,unknown,0.0,0,0,0,0,,,
severnygorod,ru,2,False,empty,unknown,unknown,0.0,0,0,0,0,,605,
severstal,ru,2,False,channel,ru,ru,1.0,50,44,43,8,3367,14793,9
severvkurse,ru,2,False,channel,ru,ru,0.994,244,135,116,3,2695,7662,7
severz51,ru,2,False,channel,ru,ru,1.0,629,536,535,73,124,223,7
sevindex,ru,2,False,channel,ru,ru,1.0,346,346,344,6,168,5896,10
sevmorput,ru,2,False,channel,ru,ru,1.0,74,74,71,5,2639,14209,13
sevobrazovanie,ru,2,False,channel,ru,ru,1.0,261,74,57,77,2060,4540,17
sevosetia,ru,2,False,channel,ru,ru,0.994,392,250,226,52,457,2551,8
sewasewastopol,ru,2,False,channel,ru,ru,0.997,108,87,86,34,524,1942,15
sewzvosaratov64,ru,2,False,group,ru,ru,0.989,5120,4502,3863,160,6545,1347,18
sex_with_bateman,ru,2,False,channel,ru,ru,0.982,200,195,13,40,1642,13181,9
seychas_kg,ru,2,False,empty,unknown,unknown,0.0,0,0,0,0,,237,
seymkursk,ru,2,False,channel,ru,ru,1.0,650,332,324,16,2474,16411,8
sezhukovrv,ru,2,False,channel,ru,ru,1.0,24,20,17,1,34641,75978,9
sfddevelopments,ru,2,False,channel,unknown,ru,0.0,653,652,651,653,2145,3085,8
sflisovsky,ru,2,False,channel,ru,ru,1.0,9,6,6,0,337,801,10
sforsecurity,ru,2,False,channel,ru,ru,1.0,11,10,10,1,3329,2900,11
sfr_gov,ru,2,False,channel,ru,ru,1.0,49,30,29,4,158725,381057,14
sgk_barnaul,ru,2,False,channel,ru,ru,1.0,33,29,26,6,1808,7514,6
sgmitin,ru,2,False,channel,ru,ru,1.0,23,16,16,1,128,361,9
sgnorilsk,ru,2,False,channel,ru,ru,1.0,614,512,511,6,2313,12116,6
shadowless_lamp,ru,2,False,channel,ru,ru,1.0,14,14,14,1,4221,4041,5
shadowwar1,ru,2,False,channel,ru,ru,1.0,2149,1637,1597,201,210,2637,9
shadrinsk,ru,2,False,channel,ru,ru,0.994,596,353,340,13,2232,15613,6
shakhophone,ru,2,False,empty,unknown,unknown,0.0,0,0,0,0,,4,
shalimovprav,ru,2,False,channel,ru,ru,1.0,22,22,22,1,40974,4428,13
shalnyakchat,ru,2,False,group,ru,ru,0.982,13594,13466,11977,504,16624,2183,19
shaltaybabay,ru,2,False,channel,ru,ru,1.0,112,104,104,54,2031,7286,8
shaltnotkill,ru,2,False,channel,ru,ru,1.0,302,242,241,4,1039,6539,8
shanghaileo,ru,2,False,channel,ru,ru,1.0,18,12,12,0,1952,15241,9
shanhai_krasnodar,ru,2,False,channel,ru,ru,0.986,310,204,198,1,2777,15520,5
shapkamsk,ru,2,False,channel,ru,ru,1.0,130,62,62,0,1707,5837,12
sharapovaov,ru,2,False,channel,ru,ru,1.0,165,54,54,30,154,348,14
sharijnett,ru,2,False,channel,ru,ru,1.0,2,2,1,0,3173,35,17
sharipova_nhk,ru,2,False,channel,ru,ru,0.976,11,8,8,4,1387,11190,3
sharp33377,ru,2,False,channel,ru,ru,0.991,6279,4774,4761,5871,193,1104,9
shatskayanina,ru,2,False,channel,ru,ru,0.996,131,43,42,0,570,982,17
shaurma_z,ru,2,False,channel,ru,ru,0.989,38,34,27,14,171,430,17
shcherbina_vg,ru,2,False,channel,ru,ru,1.0,10,4,4,0,939,4345,3
shem_svoim,ru,2,False,channel,ru,ru,1.0,77,44,39,16,445,618,12
shepot_shebekino_bot,ru,2,False,empty,unknown,unknown,0.0,0,0,0,0,,,
sheptoon,ru,2,False,empty,unknown,unknown,0.0,0,0,0,0,,89,
shestakovblog,ru,2,False,channel,ru,ru,1.0,136,57,57,100,3131,12898,1
shigashev,ru,2,False,channel,ru,ru,1.0,97,44,44,0,2083,320,13
shik_news,ru,2,False,channel,ru,ru,0.997,428,188,160,139,552,2212,6
shilkin_nl,ru,2,False,empty,unknown,unknown,0.0,0,0,0,0,,17,
shipelenko,ru,2,False,empty,unknown,unknown,0.0,0,0,0,0,,15,
shipilovaks,ru,2,False,channel,ru,ru,1.0,309,118,117,32,13546,47652,16
shishishabatisraeli,ru,2,False,channel,ru,ru,1.0,32,32,31,0,3125,16046,8
shishkina_dep_bot,ru,2,False,empty,unknown,unknown,0.0,0,0,0,0,,,
shitposta4,ru,2,False,channel,ru,ru,0.978,50705,49788,35087,6285,33,2813,15
shlosberg,ru,2,False,channel,ru,ru,1.0,64,62,61,11,7057,15949,13
shlyapachelentano,ru,2,False,channel,ru,ru,1.0,96,96,96,1,4846,5389,5
shm_surgut,ru,2,False,channel,ru,ru,1.0,3,3,2,1,143,148,10
shmel_ask,ru,2,False,empty,unknown,unknown,0.0,0,0,0,0,,,
shmelev23,ru,2,False,channel,ru,ru,0.982,22,12,12,13,3578,2551,10
shmilovich,ru,2,False,channel,unknown,unknown,0.0,1,1,0,0,3323,16030,9
sho_shebekino,ru,2,False,channel,ru,ru,1.0,826,557,534,0,13186,31446,13
shoiguland,ru,2,False,channel,ru,ru,1.0,49,35,34,40,206,631,4
shorohi64,ru,2,False,channel,ru,ru,1.0,97,97,96,11,3901,40347,10
shortdpr,ru,2,False,empty,unknown,unknown,0.0,0,0,0,0,,26,
shot,ru,2,False,empty,unknown,unknown,0.0,0,0,0,0,,,
shot_go,ru,2,False,empty,unknown,unknown,0.0,0,0,0,0,,,
shpaga,ru,2,False,empty,unknown,unknown,0.0,0,0,0,0,,,
shpakouski,ru,2,False,channel,ru,ru,1.0,102,99,98,14,6047,9305,14
shpir,ru,2,False,channel,ru,ru,0.991,125,108,104,33,3053,2008,12
shtabvga,ru,2,False,empty,unknown,unknown,0.0,0,0,0,0,,,
shuchalina,ru,2,False,empty,unknown,unknown,0.0,0,0,0,0,,,
shugaevanauka,ru,2,False,channel,ru,ru,1.0,99,51,51,0,2998,8179,14
shugozhor73,ru,2,False,channel,ru,ru,0.994,498,344,336,72,6099,19776,7
shum_dney,ru,2,False,channel,ru,ru,1.0,70,52,46,60,27,71,10
shumilovaeb,ru,2,False,channel,ru,ru,1.0,59,34,34,1,78,229,10
shurygin_vladislav,ru,2,False,channel,ru,ru,1.0,178,168,166,8,2009,14696,11
shvabe_news,ru,2,False,channel,ru,ru,1.0,31,24,24,5,489,3646,9
shvytkin,ru,2,False,channel,ru,ru,1.0,23,16,13,0,432,880,8
shyeppsha,ru,2,False,channel,ru,ru,0.985,398,377,137,170,2388,6316,13
sib_fm,ru,2,False,empty,unknown,unknown,0.0,0,0,0,0,,11,
sibcultprivet,ru,2,False,channel,ru,ru,1.0,168,77,75,5,3201,14166,5
sibcyrulik,ru,2,False,channel,ru,ru,0.986,100,100,100,14,1386,3138,15
sibeconomist,ru,2,False,channel,ru,ru,1.0,164,114,111,39,251,1247,2
siberiantiger_center,ru,2,False,channel,ru,ru,1.0,44,24,24,9,970,2965,12
sibfuofficial,ru,2,False,channel,ru,ru,1.0,123,88,79,11,3223,13880,5
sibirmedia,ru,2,False,channel,ru,ru,1.0,335,198,198,83,3982,8198,5
sibnia_ru,ru,2,False,channel,ru,ru,1.0,18,9,9,3,1182,1894,8
sibrealii,ru,2,False,channel,ru,ru,1.0,715,650,646,85,3707,18073,9
sibur_dao,ru,2,False,channel,ru,ru,1.0,36,22,22,0,734,14597,9
siburofficial,ru,2,False,channel,ru,ru,1.0,38,26,25,1,3436,28811,8
sidimnaberegu,ru,2,False,channel,ru,ru,1.0,67,67,66,7,2613,4054,8
sidorchik1976,ru,2,False,channel,ru,ru,0.995,220,202,200,119,555,2918,10
sidorovmv,ru,2,False,channel,ru,ru,1.0,64,31,31,30,687,1146,23
sidpolit,ru,2,False,channel,ru,ru,1.0,233,233,225,146,991,8057,11
siioviki,ru,2,False,channel,unknown,unknown,0.0,5,5,0,0,5446,321,8
silenceworkshop,ru,2,False,channel,ru,ru,1.0,14,9,8,0,1101,3280,7
simbirskcity,ru,2,False,channel,ru,ru,1.0,673,391,390,489,528,2592,12
simple_kot1,ru,2,False,channel,ru,ru,1.0,17,14,14,0,2882,3881,8
sinatech,ru,2,False,empty,unknown,unknown,0.0,0,0,0,0,,2604,
sindbad_snegohod,ru,2,False,channel,ru,ru,1.0,278,246,246,20,661,2482,10
sinelor,ru,2,False,channel,ru,ru,1.0,46,46,46,4,8675,4807,12
sinod,ru,2,False,channel,ru,ru,1.0,17,17,15,1,3710,3881,10
sinteza_org,ru,2,False,channel,ro,ro,1.0,387,387,387,0,31,8,9
sipsikova,ru,2,False,channel,ru,ru,0.997,141,138,138,7,1320,2362,14
sirius_talents,ru,2,False,channel,ru,ru,1.0,34,6,5,0,3513,14362,10
siriusfederal,ru,2,False,channel,ru,ru,1.0,90,31,31,0,4495,19930,13
sisumasis,ru,2,False,channel,ru,ru,0.997,1435,1286,1272,153,4930,23866,7
sith_content,ru,2,False,empty,unknown,unknown,0.0,0,0,0,0,,,
sitrepmaps,ru,2,False,channel,en,en,1.0,302,157,157,2,237,4473,9
sitrepvids,ru,2,False,empty,unknown,unknown,0.0,0,0,0,0,,0,
sivkov_k,ru,2,False,channel,ru,ru,1.0,6,6,5,4,23663,23443,15
siz_inna,ru,2,False,empty,unknown,unknown,0.0,0,0,0,0,,,
skadi_omsk_kanal,ru,2,False,channel,ru,ru,1.0,13,13,12,4,256,169,3
skadovsk24_news_bot,ru,2,False,empty,unknown,unknown,0.0,0,0,0,0,,,
skajinemolchi,ru,2,False,channel,ru,ru,1.0,84,79,76,0,448,1404,7
skazkisashi,ru,2,False,empty,unknown,unknown,0.0,0,0,0,0,,5,
skazochnoebalie,ru,2,False,channel,ru,ru,0.995,565,528,175,293,7507,22757,11
skfo_telegraph,ru,2,False,channel,ru,ru,1.0,152,131,131,49,6558,22302,10
skfopost,ru,2,False,channel,ru,ru,1.0,266,241,236,58,1291,4328,7
ski_tatarstan,ru,2,False,channel,ru,ru,1.0,51,36,35,5,804,5445,12
skiperkakao,ru,2,False,channel,ru,ru,1.0,18,18,16,4,2719,3071,8
skipetrrf,ru,2,False,channel,ru,ru,1.0,3,3,3,0,4670,2486,6
skladrussia,ru,2,False,channel,ru,ru,1.0,234,225,210,0,137,5073,9
skoblikov_ds,ru,2,False,channel,ru,ru,1.0,76,34,30,6,402,1071,14
skobtsov_v,ru,2,False,channel,ru,ru,0.993,183,147,144,100,284,1267,13
skolkovolive,ru,2,False,channel,ru,ru,1.0,80,59,59,3,2233,42228,6
skomorohboiarin,ru,2,False,channel,ru,ru,0.997,60,60,58,0,10938,14757,7
skorikovivan,ru,2,False,channel,ru,ru,0.997,161,145,144,51,838,2603,16
skotobaza_chel,ru,2,False,channel,ru,ru,0.991,776,480,456,142,304,3533,5
skovoroda,ru,2,False,channel,ru,ru,1.0,41,35,35,5,1646,3184,9
skovorodnikov_live,ru,2,False,channel,ru,ru,1.0,81,62,62,3,50,312,2
skripachh,ru,2,False,empty,unknown,unknown,0.0,0,0,0,0,,,
skripkaskripka,ru,2,False,channel,ru,ru,1.0,99,82,82,63,472,1489,10
skuratoff_2_0,ru,2,False,channel,ru,ru,0.997,701,599,599,17,670,5121,5
skusecret,ru,2,False,channel,ru,ru,1.0,524,434,427,30,58,833,16
skuznetsov_nvkz,ru,2,False,channel,ru,ru,1.0,632,216,195,1,7037,10922,3
skymaker,ru,2,False,empty,unknown,unknown,0.0,0,0,0,0,,,
skzd_official,ru,2,False,channel,ru,ru,1.0,55,33,33,37,283,4854,12
slaboumieiotvaga1,ru,2,False,channel,ru,ru,1.0,109,103,103,1,2406,7691,11
slatinov,ru,2,False,channel,ru,ru,1.0,32,32,32,7,394,1098,12
slava_bogy,ru,2,False,channel,ru,ru,1.0,206,198,149,2,4365,17743,15
slavabarabinsk,ru,2,False,empty,unknown,unknown,0.0,0,0,0,0,,,
slavasev1917,ru,2,False,channel,ru,ru,0.997,157,113,105,83,47,511,7
slavyangvardiya,ru,2,False,channel,ru,ru,1.0,88,42,42,34,129,52,16
sledcom04,ru,2,False,channel,ru,ru,1.0,143,86,85,76,97,1025,5
slepobrag,ru,2,False,channel,ru,ru,0.994,384,360,343,83,733,2648,18
slezhuza_polit,ru,2,False,channel,unknown,ru,0.0,1847,1533,1520,1845,4922,7852,9
sliozi_and_ulibka,ru,2,False,channel,ru,ru,1.0,41,40,30,17,438,225,14
slivivzsu,ru,2,False,channel,ru,ru,1.0,276,205,203,20,458,1379,8
slivnayakrysask,ru,2,False,empty,unknown,unknown,0.0,0,0,0,0,,24566,
slivyfromrynk,ru,2,False,channel,ru,ru,1.0,13,13,13,1,987,1004,9
slivypervogo,ru,2,False,channel,ru,ru,1.0,823,582,576,495,442,1311,14
slova1000,ru,2,False,channel,ru,ru,1.0,142,131,131,5,3566,10897,4
slovievlive,ru,2,False,channel,ru,ru,1.0,2402,2010,2004,1738,1747,14396,12
slovoitelo,ru,2,False,empty,unknown,unknown,0.0,0,0,0,0,,,
sluchkorr,ru,2,False,empty,unknown,unknown,0.0,0,0,0,0,,1,
slyzhba_zanyatosti_kherson_obl,ru,2,False,channel,ru,ru,1.0,35,26,25,17,2034,1485,14
smallpharm,ru,2,False,channel,ru,ru,1.0,63,55,39,32,1583,3307,22
smartdealofficial,ru,2,False,channel,ru,ru,1.0,22,18,16,0,696,1937,7
smarterthanthou,ru,2,False,channel,ru,ru,1.0,60,57,57,0,524,528,10
smersh_1pbf,ru,2,False,channel,ru,ru,0.995,237,192,182,182,109,161,14
smety,ru,2,False,channel,ru,ru,0.994,77,77,77,4,4375,21116,5
smi35,ru,2,False,channel,ru,ru,1.0,462,362,362,31,899,6232,12
smi_moscow,ru,2,False,channel,ru,ru,1.0,30,30,30,0,23475,12145,8
smicrimea,ru,2,False,channel,ru,ru,1.0,590,501,487,39,1588,9909,7
smile_angell,ru,2,False,channel,ru,ru,0.985,117,117,117,0,1124,1379,7
smirnova_nata13,ru,2,False,channel,ru,ru,0.983,83,66,62,35,364,1943,15
smirusnews,ru,2,False,channel,ru,ru,1.0,2342,1753,1735,68,1788,22399,9
smmrus,ru,2,False,channel,ru,ru,1.0,112,88,88,2,30138,125146,10
smolensk_i,ru,2,False,channel,ru,ru,1.0,727,727,727,0,146,2204,9
smolenta,ru,2,False,channel,ru,ru,1.0,127,127,117,29,401,2039,8
smolleaks,ru,2,False,channel,ru,ru,0.992,36,29,29,1,1849,4181,11
smolyak,ru,2,False,channel,ru,ru,1.0,171,163,157,11,2047,3863,13
smuglianka,ru,2,False,channel,ru,ru,0.997,373,352,351,66,913,4926,12
smyslr,ru,2,False,channel,ru,ru,1.0,254,81,81,79,95,1224,12
snailazar_faza,ru,2,False,channel,bg,ru,1.0,19,14,14,10,79,81,21
sncmag,ru,2,False,channel,ru,ru,1.0,853,523,515,90,99001,302370,8
sneakerscourt,ru,2,False,channel,ru,ru,1.0,6,6,6,1,7474,6404,7
sneg_led_2023,ru,2,False,channel,ru,ru,0.997,191,84,72,0,2305,683,13
snegbash,ru,2,False,empty,unknown,unknown,0.0,0,0,0,0,,5,
snegur_kstrm,ru,2,False,channel,ru,ru,1.0,83,56,55,14,1882,24878,11
snetworks,ru,2,False,channel,ru,ru,1.0,53,35,35,35,343,1021,10
sng_perm,ru,2,False,channel,ru,ru,1.0,30,17,17,0,2529,3542,14
sniper_chat,ru,2,False,group,en,en,1.0,3,3,1,0,,450,10
snobru,ru,2,False,channel,ru,ru,1.0,254,236,232,92,5189,38811,9
snovaprivetol,ru,2,False,channel,ru,ru,1.0,37,37,35,0,2843,6776,10
snyptitzy,ru,2,False,channel,ru,ru,1.0,9,9,8,1,1984,916,14
so_pogrom_spoke,ru,2,False,channel,ru,ru,1.0,8,8,8,4,5819,2506,12
sobachenka,ru,2,False,channel,ru,ru,1.0,175,141,137,16,591,2826,13
sobytiyanews,ru,2,False,empty,unknown,unknown,0.0,0,0,0,0,,9,
sochi24tv,ru,2,False,channel,ru,ru,1.0,633,359,356,69,4006,31288,11
sochi_day,ru,2,False,empty,unknown,unknown,0.0,0,0,0,0,,43335,
sochi_predlozhka_bot,ru,2,False,empty,unknown,unknown,0.0,0,0,0,0,,,
sochi_today,ru,2,False,channel,ru,ru,1.0,80,67,67,2,3537,23832,8
sochinow,ru,2,False,channel,ru,ru,0.995,237,81,81,174,508,9056,12
sochitypical,ru,2,False,channel,ru,ru,1.0,1500,640,634,200,1711,27749,4
socialsta,ru,2,False,channel,ru,ru,1.0,74,71,67,10,563,256,12
socialteh,ru,2,False,channel,ru,ru,1.0,116,110,110,115,2249,917,17
socinforu,ru,2,False,empty,unknown,unknown,0.0,0,0,0,0,,8,
sociocentre,ru,2,False,channel,ru,ru,1.0,107,51,46,0,2796,5044,15
socoprosru,ru,2,False,channel,unknown,et,0.0,52,52,3,15,1893,2673,8
sodovaya,ru,2,False,channel,ru,ru,1.0,72,72,72,19,2057,1642,9
sof_cherkasova,ru,2,False,channel,ru,ru,1.0,8,8,8,0,753,1262,14
sofia_yudina_stihi,ru,2,False,channel,ru,ru,1.0,2,2,2,0,4259,2905,9
sofiarmenia,ru,2,False,channel,ru,ru,1.0,50,44,25,8,774,1229,15
sofochkamoshurachannel,ru,2,False,channel,ru,ru,0.997,137,89,85,17,5578,17801,19
sogrei_donbass_bot,ru,2,False,empty,unknown,unknown,0.0,0,0,0,0,,,
sokolnikov_36,ru,2,False,channel,ru,ru,0.985,53,46,37,0,932,752,5
solarisaero,ru,2,False,channel,ru,ru,1.0,4,4,4,0,1016,781,8
solarisation,ru,2,False,channel,ru,ru,0.949,201,172,81,92,162,250,21
solarstorm,ru,2,False,channel,ru,ru,0.992,20,20,20,0,2166,5170,7
soldat_pobedi,ru,2,False,channel,ru,ru,1.0,149,62,59,6,261,2372,9
soldatskyprival,ru,2,False,channel,ru,ru,0.991,1792,859,696,46,1097,5758,19
soldiers_truth,ru,2,False,empty,unknown,unknown,0.0,0,0,0,0,,10,
solenyushi,ru,2,False,channel,ru,ru,1.0,26,26,26,3,3727,3743,8
solntsepekz,ru,2,False,channel,ru,ru,1.0,64,62,62,0,10005,17880,8
solntsev_dnr,ru,2,False,empty,unknown,unknown,0.0,0,0,0,0,,12,
solodovnikovia,ru,2,False,channel,ru,ru,1.0,94,94,94,0,31806,149043,14
solono_stihi,ru,2,False,channel,ru,ru,1.0,119,103,101,43,652,1970,10
solovievsergey,ru,2,False,channel,ru,ru,1.0,37,35,35,3,260,814,9
solsever,ru,2,False,channel,ru,ru,1.0,96,72,71,27,830,4008,20
solundar,ru,2,False,channel,ru,ru,1.0,89,74,74,24,9135,11969,3
some_channe1,ru,2,False,empty,unknown,unknown,0.0,0,0,0,0,,1,
somnenijnet,ru,2,False,channel,ru,ru,1.0,78,70,68,0,4846,3112,12
somniferum,ru,2,False,channel,ru,ru,1.0,31,27,23,14,395,377,19
soroka_40_a,ru,2,False,channel,ru,ru,1.0,41,41,41,1,1672,1693,8
soroka_belaya,ru,2,False,channel,ru,ru,1.0,85,82,81,3,9688,23721,9
sorokalife,ru,2,False,channel,ru,ru,1.0,204,198,198,0,32408,112708,16
soroseatagagauzii,ru,2,False,channel,ru,ru,1.0,6,6,6,5,272,197,10
sortirovochnaya,ru,2,False,channel,ru,ru,1.0,119,80,72,4,3487,24795,14
sorwaczew,ru,2,False,empty,unknown,unknown,0.0,0,0,0,0,,,
sos_ryssia,ru,2,False,channel,ru,ru,1.0,410,329,327,6,8939,18500,12
sosedi_arkhangelsk,ru,2,False,channel,ru,ru,0.994,138,122,122,0,365,878,6
sosediasia,ru,2,False,channel,ru,ru,1.0,622,595,595,9,172,5788,14
sosedikavkaz,ru,2,False,channel,ru,ru,1.0,1012,1006,984,43,186,6550,5
sosindex,ru,2,False,channel,ru,ru,0.986,57,54,40,11,2508,6739,6
sostav,ru,2,False,channel,ru,ru,1.0,524,387,385,0,5535,55324,13
sotaproject,ru,2,False,channel,ru,ru,1.0,1366,980,978,14,26712,103347,8
sotavisionmedia,ru,2,False,channel,ru,ru,1.0,1154,784,774,3,1870,37117,11
soul_julli,ru,2,False,empty,unknown,unknown,0.0,0,0,0,0,,,
south_fort,ru,2,False,channel,ru,ru,0.989,545,498,489,4,14709,8341,8
south_now,ru,2,False,channel,ru,ru,1.0,2077,1092,1092,133,4664,10985,12
southairports,ru,2,False,channel,ru,ru,1.0,53,35,32,13,788,2410,9
southmosobl,ru,2,False,channel,ru,ru,0.991,298,284,278,42,254,12296,8
souz_zhenshin,ru,2,False,channel,ru,ru,1.0,276,144,141,184,460,764,12
sov_gerald,ru,2,False,channel,ru,ru,0.988,114,65,59,28,2043,1767,13
sovanaglobus,ru,2,False,channel,ru,ru,1.0,211,211,211,2,980,2037,10
sovestdagestana,ru,2,False,channel,ru,ru,1.0,340,315,313,112,2828,13585,10
sovetnikvmir,ru,2,False,channel,ru,ru,1.0,591,548,531,140,6197,18135,5
sovetniky,ru,2,False,channel,ru,ru,0.997,54,54,53,1,10,7,11
sovfedinfo,ru,2,False,channel,ru,ru,1.0,61,61,61,1,152,2305,10
sovgavan,ru,2,False,channel,ru,ru,0.997,153,120,108,64,2183,6111,6
sovietaltai,ru,2,False,channel,ru,ru,1.0,20,20,18,6,74,240,7
sovinformbureau,ru,2,False,empty,unknown,unknown,0.0,0,0,0,0,,12,
sovrep,ru,2,False,channel,ru,ru,1.0,840,490,483,8,457,8980,11
sovsakhalin,ru,2,False,channel,ru,ru,0.997,88,85,81,0,714,1266,10
sovsecretno,ru,2,False,channel,ru,ru,1.0,945,863,858,334,283,1668,14
sovsekretnoru,ru,2,False,channel,ru,ru,1.0,298,236,233,1,896,4127,6
sovzvezd,ru,2,False,channel,ru,ru,1.0,526,315,295,286,561,1734,2
soymem,ru,2,False,empty,unknown,unknown,0.0,0,0,0,0,,10637,
soyuzinfo,ru,2,False,channel,ru,ru,1.0,183,173,173,84,970,181,9
soyuzmultfilm_official,ru,2,False,channel,ru,ru,1.0,10,9,9,2,5428,16665,11
soyuznoe,ru,2,False,channel,ru,ru,1.0,196,192,192,0,66,240,9
sp_khort,ru,2,False,channel,uk,uk,1.0,6,6,6,0,1170,318,11
spacefmpmsu,ru,2,False,channel,ru,ru,1.0,50,23,21,0,412,1560,15
spaceman110519,ru,2,False,channel,ru,ru,1.0,14,5,5,0,172,173,9
spacex_rus,ru,2,False,channel,ru,ru,1.0,632,260,255,0,2732,16697,16
spasskoelutovinovo,ru,2,False,channel,ru,ru,1.0,62,19,16,0,206,634,14
spb_danger,ru,2,False,channel,ru,ru,1.0,816,645,632,39,141,2238,18
spbgovno,ru,2,False,channel,ru,ru,1.0,247,200,196,106,7432,6172,9
spbgs,ru,2,False,channel,ru,ru,1.0,258,207,199,0,3074,26827,13
spbmetro,ru,2,False,channel,ru,ru,1.0,9,8,6,1,81593,102593,7
spbmoy,ru,2,False,channel,ru,ru,1.0,336,121,121,26,6352,12291,9
spbpogoda,ru,2,False,channel,ru,ru,1.0,62,59,56,29,13368,8463,3
spbpomogaet,ru,2,False,channel,ru,ru,1.0,44,21,20,0,2691,3213,9
spbprav,ru,2,False,channel,ru,ru,1.0,561,201,201,0,3792,19453,7
spdnr,ru,2,False,channel,ru,ru,0.997,368,319,290,38,32,193,8
spec_zaschita,ru,2,False,channel,ru,ru,1.0,50,25,23,1,1454,3909,12
special_forces_officers,ru,2,False,channel,ru,ru,1.0,59,50,44,23,14040,12797,5
specnaz_com,ru,2,False,channel,ru,ru,0.993,177,100,95,46,6580,27799,8
specops2022,ru,2,False,channel,ru,ru,0.994,1171,825,825,181,13059,18750,9
specpro,ru,2,False,channel,ru,ru,0.989,288,187,176,109,1583,7835,21
specprosk,ru,2,False,channel,ru,ru,1.0,3,3,3,2,7373,1116,7
spetnazdnr,ru,2,False,empty,unknown,unknown,0.0,0,0,0,0,,440,
spezinform_ru,ru,2,False,channel,ru,ru,1.0,3,3,2,0,3319,957,8
spg_moskva,ru,2,False,channel,ru,ru,1.0,91,40,40,19,200,1942,19
spine_surg,ru,2,False,channel,unknown,ru,0.0,14,8,8,14,1097,743,15
spirincheb,ru,2,False,channel,ru,ru,1.0,237,85,81,40,2869,1606,11
spitsbergen_misc,ru,2,False,channel,ru,ru,1.0,112,76,75,8,480,2383,18
spletni_tg,ru,2,False,channel,ru,ru,0.997,439,304,300,11,106929,189450,10
spmutoday,ru,2,False,channel,ru,ru,1.0,7,7,6,2,2933,2910,12
spo_msu,ru,2,False,channel,ru,ru,1.0,55,36,34,2,347,841,13
spoiler236,ru,2,False,channel,ru,ru,1.0,186,155,154,181,866,1233,12
sport_aurora,ru,2,False,channel,ru,ru,1.0,164,145,143,0,520,13336,8
sportbox_ru,ru,2,False,channel,ru,ru,0.984,691,691,691,0,594,1786,12
sportmasterofficial,ru,2,False,channel,ru,ru,1.0,270,114,103,67,31272,358908,12
sportpsihologivanova,ru,2,False,channel,ru,ru,1.0,33,22,14,5,231,2367,7
sportsarae,ru,2,False,channel,ru,ru,0.994,647,587,571,104,1090,6341,16
spravedliv0stiradi,ru,2,False,channel,ru,ru,0.997,58,57,54,0,5634,2668,8
spravedliv62,ru,2,False,channel,ru,ru,1.0,1,1,1,0,8017,562,8
spravedlivo,ru,2,False,empty,unknown,unknown,0.0,0,0,0,0,,33,
sputnik_vaccine,ru,2,False,channel,ru,ru,1.0,51,51,51,1,1975,4540,18
srach,ru,2,False,empty,unknown,unknown,0.0,0,0,0,0,,8,
srazvorotneva,ru,2,False,channel,ru,ru,0.996,58,41,40,15,439,5914,12
srbijarusija,ru,2,False,channel,mk,mk,0.983,2720,2194,2176,1,31658,96839,11
sretensky_books,ru,2,False,channel,ru,ru,1.0,174,119,110,28,1985,9022,13
srochno_energodar,ru,2,False,channel,ru,ru,1.0,173,130,130,36,286,4062,8
srochno_melitopol,ru,2,False,empty,unknown,unknown,0.0,0,0,0,0,,540,
ssigny_donbass_bot,ru,2,False,empty,unknown,unknown,0.0,0,0,0,0,,,
ssovdvspnby,ru,2,False,channel,ru,ru,1.0,118,81,81,51,1289,7901,7
sstarovoytov,ru,2,False,channel,ru,ru,1.0,31,31,31,2,8015,3646,5
ssternenko,ru,2,False,channel,uk,uk,0.997,883,709,700,27,256414,866926,12
sstoit,ru,2,False,channel,ru,ru,1.0,79,68,65,31,598,1724,2
sstusaratov,ru,2,False,channel,ru,ru,0.997,251,118,114,35,1747,8346,6
st_antony,ru,2,False,channel,ru,ru,0.987,499,499,52,33,1567,8455,11
st_yob_chat,ru,2,False,group,ru,ru,1.0,1699,1508,1454,937,650,905,14
stab_bb,ru,2,False,channel,ru,ru,0.997,106,62,59,58,553,515,17
stahijkolotvin,ru,2,False,channel,ru,ru,1.0,174,74,69,34,1670,7957,18
stahlhelm,ru,2,False,channel,ru,ru,1.0,46,38,37,4,4967,20204,16
stalevar_74,ru,2,False,channel,ru,ru,1.0,16,12,12,10,988,744,12
stalinagurevi2,ru,2,False,channel,ru,ru,1.0,5,5,1,0,7499,416,9
stanbyshok,ru,2,False,channel,ru,ru,1.0,67,67,67,0,539,1010,9
stanicalug,ru,2,False,channel,ru,ru,1.0,778,419,327,234,1620,2981,12
stanislavkucher,ru,2,False,channel,ru,ru,1.0,73,69,68,6,22289,31827,15
stanokspace,ru,2,False,channel,ru,ru,1.0,3,3,3,0,2322,5695,8
stanovaya,ru,2,False,channel,ru,ru,1.0,18,18,18,0,39374,25639,11
stapic_govorit,ru,2,False,empty,unknown,unknown,0.0,0,0,0,0,,6,
staraya,ru,2,False,channel,ru,ru,1.0,301,251,249,39,77957,92164,11
starorezhimnaya,ru,2,False,channel,ru,ru,0.993,53,53,51,29,1145,2619,17
starovoytova_life,ru,2,False,channel,ru,ru,1.0,12,8,8,3,707,626,9
starovoytovcomedian,ru,2,False,empty,unknown,unknown,0.0,0,0,0,0,,4,
starpatriot,ru,2,False,channel,ru,ru,1.0,387,348,322,274,88,283,18
starsdustpro,ru,2,False,channel,ru,ru,0.989,721,568,564,0,13292,29773,12
start_shows,ru,2,False,channel,ru,ru,0.997,226,87,77,10,9547,80417,9
startup_x,ru,2,False,channel,ru,ru,1.0,38,23,23,0,4871,173,17
startupshop,ru,2,False,empty,unknown,unknown,0.0,0,0,0,0,,3,
stasnaumovdeputat,ru,2,False,channel,ru,ru,1.0,65,60,54,7,569,1579,15
stav26rus_expert,ru,2,False,empty,unknown,unknown,0.0,0,0,0,0,,1943,
stavregion_oficial,ru,2,False,channel,ru,ru,1.0,64,43,43,9,3574,9208,13
stavropolproc26,ru,2,False,channel,ru,ru,1.0,84,69,68,3,720,4211,14
stavropolskiy,ru,2,False,channel,ru,ru,1.0,448,348,336,23,804,8228,14
stavteatr,ru,2,False,channel,ru,ru,1.0,94,20,20,0,1406,3983,6
stenyakina_ep,ru,2,False,channel,ru,ru,1.0,52,42,41,4,732,3330,12
sterngang,ru,2,False,channel,ru,ru,1.0,16,16,16,1,3749,18040,8
sterv38,ru,2,False,channel,ru,ru,1.0,76,75,75,3,927,2165,6
stillavintoday,ru,2,False,channel,ru,ru,1.0,300,118,117,3,50939,89893,9
stimme_aus_russland,ru,2,False,channel,de,de,1.0,496,445,433,59,3754,9635,17
stocknews100,ru,2,False,empty,unknown,unknown,0.0,0,0,0,0,,71,
stoglavrus,ru,2,False,channel,ru,ru,1.0,59,54,51,6,680,7543,8
stolica61,ru,2,False,empty,unknown,unknown,0.0,0,0,0,0,,14,
stolica_s,ru,2,False,channel,ru,ru,0.985,1033,1030,1027,7,3196,14088,11
stopdrugsbot,ru,2,False,empty,unknown,unknown,0.0,0,0,0,0,,,
stopmoshennik13,ru,2,False,channel,ru,ru,1.0,90,68,51,42,441,3017,10
stopnds,ru,2,False,channel,ru,ru,1.0,18,18,16,0,4917,1779,8
stopterrorzo_bot,ru,2,False,empty,unknown,unknown,0.0,0,0,0,0,,,
storogevoi,ru,2,False,channel,ru,ru,0.952,933,763,762,925,140,666,7
storonnikier,ru,2,False,channel,ru,ru,1.0,22,15,15,8,750,5965,15
strana_geroev,ru,2,False,channel,ru,ru,1.0,80,72,71,2,850,1949,10
stranaimir,ru,2,False,channel,ru,ru,1.0,109,109,109,0,2440,5699,6
strategymgimo,ru,2,False,channel,ru,ru,1.0,3,3,3,0,1122,1170,7
streamingverse,ru,2,False,channel,ru,ru,0.997,274,205,195,61,1563,9442,13
streletskids,ru,2,False,channel,ru,ru,1.0,260,120,104,8,26119,49479,6
strelkovnoet,ru,2,False,channel,ru,ru,1.0,20,20,20,0,31729,2606,20
strempunisher,ru,2,False,channel,ru,ru,0.991,263,235,224,4,10110,11779,22
strictreferee,ru,2,False,channel,ru,ru,1.0,110,106,106,4,67,120,9
striped_raid,ru,2,False,empty,unknown,unknown,0.0,0,0,0,0,,15,
stroginogazeta,ru,2,False,channel,ru,ru,1.0,89,53,53,0,54,248,15
stroi_mos_ru,ru,2,False,channel,ru,ru,1.0,487,200,193,178,2761,94110,12
stroim_kirov,ru,2,False,channel,ru,ru,0.994,114,95,94,16,1662,2964,19
strokabelarus,ru,2,False,channel,ru,ru,0.991,205,203,203,0,3743,968,10
strokinelbaktr,ru,2,False,channel,ru,ru,0.996,53,47,46,18,882,1336,21
stroybloklo,ru,2,False,channel,ru,ru,0.997,165,103,103,24,307,7953,14
stroygazeta,ru,2,False,channel,ru,ru,1.0,192,148,147,51,281,2315,9
stroynadz,ru,2,False,channel,ru,ru,1.0,237,233,233,3,20171,78385,13
stroytmn,ru,2,False,channel,ru,ru,1.0,140,78,76,8,2719,7480,15
studyfaculty,ru,2,False,channel,ru,ru,1.0,113,93,84,0,10044,44810,10
stuffybadger,ru,2,False,channel,ru,ru,1.0,27,26,26,1,1142,2948,15
stukch,ru,2,False,channel,ru,ru,1.0,195,179,179,59,2474,19617,6
stupormundiofficial,ru,2,False,channel,ru,ru,1.0,12,12,10,1,336,132,8
stv92ru,ru,2,False,channel,ru,ru,1.0,644,490,487,47,544,8329,7
stv_tv,ru,2,False,channel,ru,ru,0.997,188,149,131,66,1134,5745,6
stwupid_sitting,ru,2,False,channel,unknown,unknown,0.0,1120,892,0,0,447,2071,14
su2050,ru,2,False,channel,ru,ru,1.0,139,115,80,23,55714,79652,8
su_skr32,ru,2,False,channel,ru,ru,1.0,111,77,77,30,135,1136,11
subject_main,ru,2,False,channel,ru,ru,1.0,216,210,207,77,5949,7425,18
subject_skfo,ru,2,False,channel,ru,ru,1.0,50,49,49,0,5712,30,18
subject_south,ru,2,False,channel,ru,ru,1.0,49,49,49,0,73,164,18
success_bizn,ru,2,False,channel,ru,ru,0.997,43,43,43,0,16224,7170,20
suchstuff,ru,2,False,channel,ru,ru,1.0,38,38,38,3,5446,9689,14
sueverdem,ru,2,False,channel,ru,ru,0.997,98,72,72,7,13319,51075,9
suhov_irk,ru,2,False,channel,ru,ru,1.0,19,12,12,0,166,66,10
sultanhamzaev,ru,2,False,channel,ru,ru,1.0,215,174,164,57,149986,234363,13
sungorkin_post,ru,2,False,channel,ru,ru,0.992,170,133,118,57,64,217,12
super_redaktor,ru,2,False,empty,unknown,unknown,0.0,0,0,0,0,,,
supercartoonion,ru,2,False,channel,ru,ru,1.0,95,88,82,15,5987,4411,12
superchat_360,ru,2,False,group,ru,ru,0.978,8439,8232,4715,187,29684,2886,8
superru,ru,2,False,channel,ru,ru,0.991,323,224,223,2,91622,199698,8
supersvasebot,ru,2,False,empty,unknown,unknown,0.0,0,0,0,0,,,
suralov_bot,ru,2,False,channel,ru,ru,1.0,217,93,10,1,5159,10314,21
surgut_region_news,ru,2,False,channel,ru,ru,1.0,449,300,284,17,619,3231,7
suroviemami,ru,2,False,channel,ru,ru,1.0,358,313,313,25,1497,1257,19
sursk,ru,2,False,channel,ru,ru,1.0,132,100,100,7,4580,43584,13
survmed03,ru,2,False,channel,ru,ru,1.0,52,46,44,2,2490,6343,15
susaninudm,ru,2,False,channel,ru,ru,1.0,146,141,141,11,699,6665,8
susaqalasi,ru,2,False,channel,ru,ru,1.0,105,96,94,3,35,30,12
susk08,ru,2,False,channel,ru,ru,1.0,144,110,106,68,153,873,9
suvorovdnestr,ru,2,False,channel,ru,ru,1.0,126,114,114,37,169,1963,13
suvorovschool,ru,2,False,channel,ru,ru,1.0,167,55,51,20,1132,2314,17
suzdaltsev,ru,2,False,channel,ru,ru,1.0,605,593,586,177,2962,2590,21
sv_zavodik,ru,2,False,channel,ru,ru,1.0,231,170,166,13,731,2296,16
svalka12,ru,2,False,empty,unknown,unknown,0.0,0,0,0,0,,2,
svaoer,ru,2,False,channel,ru,ru,1.0,49,21,19,19,198,548,15
svarshiki_bot,ru,2,False,empty,unknown,unknown,0.0,0,0,0,0,,,
svbezdenezhnykh,ru,2,False,channel,ru,ru,1.0,39,14,14,27,740,1103,7
sverdpk,ru,2,False,channel,ru,ru,1.0,89,49,42,16,313,789,7
sveta_kaverzina,ru,2,False,channel,ru,ru,0.994,181,126,115,2,462,2042,7
svetekb,ru,2,False,channel,ru,ru,0.997,1427,789,753,12,13094,82439,16
svetlanast5,ru,2,False,empty,unknown,unknown,0.0,0,0,0,0,,,
svetlay446,ru,2,False,empty,unknown,unknown,0.0,0,0,0,0,,,
svetorada31,ru,2,False,empty,unknown,unknown,0.0,0,0,0,0,,,
svetpriangaria38,ru,2,False,channel,ru,ru,1.0,209,98,90,0,1968,26931,8
svetskle_hroniki,ru,2,False,channel,ru,ru,1.0,400,291,289,15,73897,135447,7
svetskoe,ru,2,False,channel,ru,ru,0.997,91,86,86,0,17132,37468,14
svinkavobmoroke,ru,2,False,channel,ru,ru,1.0,12,8,6,6,249838,74799,11
svintrovert,ru,2,False,channel,ru,ru,1.0,169,115,115,1,30324,83593,8
sviridovmedia,ru,2,False,channel,ru,ru,1.0,71,57,57,6,2261,1772,19
svo_don_bot,ru,2,False,empty,unknown,unknown,0.0,0,0,0,0,,,
svo_online,ru,2,False,channel,ru,ru,1.0,65,37,37,8,4406,55654,11
svobodnieslova,ru,2,False,channel,ru,ru,1.0,178,141,138,14,23961,111764,13
svobodnyjkraj,ru,2,False,empty,unknown,unknown,0.0,0,0,0,0,,5,
svobodovizion,ru,2,False,channel,uk,uk,1.0,36,21,19,3,248,164,8
svodka_25,ru,2,False,empty,unknown,unknown,0.0,0,0,0,0,,51,
svodki_dpr_bot,ru,2,False,empty,unknown,unknown,0.0,0,0,0,0,,,
svodkidpr,ru,2,False,empty,unknown,unknown,0.0,0,0,0,0,,14,
svoetv,ru,2,False,channel,ru,ru,1.0,801,747,733,35,1786,16698,7
svoi_region33,ru,2,False,channel,ru,ru,1.0,69,42,41,0,3194,1267,20
svoi_shenok,ru,2,False,empty,unknown,unknown,0.0,0,0,0,0,,,
svoidanash,ru,2,False,channel,ru,ru,1.0,91,84,83,56,11362,25010,8
svoihnebrosaemkrd,ru,2,False,empty,unknown,unknown,0.0,0,0,0,0,,126,
svoixnebrosaemzzz,ru,2,False,group,ru,ru,0.988,3094,2979,2326,563,51053,7460,10
svolochandborshch,ru,2,False,channel,ru,ru,1.0,56,29,17,1,386,499,15
svorodina,ru,2,False,channel,ru,ru,1.0,45,36,32,0,76,48,11
svoseti,ru,2,False,channel,ru,ru,1.0,21,18,16,1,3414,1789,20
svouxnebrosaemmoss,ru,2,False,channel,ru,ru,0.997,213,90,87,34,198,642,19
svpressaru,ru,2,False,channel,ru,ru,1.0,166,158,151,53,5199,15989,9
svr_lnr,ru,2,False,channel,ru,ru,1.0,381,184,181,232,1241,7935,12
svtlnlz,ru,2,False,empty,unknown,unknown,0.0,0,0,0,0,,,
svtv_suggest_bot,ru,2,False,empty,unknown,unknown,0.0,0,0,0,0,,,
svtvnews_bot,ru,2,False,empty,unknown,unknown,0.0,0,0,0,0,,,
svxural,ru,2,False,channel,ru,ru,1.0,91,91,84,0,1158,3545,10
svyatoydnya,ru,2,False,channel,ru,ru,0.984,57,57,57,0,428,1256,5
svyaznoymoybot,ru,2,False,empty,unknown,unknown,0.0,0,0,0,0,,,
swezhesty,ru,2,False,empty,unknown,unknown,0.0,0,0,0,0,,1,
swim_to_me,ru,2,False,channel,ru,ru,0.988,218,216,215,5,6536,8439,6
sybariticnews,ru,2,False,channel,ru,ru,1.0,31,27,26,1,603,543,23
syktyvkar01bot,ru,2,False,empty,unknown,unknown,0.0,0,0,0,0,,,
syntechno,ru,2,False,channel,ru,ru,1.0,4,4,3,0,247,319,6
syrovarnya_official,ru,2,False,channel,ru,ru,1.0,19,19,19,0,6125,8455,16
sysoevfmdubai,ru,2,False,channel,ru,ru,1.0,294,123,123,0,9952,21622,6
sysoevfmkazan,ru,2,False,channel,ru,ru,1.0,67,42,42,0,1738,4391,12
sysoevfmspb,ru,2,False,channel,ru,ru,0.994,99,64,64,1,6641,16093,9
sysoevsasha,ru,2,False,empty,unknown,unknown,0.0,0,0,0,0,,,
szagatin,ru,2,False,empty,unknown,unknown,0.0,0,0,0,0,,113,
szfo_media,ru,2,False,channel,ru,ru,1.0,398,374,374,377,2050,1622,6
szhurova,ru,2,False,channel,ru,ru,1.0,63,30,21,2,320,565,21
szsocpit,ru,2,False,channel,ru,ru,1.0,270,160,155,48,173,2873,9
t2024,ru,2,False,empty,unknown,unknown,0.0,0,0,0,0,,161,
t_khabarovsk,ru,2,False,channel,ru,ru,0.997,412,361,351,0,679,2927,10
t_sakharova51,ru,2,False,channel,ru,ru,1.0,105,45,45,24,260,469,11
t_uchkeken,ru,2,False,channel,ru,ru,1.0,75,29,29,70,2892,5417,16
ta_bor,ru,2,False,channel,ru,ru,1.0,60,18,17,5,7844,18918,10
tablichki_ussr,ru,2,False,channel,ru,ru,0.997,90,83,83,0,748,2316,7
tacmedsib,ru,2,False,channel,ru,ru,1.0,52,44,37,20,844,1236,16
tactialjewchannel,ru,2,False,channel,ru,ru,0.997,184,165,165,91,2532,12343,16
tadar_chiri,ru,2,False,channel,ru,ru,0.991,109,107,86,10,204,383,12
tadza,ru,2,False,channel,ru,ru,1.0,32,32,32,0,10331,16910,15
taechka79,ru,2,False,empty,unknown,unknown,0.0,0,0,0,0,,,
tagankaroof,ru,2,False,empty,unknown,unknown,0.0,0,0,0,0,,7,
taimyr_24,ru,2,False,channel,ru,ru,1.0,74,73,73,13,1082,1423,9
taina_polit,ru,2,False,channel,ru,ru,1.0,525,498,498,63,9359,119718,7
takeoff_ru,ru,2,False,channel,ru,ru,1.0,28,20,18,0,2672,2560,14
takiedela,ru,2,False,channel,ru,ru,1.0,229,118,118,7,2530,24874,12
takinet,ru,2,False,empty,unknown,unknown,0.0,0,0,0,0,,57,
takova_istoria,ru,2,False,channel,ru,ru,1.0,24,11,10,1,169,1100,14
takusayko,ru,2,False,channel,ru,ru,1.0,105,54,53,29,159,538,8
talish_vestnik,ru,2,False,empty,unknown,unknown,0.0,0,0,0,0,,1174,
tambovchanka_ya,ru,2,False,channel,ru,ru,1.0,8,8,8,6,665,766,12
tambovstories,ru,2,False,channel,ru,ru,1.0,67,58,58,11,2544,28521,11
tamerlan,ru,2,False,empty,unknown,unknown,0.0,0,0,0,0,,,
tammat_tv,ru,2,False,channel,ru,ru,0.988,191,171,85,32,35,14,17
tandroidapk,ru,2,False,channel,en,en,1.0,8,8,8,0,374262,256508,8
tangaroa1224,ru,2,False,channel,ru,ru,0.994,301,279,259,118,1216,928,4
tankgenerator,ru,2,False,empty,unknown,unknown,0.0,0,0,0,0,,,
tankoil,ru,2,False,channel,ru,ru,1.0,14,14,14,9,375,183,6
tanyabutskaya,ru,2,False,empty,unknown,unknown,0.0,0,0,0,0,,77,
tanyagold88,ru,2,False,empty,unknown,unknown,0.0,0,0,0,0,,,
tanyav22,ru,2,False,empty,unknown,unknown,0.0,0,0,0,0,,,
tarasenko_av,ru,2,False,channel,ru,ru,1.0,36,18,18,16,883,409,1
tarbaev_sangadji,ru,2,False,channel,ru,ru,1.0,26,12,10,0,1155,3517,7
tarotchronicles,ru,2,False,channel,ru,ru,0.987,84,52,46,16,324,832,14
tarumovka1_news,ru,2,False,channel,ru,ru,1.0,354,204,180,169,179,1225,15
tashkent_land,ru,2,False,channel,ru,ru,0.997,1247,804,797,133,4491,32964,9
tasmanianangel,ru,2,False,empty,unknown,unknown,0.0,0,0,0,0,,,
tatar,ru,2,False,empty,unknown,unknown,0.0,0,0,0,0,,,
tatarcha_soylash,ru,2,False,channel,ru,ru,1.0,15,15,15,0,1479,2260,7
tatarcorona,ru,2,False,empty,unknown,unknown,0.0,0,0,0,0,,3,
tatarinov_r,ru,2,False,empty,unknown,unknown,0.0,0,0,0,0,,935,
tatarstan24tv,ru,2,False,channel,ru,ru,1.0,969,758,660,189,2255,16218,12
tatarstanza,ru,2,False,channel,ru,ru,0.997,345,273,273,107,189,2426,11
tatevhayrapetyan,ru,2,False,channel,et,et,0.984,75,75,72,0,677,4709,7
tatiana_italia_russia,ru,2,False,channel,it,it,0.997,147,124,112,42,2525,21725,18
tatmediaofficial,ru,2,False,channel,ru,ru,1.0,2077,1211,1207,491,5502,47793,17
tatmediaofftop,ru,2,False,empty,unknown,unknown,0.0,0,0,0,0,,21,
tatmitropolia,ru,2,False,channel,ru,ru,1.0,128,97,97,0,549,4295,17
tatnewstatar,ru,2,False,channel,ru,ru,0.994,100,83,83,22,475,4823,18
tatoschaspb,ru,2,False,empty,unknown,unknown,0.0,0,0,0,0,,,
tatuirovshik,ru,2,False,empty,unknown,unknown,0.0,0,0,0,0,,,
tatvybory,ru,2,False,channel,ru,ru,1.0,209,187,187,68,585,2858,8
tatyaz,ru,2,False,channel,ru,ru,1.0,153,78,74,57,921,7089,15
taumos,ru,2,False,channel,ru,ru,1.0,74,36,35,0,4857,6604,8
tavri,ru,2,False,channel,ru,ru,1.0,345,209,205,51,526,3113,9
tavria_train,ru,2,False,channel,ru,ru,1.0,43,11,11,0,11433,64659,16
tavriya_kherson,ru,2,False,empty,unknown,unknown,0.0,0,0,0,0,,67,
taygainfo,ru,2,False,empty,unknown,unknown,0.0,0,0,0,0,,55,
taygaprival,ru,2,False,channel,ru,ru,0.984,1408,1046,1026,1146,690,2543,5
taynaya_kantselyariya,ru,2,False,channel,ru,ru,1.0,197,171,171,12,28073,426306,7
tayniyuzbek,ru,2,False,channel,ru,ru,0.991,1932,1534,1402,1566,539,4185,17
tbashkiria,ru,2,False,channel,ru,ru,1.0,206,67,38,10,223,1173,3
tbilisi_life,ru,2,False,channel,ru,ru,0.994,409,334,331,63,6127,30960,8
tdagestan,ru,2,False,empty,unknown,unknown,0.0,0,0,0,0,,1,
tdkimoor,ru,2,False,channel,ru,ru,1.0,8,6,6,2,4408,1777,6
teachers_union,ru,2,False,channel,ru,ru,1.0,34,21,21,19,3411,3777,11
team_milov,ru,2,False,channel,ru,ru,1.0,85,80,80,3,18266,31932,13
teamnavalny_bot,ru,2,False,empty,unknown,unknown,0.0,0,0,0,0,,,
teamsobol,ru,2,False,empty,unknown,unknown,0.0,0,0,0,0,,123,
teatralmedia,ru,2,False,channel,ru,ru,1.0,125,125,121,0,2181,18411,15
teatrvz,ru,2,False,channel,ru,ru,1.0,19,19,19,2,10110,6611,13
technogramtech,ru,2,False,empty,unknown,unknown,0.0,0,0,0,0,,14,
technology_vs_geology,ru,2,False,channel,ru,ru,0.994,287,285,285,14,580,2909,3
technomoscow,ru,2,False,empty,unknown,unknown,0.0,0,0,0,0,,6,
techpobedabot,ru,2,False,empty,unknown,unknown,0.0,0,0,0,0,,,
teckteck,ru,2,False,channel,ru,ru,1.0,32,32,32,6,3449,9282,10
tehniqum,ru,2,False,channel,ru,ru,0.988,195,192,190,0,179,1063,13
telavivchat,ru,2,False,group,ru,ru,0.988,4586,4515,3872,58,210109,4253,20
teleact54,ru,2,False,channel,ru,ru,1.0,655,447,446,3,54627,270008,9
telega196,ru,2,False,empty,unknown,unknown,0.0,0,0,0,0,,,
telega_spravedlivosti,ru,2,False,channel,ru,ru,1.0,348,243,241,297,211,3127,12
telega_vladivostok,ru,2,False,channel,ru,ru,1.0,141,120,118,67,26976,64656,12
telegadm,ru,2,False,empty,unknown,unknown,0.0,0,0,0,0,,,
telegakubani,ru,2,False,channel,ru,ru,1.0,97,90,90,13,12616,118474,7
telegamera,ru,2,False,empty,unknown,unknown,0.0,0,0,0,0,,30,
telegaonlineofficial,ru,2,False,channel,ru,ru,1.0,175,162,150,1,273,70103,11
telegaotradnaya,ru,2,False,channel,unknown,ru,0.0,12,12,12,12,175,201,17
telegavr,ru,2,False,channel,ru,ru,1.0,24,18,13,6,609,2328,11
telegram,ru,2,False,channel,en,en,1.0,5,5,5,0,6223297,10048397,16
telekanalstalingrad,ru,2,False,channel,ru,ru,0.997,906,869,850,210,12576,83670,15
telemiks,ru,2,False,channel,ru,ru,1.0,137,133,131,8,2974,13669,7
telran,ru,2,False,group,ru,ru,0.99,6445,6434,5976,67,9300,7961,12
tema_dnya_uz,ru,2,False,channel,ru,ru,1.0,130,123,119,18,299,470,8
temablog,ru,2,False,empty,unknown,unknown,0.0,0,0,0,0,,639,
temamatch,ru,2,False,channel,ru,ru,1.0,75,75,75,1,507,2673,9
temnikova_yuliya,ru,2,False,channel,ru,ru,1.0,129,71,71,0,15656,31984,12
tengrinews,ru,2,False,channel,ru,ru,0.994,320,278,276,9,62423,255335,4
tenysurka,ru,2,False,channel,unknown,ru,0.0,490,445,441,488,20,164,19
teory_elit,ru,2,False,channel,ru,ru,1.0,334,263,263,0,11443,14854,11
teplomateri,ru,2,False,channel,ru,ru,0.989,32,16,14,0,6683,653,16
teplova_pishet,ru,2,False,channel,ru,ru,1.0,20,20,19,9,924,480,13
terem0k_bot,ru,2,False,empty,unknown,unknown,0.0,0,0,0,0,,,
terem_teremok,ru,2,False,channel,ru,ru,1.0,155,84,84,28,2845,5687,11
teremchek,ru,2,False,channel,ru,ru,1.0,48,38,32,5,3420,1082,16
tereshkovaave,ru,2,False,channel,ru,ru,0.993,211,72,55,51,437,1370,11
terminal_nn,ru,2,False,channel,ru,ru,1.0,19,9,9,0,553,3079,17
teryushkov,ru,2,False,channel,ru,ru,1.0,30,22,21,0,1362,1016,11
terzaroma,ru,2,False,channel,it,it,0.997,486,416,414,31,2865,17492,18
terzdrsm,ru,2,False,channel,ru,ru,1.0,599,585,578,267,2121,5107,6
tethis,ru,2,False,channel,ru,ru,1.0,363,332,332,50,2675,41958,12
tetkino,ru,2,False,channel,ru,ru,0.997,649,439,430,31,7411,37109,14
tg_analytics_bot,ru,2,False,empty,unknown,unknown,0.0,0,0,0,0,,,
tg_music_bot,ru,2,False,empty,unknown,unknown,0.0,0,0,0,0,,,
tgalertsbot,ru,2,False,empty,unknown,unknown,0.0,0,0,0,0,,,
tgavia,ru,2,False,channel,ru,ru,0.989,101,81,81,88,26,181,7
tggallery,ru,2,False,empty,unknown,unknown,0.0,0,0,0,0,,260,
tginfo,ru,2,False,channel,ru,ru,1.0,32,32,28,1,18557,82742,14
tgmusicbot,ru,2,False,empty,unknown,unknown,0.0,0,0,0,0,,,
tgpolit,ru,2,False,channel,ru,ru,1.0,87,87,87,0,69,459,11
tgsudalt,ru,2,False,channel,ru,ru,1.0,66,61,59,0,1159,2369,4
tgtechnograd,ru,2,False,channel,ru,ru,1.0,62,17,14,7,1158,3652,14
the_diletant,ru,2,False,channel,ru,ru,0.941,14,13,13,10,4161,3899,15
the_forge_of_the_mordor,ru,2,False,empty,unknown,unknown,0.0,0,0,0,0,,237,
the_kindest_channel,ru,2,False,channel,ru,ru,1.0,366,145,145,0,7846,46322,9
the_steeple,ru,2,False,channel,ru,ru,1.0,43,35,32,3,1344,355,18
the_yana_poplavskaya,ru,2,False,channel,ru,ru,1.0,135,115,108,19,26153,170637,11
theaftertimes,ru,2,False,channel,ru,ru,0.966,238,219,94,54,8545,16796,10
thealanone,ru,2,False,empty,unknown,unknown,0.0,0,0,0,0,,,
theatremabu,ru,2,False,empty,unknown,unknown,0.0,0,0,0,0,,109,
thebadcomedian,ru,2,False,channel,ru,ru,1.0,39,31,30,0,340160,596754,16
thebell_io,ru,2,False,channel,ru,ru,1.0,283,274,274,3,32076,105268,8
theblitznews,ru,2,False,channel,ru,ru,1.0,158,120,120,27,422,738,14
theblueprintru,ru,2,False,channel,ru,ru,1.0,483,207,200,54,8426,94313,16
thebogdee,ru,2,False,empty,unknown,unknown,0.0,0,0,0,0,,,
thecity24,ru,2,False,channel,ru,ru,1.0,522,178,165,18,5101,25413,11
thecoffeeology,ru,2,False,channel,ru,ru,1.0,115,47,47,6,2585,8783,17
thefinansist,ru,2,False,channel,ru,ru,0.991,113,107,103,0,1612,17246,6
theinnovations,ru,2,False,channel,ru,ru,1.0,29,29,28,0,846,4095,7
theinsider,ru,2,False,channel,ru,ru,1.0,490,482,482,32,41308,141981,11
thelastrussianwarrior,ru,2,False,channel,ru,ru,1.0,247,186,186,29,1419,18038,11
themedia,ru,2,False,channel,ru,ru,1.0,53,42,41,30,2193,10893,10
themixology,ru,2,False,channel,ru,ru,1.0,148,56,51,1,6997,17056,13
themoscow_post,ru,2,False,empty,unknown,unknown,0.0,0,0,0,0,,0,
therovsh,ru,2,False,channel,ru,ru,1.0,2,2,2,0,6594,110,6
thestandonrublevka,ru,2,False,channel,ru,ru,1.0,8,8,8,0,216,264,8
thestudyofwar,ru,2,False,channel,de,de,0.571,222,33,29,0,237,529,22
thetimes,ru,2,False,empty,unknown,unknown,0.0,0,0,0,0,,1714,
thevatnick,ru,2,False,channel,ru,ru,1.0,182,167,167,0,1442,16469,6
thevyshka,ru,2,False,channel,ru,ru,0.996,61,40,39,0,4723,8092,17
thewineology,ru,2,False,channel,ru,ru,1.0,62,38,37,0,2737,6499,8
thewmb,ru,2,False,channel,ru,ru,1.0,13,10,10,1,8476,8118,10
theword_in_the_beginning,ru,2,False,channel,ru,ru,1.0,142,134,130,62,260,1575,5
theworldisnoteasy,ru,2,False,channel,ru,ru,1.0,13,13,13,0,26449,73907,12
thezfiles,ru,2,False,channel,bg,bg,0.817,25,15,15,1,13897,8565,7
think_and_getrich,ru,2,False,empty,unknown,unknown,0.0,0,0,0,0,,23,
thinkoutofthemusicbox,ru,2,False,channel,ru,ru,1.0,29,24,23,6,527,368,11
third_guard_bot,ru,2,False,empty,unknown,unknown,0.0,0,0,0,0,,,
thirtyminutesssbot,ru,2,False,empty,unknown,unknown,0.0,0,0,0,0,,,
this_is_goncharov,ru,2,False,empty,unknown,unknown,0.0,0,0,0,0,,2898,
thisistsur,ru,2,False,channel,ru,ru,1.0,45,37,36,0,2350,6693,7
tholus,ru,2,False,empty,unknown,unknown,0.0,0,0,0,0,,,
throatechoofthestruggle,ru,2,False,channel,ru,ru,0.994,198,149,135,18,867,1806,9
thynk,ru,2,False,channel,ru,ru,0.983,1009,385,384,68,12139,70574,14
ti_fl_gs,ru,2,False,channel,ru,ru,0.995,38,33,31,2,1834,2380,20
tigra_tut,ru,2,False,empty,unknown,unknown,0.0,0,0,0,0,,,
tigrabux,ru,2,False,empty,unknown,unknown,0.0,0,0,0,0,,,
tigrenok_tv,ru,2,False,channel,ru,ru,0.974,172,96,96,82,903,3516,9
tihyidon,ru,2,False,channel,unknown,ru,0.0,52,43,43,52,764,2520,8
tikandelaki,ru,2,False,channel,ru,ru,1.0,188,151,133,20,56824,310559,9
tim_news,ru,2,False,channel,ru,ru,1.0,107,66,63,39,2600,6618,8
timanpechora,ru,2,False,channel,ru,ru,1.0,66,66,66,33,100,408,7
timber_uub_bot,ru,2,False,empty,unknown,unknown,0.0,0,0,0,0,,,
timberwoodpulp,ru,2,False,channel,ru,ru,1.0,63,54,54,33,564,431,6
timborisov,ru,2,False,channel,ru,ru,1.0,210,210,207,18,786,3784,14
timesru,ru,2,False,channel,ru,ru,1.0,31,22,17,3,11309,7366,18
timur_i_amur,ru,2,False,channel,ru,ru,1.0,69,69,69,22,1380,1587,10
tinkoffbank,ru,2,False,channel,ru,ru,1.0,117,40,39,3,77050,331552,10
tip_enakievo,ru,2,False,channel,ru,ru,1.0,1663,878,848,324,4223,30211,17
tipbelgorod,ru,2,False,channel,ru,ru,0.997,249,168,168,0,4003,9274,7
tipich_apsheronsk,ru,2,False,channel,ru,ru,0.991,679,444,403,60,5880,32419,7
tipichkras,ru,2,False,channel,ru,ru,1.0,837,513,511,20,19953,127115,8
tir_team,ru,2,False,empty,unknown,unknown,0.0,0,0,0,0,,,
tirdea,ru,2,False,channel,ru,ru,1.0,1338,1247,1245,524,2833,9430,6
titovsky_al,ru,2,False,channel,ru,ru,1.0,72,25,25,7,1791,3007,8
tjk_every_day,ru,2,False,channel,ru,ru,1.0,239,219,216,38,106,724,7
tk_group,ru,2,False,empty,unknown,unknown,0.0,0,0,0,0,,671,
tk_krd,ru,2,False,channel,ru,ru,1.0,239,142,141,14,1537,11984,8
tkachevnl,ru,2,False,channel,ru,ru,1.0,29,24,24,4,811,2237,10
tlk_group,ru,2,False,empty,unknown,unknown,0.0,0,0,0,0,,9692,
tlresbot,ru,2,False,empty,unknown,unknown,0.0,0,0,0,0,,,
tlvgov,ru,2,False,channel,ru,ru,1.0,18,18,18,0,831,560,19
tmbcan,ru,2,False,channel,ru,ru,1.0,325,249,244,82,530,4119,12
tmbreport,ru,2,False,channel,ru,ru,1.0,280,173,171,10,504,6701,9
tmelnychuk,ru,2,False,channel,uk,uk,1.0,125,110,110,72,2399,11916,15
tmh_global,ru,2,False,channel,ru,ru,1.0,71,35,33,31,2461,7545,17
tmn1900,ru,2,False,channel,ru,ru,1.0,61,40,40,1,258,457,8
tmn_bgregion72,ru,2,False,channel,ru,ru,1.0,90,78,78,3,1745,3108,9
tmn_incident,ru,2,False,channel,ru,ru,0.997,1157,830,830,7,2416,12249,11
tmnoblsud72,ru,2,False,channel,ru,ru,1.0,153,133,128,3,966,3065,11
tnp_spas,ru,2,False,channel,ru,ru,1.0,4,4,4,0,37657,2708,17
tnt_marketing,ru,2,False,channel,ru,ru,0.964,13,10,10,2,1445,4014,15
to_deptrans_bot,ru,2,False,empty,unknown,unknown,0.0,0,0,0,0,,,
to_feedbackbot,ru,2,False,empty,unknown,unknown,0.0,0,0,0,0,,,
tochka_radio,ru,2,False,empty,unknown,unknown,0.0,0,0,0,0,,37,
tochkadonbassa2,ru,2,False,channel,ru,ru,0.992,207,145,144,178,275,498,8
tochkivtire,ru,2,False,channel,ru,ru,1.0,230,97,86,24,86,311,17
todorovaanna,ru,2,False,channel,ru,ru,1.0,39,25,24,17,604,313,8
tohhhta,ru,2,False,channel,ru,ru,1.0,52,28,28,49,2576,5113,10
tokaevakotik,ru,2,False,channel,ru,ru,1.0,252,226,219,162,211,284,10
tokanamd,ru,2,False,channel,ru,ru,1.0,292,252,249,12,4956,10535,8
tolknews,ru,2,False,channel,ru,ru,1.0,787,413,407,1,1647,13853,1
tomanovldpr,ru,2,False,channel,ru,ru,1.0,77,39,32,30,139,763,13
tomastorkvemadaz,ru,2,False,channel,ru,ru,0.989,650,614,601,267,2765,3233,19
tomilinnikita,ru,2,False,channel,ru,ru,0.984,44,34,33,14,451,9214,17
tomsk,ru,2,False,empty,unknown,unknown,0.0,0,0,0,0,,,
tomskmarathon,ru,2,False,channel,ru,ru,1.0,35,11,9,0,780,3083,11
tomskpolit,ru,2,False,channel,ru,ru,1.0,49,26,26,13,3936,5316,6
tomskuniversity,ru,2,False,channel,ru,ru,1.0,145,117,85,6,2941,12289,7
tonylifez,ru,2,False,channel,ru,ru,0.983,193,193,133,27,429,203,19
tooseriousnotes,ru,2,False,channel,ru,ru,1.0,267,62,60,1,7118,34584,14
topbalt,ru,2,False,channel,ru,ru,1.0,46,46,44,11,975,577,11
topblog_rsv,ru,2,False,channel,ru,ru,1.0,51,23,23,2,3224,13669,7
topecopro,ru,2,False,channel,ru,ru,1.0,22,22,22,5,261,269,6
topevg,ru,2,False,empty,unknown,unknown,0.0,0,0,0,0,,,
topgun_spb,ru,2,False,channel,ru,ru,1.0,286,178,169,143,6717,34995,13
topilinma,ru,2,False,channel,ru,ru,1.0,67,54,48,15,155,489,6
topinfographic,ru,2,False,channel,ru,ru,1.0,31,30,30,17,2142,20016,11
topkapkan,ru,2,False,channel,ru,ru,0.997,281,220,220,9,2430,16845,10
topkbr,ru,2,False,channel,ru,ru,1.0,597,539,527,404,1343,6079,7
topof1,ru,2,False,channel,ru,ru,0.988,440,138,137,85,98,393,11
toprlt,ru,2,False,empty,unknown,unknown,0.0,0,0,0,0,,7,
topspb_tv,ru,2,False,channel,ru,ru,1.0,673,638,620,39,4215,25160,18
topyo_media,ru,2,False,channel,ru,ru,1.0,83,49,46,0,2567,14946,17
tor_vladimir,ru,2,False,channel,ru,ru,0.997,955,882,875,528,35,80,22
toramanj_terdema,ru,2,False,channel,ru,ru,0.929,32,20,20,11,447,490,13
torboznoe_radio,ru,2,False,channel,ru,ru,0.997,331,280,265,58,4860,30492,23
torpedofutsal,ru,2,False,channel,ru,ru,0.994,220,144,132,4,400,4410,15
torpedonn,ru,2,False,channel,ru,ru,0.994,325,218,214,11,3642,60942,14
torprim,ru,2,False,channel,ru,ru,0.997,99,93,89,44,2197,8977,1
tourdom,ru,2,False,channel,ru,ru,1.0,734,654,637,18,14055,79711,6
tourism_urfu,ru,2,False,channel,ru,ru,1.0,31,9,9,1,325,332,7
tourismkunashirshikotan,ru,2,False,channel,ru,ru,1.0,194,113,106,13,679,2256,0
tovari_dnr,ru,2,False,empty,unknown,unknown,0.0,0,0,0,0,,2,
tovari_v_dnr,ru,2,False,channel,ru,ru,0.997,218,63,61,0,3004,639,12
tovaricartem,ru,2,False,channel,ru,ru,1.0,57,36,34,21,224,586,12
tovarish_levchenko,ru,2,False,empty,unknown,unknown,0.0,0,0,0,0,,2210,
tovgeneral,ru,2,False,channel,ru,ru,1.0,174,173,169,24,912,14797,7
tovt_anastasia,ru,2,False,channel,ru,ru,0.994,930,644,641,50,148,389,20
town62,ru,2,False,channel,ru,ru,1.0,5,5,5,0,16062,1127,8
tp_kruglyakova,ru,2,False,channel,ru,ru,1.0,288,97,97,1,252,1005,15
tpbela,ru,2,False,channel,ru,ru,1.0,211,159,159,5,5115,4990,10
tpolit,ru,2,False,channel,ru,ru,0.994,176,164,164,69,2093,4221,9
tr_ryazan,ru,2,False,channel,ru,ru,1.0,34,34,34,0,4815,1373,14
traditional_news,ru,2,False,channel,ru,ru,1.0,1015,663,561,984,94,1543,9
traditional_union,ru,2,False,channel,ru,ru,0.98,105,97,96,5,960,3319,12
traditsionalist,ru,2,False,channel,ru,ru,0.994,519,458,456,302,303,2084,21
translation_earmenian,ru,2,False,group,et,et,1.0,144,144,122,2,590,106,9
translation_westarmenian,ru,2,False,group,et,et,1.0,25,25,16,0,,97,19
transport,ru,2,False,empty,unknown,unknown,0.0,0,0,0,0,,514,
transport_mos_bot,ru,2,False,empty,unknown,unknown,0.0,0,0,0,0,,,
transportmedia,ru,2,False,channel,ru,ru,1.0,289,278,277,23,1606,938,7
trap_critics,ru,2,False,channel,ru,ru,1.0,24,22,22,0,19795,29995,11
trash73_bot,ru,2,False,empty,unknown,unknown,0.0,0,0,0,0,,,
trashpolka,ru,2,False,channel,ru,ru,0.997,91,71,68,7,299,485,23
trashpskov,ru,2,False,channel,ru,ru,0.991,290,288,288,1,749,5962,8
travel2younews,ru,2,False,channel,ru,ru,0.997,552,534,516,5,11504,22938,6
travelerdv,ru,2,False,channel,ru,ru,1.0,92,36,35,47,256,7949,8
treasuryofrussia,ru,2,False,channel,ru,ru,1.0,183,66,63,75,6200,21707,13
trempel_bel,ru,2,False,channel,ru,ru,1.0,6,6,5,0,4081,1560,7
trepangdv_exclusive,ru,2,False,channel,unknown,unknown,0.0,2,2,0,0,,5592,3
tresh73,ru,2,False,empty,unknown,unknown,0.0,0,0,0,0,,3186,
treskin,ru,2,False,channel,ru,ru,1.0,29,29,29,19,104,251,10
tretii_rim,ru,2,False,empty,unknown,unknown,0.0,0,0,0,0,,7,
tribunusplebis,ru,2,False,channel,ru,ru,0.988,372,338,319,115,807,1756,16
trinity_dn,ru,2,False,empty,unknown,unknown,0.0,0,0,0,0,,,
trinitydn,ru,2,False,channel,ru,ru,0.985,92,39,37,0,5102,26620,14
triplunch,ru,2,False,channel,ru,ru,1.0,64,40,32,2,63,153,17
triskobki,ru,2,False,channel,ru,ru,0.997,90,67,67,5,852,652,21
trk7ru,ru,2,False,channel,ru,ru,1.0,683,492,476,22,1006,6418,10
trkscat,ru,2,False,channel,ru,ru,0.997,316,288,281,2,105,472,11
trofim_opt,ru,2,False,channel,uk,uk,0.946,24,14,8,0,835,44688,14
trofim_zakaz,ru,2,False,empty,unknown,unknown,0.0,0,0,0,0,,,
trofimova_tv,ru,2,False,channel,ru,ru,1.0,49,46,22,3,115,20,14
trofimovonline,ru,2,False,channel,ru,ru,1.0,476,294,260,34,7670,51429,14
trubaotkacheley,ru,2,False,channel,ru,ru,1.0,61,61,61,22,206,2618,7
true_hohols_here,ru,2,False,channel,uk,uk,1.0,4,4,2,0,1334,4,21
truecon,ru,2,False,channel,ru,ru,1.0,65,55,54,12,7854,26139,6
trueegorov,ru,2,False,empty,unknown,unknown,0.0,0,0,0,0,,2,
truehabarcelona,ru,2,False,channel,ru,ru,1.0,302,273,264,52,2222,542,8
trueisrael,ru,2,False,channel,ru,ru,1.0,389,378,363,12,19579,133747,18
truekherson,ru,2,False,channel,ru,ru,1.0,44,30,30,5,8291,2938,14
truekpcrimea,ru,2,False,channel,ru,ru,1.0,744,564,553,195,215,1685,14
truekpru63,ru,2,False,channel,ru,ru,1.0,469,333,312,33,820,8707,8
truenorthcentre,ru,2,False,empty,unknown,unknown,0.0,0,0,0,0,,3,
trueolen,ru,2,False,empty,unknown,unknown,0.0,0,0,0,0,,159402,
truepolitsib,ru,2,False,channel,ru,ru,0.977,22,21,20,0,1110,3129,9
trueresearch_chat,ru,2,False,group,ru,ru,1.0,1343,1338,1317,55,7868,1238,7
truevgen,ru,2,False,channel,ru,ru,0.997,696,633,615,55,22447,42826,19
truexaadvertisingbot,ru,2,False,empty,unknown,unknown,0.0,0,0,0,0,,,
truexadnepr,ru,2,False,channel,uk,ru,1.0,894,888,886,3,124936,365296,20
truth_aggregator,ru,2,False,empty,unknown,unknown,0.0,0,0,0,0,,16,
tsar_inna,ru,2,False,channel,ru,ru,0.988,267,162,158,27,1324,6732,8
tsargradtv,ru,2,False,empty,unknown,unknown,0.0,0,0,0,0,,357651,
tsarkrest_chat,ru,2,False,empty,unknown,unknown,0.0,0,0,0,0,,39,
tsarofkazan,ru,2,False,channel,ru,ru,1.0,28,28,28,1,2330,4853,8
tsehspace,ru,2,False,channel,ru,ru,1.0,25,9,8,10,897,6769,7
tselovalnikrussianspirits,ru,2,False,channel,ru,ru,1.0,94,50,48,4,476,1893,13
tsibulya_ua,ru,2,False,channel,ru,ru,0.997,311,255,254,24,7931,4347,7
tsinkeralex,ru,2,False,channel,ru,ru,1.0,126,126,126,11,1297,6532,6
tspyaterochka,ru,2,False,channel,ru,ru,0.989,35,23,13,0,211796,772517,7
tsur35,ru,2,False,channel,ru,ru,1.0,53,47,47,8,90,1190,13
tsur44_official,ru,2,False,channel,ru,ru,1.0,97,28,26,0,94,221,14
tsur51,ru,2,False,channel,ru,ru,1.0,35,18,18,0,187,709,8
tsur89,ru,2,False,channel,ru,ru,1.0,39,18,18,1,168,300,6
tsur_08,ru,2,False,channel,ru,ru,1.0,28,18,18,7,163,301,7
tsur_38,ru,2,False,channel,ru,ru,1.0,55,33,31,0,75,297,5
tsurkannikita,ru,2,False,empty,unknown,unknown,0.0,0,0,0,0,,185,
tsurkin,ru,2,False,channel,ru,ru,1.0,7,7,7,3,10698,5406,5
tsurofficial,ru,2,False,channel,ru,ru,1.0,65,48,48,17,2485,10381,15
tsvetkova_polina,ru,2,False,channel,ru,ru,1.0,173,66,45,6,489,2206,11
tsybulskiy_a,ru,2,False,channel,ru,ru,1.0,401,98,98,1,3320,10215,12
tsypkintherealone,ru,2,False,channel,ru,ru,0.997,89,88,86,0,39170,101249,13
tt_press_service,ru,2,False,empty,unknown,unknown,0.0,0,0,0,0,,13,
ttrstn,ru,2,False,channel,ru,ru,0.983,66,65,64,3,1293,2619,10
ttrstnnws,ru,2,False,channel,ru,ru,1.0,229,153,152,35,4530,37577,16
tulamolva,ru,2,False,empty,unknown,unknown,0.0,0,0,0,0,,9,
tularegion71,ru,2,False,channel,ru,ru,1.0,134,88,88,17,9346,28038,9
tumen1,ru,2,False,empty,unknown,unknown,0.0,0,0,0,0,,,
tumen_chp,ru,2,False,channel,ru,ru,1.0,243,201,201,0,6163,58612,5
tumenka,ru,2,False,channel,ru,ru,1.0,17,15,15,0,1015,9991,14
tumenka72_bot,ru,2,False,empty,unknown,unknown,0.0,0,0,0,0,,,
tumobog_bir,ru,2,False,channel,ru,ru,0.992,157,157,157,0,1026,25693,7
tunka_03,ru,2,False,channel,ru,ru,1.0,411,329,323,322,680,8739,15
turkesttann,ru,2,False,channel,ru,ru,1.0,47,44,44,10,1024,975,15
turkiyadagi_uzbeklar,ru,2,False,channel,bg,bg,0.869,222,182,180,32,7594,30287,7
turknws,ru,2,False,channel,ru,ru,1.0,634,568,556,0,3079,20965,18
turkulubu,ru,2,False,empty,unknown,unknown,0.0,0,0,0,0,,39,
turniketov_net,ru,2,False,channel,ru,ru,1.0,24,15,15,10,1063,4349,7
tusgaarburyad,ru,2,False,channel,ru,ru,1.0,34,16,11,9,1671,798,22
tusovochk,ru,2,False,channel,ru,ru,1.0,12,12,12,0,3619,4997,15
tutina,ru,2,False,channel,ru,ru,1.0,84,42,42,1,4069,21247,13
tutizberbash,ru,2,False,channel,ru,ru,1.0,491,366,331,416,1757,14010,8
tuvaunofficially,ru,2,False,channel,ru,ru,1.0,106,86,85,29,1188,7833,7
tuzbryanceva,ru,2,False,channel,ru,ru,1.0,64,45,31,0,607,1463,14
tv11advert,ru,2,False,channel,uk,uk,1.0,574,496,480,59,27,66,9
tv5priarg,ru,2,False,channel,unknown,unknown,0.0,2,2,2,0,1001,364,5
tv_pmr,ru,2,False,channel,ru,ru,0.997,721,583,573,7,2275,15077,15
tv_zvezda,ru,2,False,channel,ru,ru,0.95,1368,1368,1368,0,1368,9561,16
tver69live,ru,2,False,channel,ru,ru,1.0,97,72,70,5,858,3949,10
tver_unofficial,ru,2,False,channel,ru,ru,1.0,35,26,26,1,1791,1539,12
tverskey,ru,2,False,channel,ru,ru,1.0,104,80,77,8,8105,6139,9
tvgubernia,ru,2,False,channel,ru,ru,1.0,525,501,494,2,2017,20355,10
tvictimai,ru,2,False,channel,tr,tr,1.0,1406,1370,1364,0,565,11377,6
tvkirichkova,ru,2,False,channel,ru,ru,1.0,118,30,29,0,790,1202,9
tvknew,ru,2,False,channel,ru,ru,1.0,1226,834,785,91,6945,55464,9
tvoerazvitie,ru,2,False,channel,hr,hr,0.857,3,3,1,1,249,508,7
tvorimdodro,ru,2,False,group,ru,ru,0.991,1862,1312,965,221,7765,627,15
tvoya_moskwa,ru,2,False,empty,unknown,unknown,0.0,0,0,0,0,,4503,
tvoyhodspeak,ru,2,False,channel,ru,ru,1.0,172,90,80,1,1776,19166,13
tvoyspb,ru,2,False,channel,ru,ru,1.0,1435,988,989,215,546,7040,17
tvrm10,ru,2,False,channel,ru,ru,1.0,85,83,81,7,1078,4235,10
tvrmoldova,ru,2,False,channel,ro,ro,1.0,150,150,150,0,797,2229,10
tvsfera,ru,2,False,channel,ru,ru,1.0,167,141,139,22,250,1631,14
tvtacticalmed,ru,2,False,channel,ru,ru,1.0,98,93,58,15,4063,23117,9
two_majors,ru,2,False,channel,en,en,0.994,969,861,847,390,350,46751,23
tyapkin_72,ru,2,False,channel,ru,ru,1.0,61,60,60,24,1883,1606,4
tylovik_sm,ru,2,False,channel,ru,ru,1.0,39,27,25,3,1509,52,10
tymoshenko_kyrylo,ru,2,False,channel,uk,uk,0.997,327,158,157,69,44200,7751,9
tyomnaya_triada,ru,2,False,channel,ru,ru,1.0,37,21,21,15,750,700,14
typicalvoronezh,ru,2,False,channel,ru,ru,1.0,570,385,383,2,32353,375600,12
typichanty,ru,2,False,channel,ru,ru,1.0,296,176,176,20,288,806,6
typoanapa,ru,2,False,channel,ru,ru,0.989,785,399,399,310,5433,35624,15
typodar,ru,2,False,channel,ru,ru,0.997,503,341,331,183,12437,55868,12
typsochi,ru,2,False,empty,unknown,unknown,0.0,0,0,0,0,,,
tyumentopch,ru,2,False,channel,ru,ru,1.0,198,167,164,1,390,3289,12
tzarstvo27,ru,2,False,channel,ru,ru,1.0,88,85,85,5,3130,30631,2
tzitzak,ru,2,False,channel,ru,ru,1.0,667,600,594,50,179,8788,15
u_tomsk_u,ru,2,False,channel,ru,ru,1.0,38,28,26,9,564,1243,3
uanotru,ru,2,False,channel,ru,ru,0.997,1698,1644,1641,1103,885,8613,8
uaobozrevatel,ru,2,False,channel,uk,uk,1.0,3427,2733,2729,75,21950,65656,10
uav_tech,ru,2,False,channel,ru,ru,1.0,656,484,468,486,424,17485,5
uaweapons,ru,2,False,channel,en,en,0.991,146,95,95,0,5241,3060,17
uaz_today,ru,2,False,channel,ru,ru,1.0,43,30,28,0,802,10805,11
uchebkabryansk,ru,2,False,group,ru,ru,1.0,107,89,33,47,87890,983,17
udaltsova_78,ru,2,False,channel,ru,ru,1.0,21,17,16,10,591,1707,16
udm_info,ru,2,False,channel,ru,ru,1.0,279,256,252,70,3254,20331,7
udmbezb,ru,2,False,channel,ru,ru,1.0,17,17,17,0,872,547,10
udmtv,ru,2,False,channel,ru,ru,0.994,184,171,171,7,359,1069,10
udmurt_media,ru,2,False,channel,ru,ru,1.0,298,275,271,3,577,3466,8
ududaka,ru,2,False,channel,ru,ru,0.991,3157,2517,2464,803,1576,7351,15
uecrus_official,ru,2,False,channel,ru,ru,1.0,9,9,9,0,1751,23921,13
ufa1news,ru,2,False,channel,ru,ru,0.994,1052,891,878,47,1757,22765,4
ufa_rb,ru,2,False,channel,ru,ru,1.0,582,475,462,11,35884,269005,7
ufa_rb_bot,ru,2,False,empty,unknown,unknown,0.0,0,0,0,0,,,
ufacityinfo,ru,2,False,channel,ru,ru,0.991,408,260,256,0,3258,14085,2
ugasapiens,ru,2,False,channel,ru,ru,1.0,93,91,80,13,5004,4448,9
ugibdd86,ru,2,False,channel,ru,ru,0.997,236,142,89,28,774,3442,4
uglegorsknews,ru,2,False,channel,ru,ru,1.0,225,120,120,3,6991,12573,6
ugolnoje,ru,2,False,channel,ru,ru,0.973,45,45,30,11,634,368,17
ugolok_bibliotekarya1,ru,2,False,channel,ru,ru,1.0,84,81,81,15,345,,7
ugolokdoctora,ru,2,False,channel,ru,ru,1.0,1,1,1,0,1184,9191,14
ugra_ch,ru,2,False,channel,ru,ru,1.0,423,302,302,5,546,901,9
ugra_gibdd_bot,ru,2,False,empty,unknown,unknown,0.0,0,0,0,0,,,
ugractf,ru,2,False,group,ru,ru,0.997,8220,8213,7608,77,522,789,18
ugradepobr,ru,2,False,channel,ru,ru,1.0,29,15,14,11,1334,2082,9
ugranvp,ru,2,False,group,ru,ru,0.997,563,527,488,26,229340,298,8
ugz_ul,ru,2,False,channel,ru,ru,1.0,159,98,96,3,107,704,5
ukr_chr,ru,2,False,channel,tr,ru,1.0,57,57,53,19,223,993,15
ukr_islamist,ru,2,False,channel,ru,ru,1.0,27,24,24,1,354,321,8
ukr_leaks_srb,ru,2,False,channel,mk,mk,0.991,933,551,535,22,2042,47457,9
ukraine,ru,2,False,empty,unknown,unknown,0.0,0,0,0,0,,6424,
ukraineneveragain,ru,2,False,channel,ru,ru,0.973,163,151,121,11,3300,3223,12
ukrainereality,ru,2,False,empty,unknown,unknown,0.0,0,0,0,0,,409,
ukrainetopnews,ru,2,False,channel,ru,ru,1.0,1657,1437,1435,91,13512,6,9
ukrainianwarfootage,ru,2,False,channel,en,en,0.986,463,407,401,0,6322,15571,19
ukrenergo,ru,2,False,channel,uk,uk,1.0,56,56,55,1,74708,101066,9
ukrfunnypigs,ru,2,False,channel,ru,ru,0.987,655,550,540,21,2839,1578,17
ukropi,ru,2,False,channel,ru,ru,1.0,293,214,207,193,3187,2643,18
ulenshpigell,ru,2,False,channel,ru,ru,1.0,62,61,35,6,5133,11073,12
ulianastrizh,ru,2,False,channel,ru,ru,0.989,79,60,58,39,1137,9268,20
ulkompr_bot,ru,2,False,empty,unknown,unknown,0.0,0,0,0,0,,,
ulnovost,ru,2,False,channel,ru,ru,1.0,192,149,149,70,1008,3272,8
ulpressa73_bot,ru,2,False,empty,unknown,unknown,0.0,0,0,0,0,,,
ultimoralive,ru,2,False,channel,it,it,0.994,556,556,555,12,7313,12147,8
umerenkov_nazbol,ru,2,False,channel,ru,ru,1.0,76,67,66,44,79,295,9
umom_rossiyu_ne_ponyat,ru,2,False,channel,ru,ru,1.0,849,667,649,738,48,555,6
umoora72,ru,2,False,empty,unknown,unknown,0.0,0,0,0,0,,3693,
uncle_koka,ru,2,False,empty,unknown,unknown,0.0,0,0,0,0,,,
uncleberik,ru,2,False,empty,unknown,unknown,0.0,0,0,0,0,,533,
union_bbot,ru,2,False,empty,unknown,unknown,0.0,0,0,0,0,,,
union_of_veterans31,ru,2,False,channel,ru,ru,1.0,25,16,16,3,2788,1706,23
universitetmiet,ru,2,False,channel,ru,ru,0.994,129,79,78,3,998,7080,12
unpmd,ru,2,False,empty,unknown,unknown,0.0,0,0,0,0,,87,
unrealwelder,ru,2,False,channel,ru,ru,1.0,2049,1772,1716,2034,51,384,20
unwebtv,ru,2,False,empty,unknown,unknown,0.0,0,0,0,0,,9,
uocvin,ru,2,False,channel,uk,uk,1.0,102,72,65,4,554,1882,10
uole_museum,ru,2,False,empty,unknown,unknown,0.0,0,0,0,0,,78,
up_periscope,ru,2,False,channel,ru,ru,0.986,890,838,837,730,51,2759,7
upacredit,ru,2,False,empty,unknown,unknown,0.0,0,0,0,0,,,
upakredit,ru,2,False,channel,ru,ru,1.0,27,27,18,0,53,23,9
ural56ru,ru,2,False,channel,ru,ru,1.0,1410,940,939,10,11486,152248,5
ural_mash_bot,ru,2,False,empty,unknown,unknown,0.0,0,0,0,0,,,
uraldaily,ru,2,False,empty,unknown,unknown,0.0,0,0,0,0,,907,
uraleveryday,ru,2,False,empty,unknown,unknown,0.0,0,0,0,0,,3267,
uralexpressrzd,ru,2,False,channel,ru,ru,1.0,135,21,16,1,2706,3550,8
uralive,ru,2,False,empty,unknown,unknown,0.0,0,0,0,0,,,
uraltransmash,ru,2,False,channel,ru,ru,1.0,89,41,39,1,805,1951,8
uraltransprok,ru,2,False,channel,ru,ru,1.0,113,85,73,0,1283,3926,9
urban_36,ru,2,False,channel,ru,ru,0.996,136,113,108,74,83,331,10
urfo_info,ru,2,False,channel,ru,ru,1.0,218,103,97,47,234,3479,4
urfu_ru,ru,2,False,channel,ru,ru,0.991,93,60,59,11,9327,26723,7
uroboruuk,ru,2,False,empty,unknown,unknown,0.0,0,0,0,0,,,
usamarke1,ru,2,False,channel,ru,ru,1.0,81,73,72,0,15075,61126,5
username,ru,2,False,channel,en,en,1.0,1,1,1,0,13282672,1306273,8
ushkiklichko,ru,2,False,channel,ru,ru,0.991,300,294,293,10,9589,14883,7
usipechorina,ru,2,False,channel,ru,ru,1.0,82,78,78,0,1984,24601,13
uslegalnews,ru,2,False,channel,ru,ru,1.0,115,90,87,5,2603,16797,12
ussur_admin,ru,2,False,channel,ru,ru,1.0,257,112,110,62,2201,11786,5
ussurian_taiga,ru,2,False,group,ru,ru,0.99,16123,15933,15628,516,25246,222,9
usywilly,ru,2,False,channel,ru,ru,0.983,104,98,89,22,6118,10602,14
utair,ru,2,False,channel,ru,ru,1.0,32,24,21,0,3484,89038,7
utenkov_news,ru,2,False,empty,unknown,unknown,0.0,0,0,0,0,,1154,
utkin_ab,ru,2,False,channel,ru,ru,1.0,20,6,6,0,654,345,11
utopiyaproject,ru,2,False,channel,ru,ru,0.997,159,140,137,11,11607,31139,9
utravel_media,ru,2,False,channel,ru,ru,1.0,90,44,41,1,2295,9420,14
utro_briansk,ru,2,False,empty,unknown,unknown,0.0,0,0,0,0,,82,
utroblizko,ru,2,False,empty,unknown,unknown,0.0,0,0,0,0,,705,
utrom24,ru,2,False,empty,unknown,unknown,0.0,0,0,0,0,,14,
utroyuga,ru,2,False,channel,ru,ru,1.0,890,787,779,173,33,1308,9
utrozavod,ru,2,False,channel,ru,ru,1.0,223,101,100,15,1176,8011,14
utvufa,ru,2,False,channel,ru,ru,1.0,626,488,475,40,3014,22333,8
uub_prozorro_bot,ru,2,False,empty,unknown,unknown,0.0,0,0,0,0,,,
uwca_ru,ru,2,False,channel,ru,ru,1.0,6,4,4,0,23849,3898,11
uyut_postel,ru,2,False,channel,ru,ru,0.996,111,48,41,2,1094,1801,7
uyut_postel_tkani,ru,2,False,empty,unknown,unknown,0.0,0,0,0,0,,426,
uz24news_ru,ru,2,False,channel,ru,ru,0.997,282,191,191,0,860,5320,6
uzbairportsuz,ru,2,False,channel,ru,ru,0.969,269,248,242,0,3358,12347,16
uzelsv,ru,2,False,channel,ru,ru,0.997,1074,901,896,0,52340,120450,8
uzhukova,ru,2,False,channel,ru,ru,1.0,129,88,75,4,17925,41622,15
uznews_novosti,ru,2,False,channel,ru,ru,0.991,71,71,70,4,10830,32323,7
v9utra,ru,2,False,channel,ru,ru,1.0,140,140,140,0,9308,73565,6
v_c_tu,ru,2,False,channel,ru,ru,1.0,90,90,88,5,1375,2219,7
v_mashukov,ru,2,False,channel,ru,ru,1.0,71,40,25,17,187,114,7
v_pastukhov,ru,2,False,channel,ru,ru,1.0,36,36,36,3,121845,154468,11
v_poime,ru,2,False,channel,ru,ru,0.991,723,502,477,75,2736,10888,19
v_resin,ru,2,False,channel,ru,ru,1.0,26,13,13,0,271,5134,6
v_salde,ru,2,False,channel,ru,ru,1.0,491,237,219,12,3250,14198,9
v_sevastyanov,ru,2,False,channel,ru,ru,1.0,229,151,111,25,2715,6556,5
v_tuapse,ru,2,False,channel,ru,ru,1.0,105,90,88,13,1169,2974,6
v_v_demidov,ru,2,False,channel,ru,ru,1.0,181,63,61,0,5326,12083,17
va_konstantinov,ru,2,False,channel,ru,ru,1.0,77,40,40,0,1636,5482,11
vaaasha_masha,ru,2,False,channel,ru,ru,0.994,64,63,63,0,1309,3428,11
vacges2,ru,2,False,channel,ru,ru,1.0,86,59,46,3,4086,31959,15
vadarrusdeu,ru,2,False,channel,de,de,1.0,67,67,66,0,5461,4761,16
vademecum_live,ru,2,False,channel,ru,ru,1.0,335,334,334,16,2269,12529,11
vadim_afanasiev,ru,2,False,channel,ru,ru,1.0,53,44,43,0,475,2754,11
vadim_homin,ru,2,False,channel,ru,ru,1.0,64,32,32,2,84,69,12
vadim_kstenin,ru,2,False,channel,ru,ru,1.0,30,21,20,0,2777,1964,13
vadimvts1,ru,2,False,empty,unknown,unknown,0.0,0,0,0,0,,39,
vadovskaya,ru,2,False,channel,ru,ru,1.0,2,2,2,0,2032,991,12
vagner_group,ru,2,False,channel,ru,ru,0.997,1285,1049,1010,233,15157,22056,9
vagner_kherson,ru,2,False,channel,ru,ru,1.0,208,167,166,1,42595,10447,12
vahehovhannisyan,ru,2,False,channel,et,et,1.0,10,10,10,0,494,636,6
vahesport,ru,2,False,channel,ru,ru,0.994,241,203,193,38,389,764,17
vakinshin,ru,2,False,channel,ru,ru,0.97,16,16,16,6,724,939,16
valdemarus,ru,2,False,channel,ru,ru,1.0,39,37,37,9,1705,3518,7
valenchuk,ru,2,False,channel,ru,ru,1.0,24,21,21,0,263,299,10
valentina_m1965,ru,2,False,empty,unknown,unknown,0.0,0,0,0,0,,,
valerie_ke,ru,2,False,empty,unknown,unknown,0.0,0,0,0,0,,,
valerija_eva,ru,2,False,empty,unknown,unknown,0.0,0,0,0,0,,,
valeriyatroitskaya,ru,2,False,channel,ru,ru,1.0,184,157,157,103,688,2663,8
valeriyduhanin,ru,2,False,channel,ru,ru,1.0,83,79,71,28,1666,6778,12
valerybuksha,ru,2,False,channel,ru,ru,0.995,40,38,34,12,852,815,10
vallbalan,ru,2,False,channel,ru,ru,1.0,9,7,6,0,129,114,16
vam_bam,ru,2,False,channel,ru,ru,1.0,68,67,67,12,1752,1660,10
vanity_case,ru,2,False,channel,ru,ru,1.0,189,73,65,9,6275,13162,12
vaomoscow,ru,2,False,channel,ru,ru,0.997,104,96,96,0,2857,5786,5
varlamov_news,ru,2,False,channel,ru,ru,1.0,512,397,397,20,395081,1049083,11
vartanean,ru,2,False,channel,ru,ru,1.0,3,3,2,0,130,154,10
vashbashdomovoy,ru,2,False,channel,ru,ru,1.0,70,69,69,5,4604,42325,7
vashdozor,ru,2,False,channel,ru,ru,1.0,128,61,60,0,2309,5991,15
vasiileevaa,ru,2,False,channel,ru,ru,0.984,370,344,284,132,8992,20017,12
vasil_topolev,ru,2,False,channel,ru,ru,1.0,52,48,40,6,38087,44467,16
vasilii_piskarev,ru,2,False,channel,ru,ru,1.0,42,24,23,7,189,1598,11
vasilijpetrov_21,ru,2,False,channel,ru,ru,1.0,119,57,57,2,1175,945,11
vasilina_orlova,ru,2,False,channel,ru,ru,1.0,483,342,341,23,790,1197,5
vasiliy_grabovan,ru,2,False,channel,ru,ru,1.0,149,45,40,0,312,1180,6
vasiliytelizhenko,ru,2,False,channel,ru,ru,1.0,60,22,21,7,330,571,9
vasterkinz,ru,2,False,channel,ru,ru,0.988,18,18,13,1,204,29,11
vasylevka,ru,2,False,channel,ru,ru,1.0,550,351,345,152,4187,8431,6
vat42pak,ru,2,False,channel,ru,ru,1.0,22,9,5,2,813,3454,13
vata_memes,ru,2,False,empty,unknown,unknown,0.0,0,0,0,0,,3,
vataranenko,ru,2,False,channel,ru,ru,0.997,342,229,225,153,704,5782,10
vatnikstan,ru,2,False,channel,ru,ru,1.0,129,129,129,1,3560,20130,17
vbkrb,ru,2,False,empty,unknown,unknown,0.0,0,0,0,0,,15,
vboreiko,ru,2,False,channel,ru,ru,0.985,70,58,51,0,4564,7561,18
vbrosamnet,ru,2,False,channel,ru,ru,1.0,44,44,43,11,56,158,20
vcentresob,ru,2,False,channel,ru,ru,1.0,542,489,485,38,5056,11796,4
vcentrespb,ru,2,False,channel,ru,ru,0.991,309,184,184,28,3647,2609,6
vcpomni_cccp,ru,2,False,empty,unknown,unknown,0.0,0,0,0,0,,13,
vdovasoldata,ru,2,False,channel,ru,ru,1.0,42,42,41,0,36554,1216,11
vdv_nkn,ru,2,False,channel,ru,ru,0.99,857,601,584,78,3946,8172,19
ve4ved,ru,2,False,channel,ru,ru,1.0,456,351,348,17,945,6537,12
vechernaya_karaganda,ru,2,False,channel,ru,ru,1.0,126,115,111,3,2939,7265,16
vechor57,ru,2,False,channel,ru,ru,1.0,91,91,91,0,32,138,13
ved_fm,ru,2,False,channel,ru,ru,1.0,74,74,72,13,253,568,8
veduchi_official,ru,2,False,channel,unknown,ru,0.0,17,7,7,17,1031,2161,7
veglivo,ru,2,False,empty,unknown,unknown,0.0,0,0,0,0,,,
vehernij_habarovsk,ru,2,False,channel,ru,ru,0.997,531,498,492,331,607,3068,0
veniamin_kaganov,ru,2,False,channel,unknown,unknown,0.0,1,1,0,0,,194,11
vera31antonova,ru,2,False,empty,unknown,unknown,0.0,0,0,0,0,,,
vera_allina,ru,2,False,empty,unknown,unknown,0.0,0,0,0,0,,,
veraafanasyeva,ru,2,False,empty,unknown,unknown,0.0,0,0,0,0,,198,
verhushina,ru,2,False,channel,ru,ru,0.984,52,22,21,10,1555,1554,7
vernikov_andrei,ru,2,False,empty,unknown,unknown,0.0,0,0,0,0,,104,
veronikaiven,ru,2,False,channel,ru,ru,1.0,175,90,86,16,4433,12482,10
versiaru,ru,2,False,channel,ru,ru,1.0,409,402,392,0,9220,41017,12
vert_i_call,ru,2,False,empty,unknown,unknown,0.0,0,0,0,0,,38,
vesma,ru,2,False,empty,unknown,unknown,0.0,0,0,0,0,,62,
vesna_democrat,ru,2,False,channel,ru,ru,1.0,301,105,104,21,15582,35531,15
vesna_diaspora,ru,2,False,channel,ru,ru,0.989,146,40,34,24,624,1344,15
vesnazar,ru,2,False,empty,unknown,unknown,0.0,0,0,0,0,,,
vesnews,ru,2,False,empty,unknown,unknown,0.0,0,0,0,0,,43,
vesparevenge,ru,2,False,channel,ru,ru,1.0,241,203,196,80,896,2460,7
vesti24,ru,2,False,channel,ru,ru,1.0,1,1,1,0,926,94,19
vesti92,ru,2,False,channel,ru,ru,1.0,288,235,230,79,805,4841,11
vesti_bule,ru,2,False,channel,ru,ru,1.0,4008,3206,3119,2970,8,176,17
vesti_dezhurnaya_chast,ru,2,False,channel,ru,ru,0.997,1446,1372,1332,467,11712,96519,8
vesti_don,ru,2,False,channel,ru,ru,1.0,408,361,344,2,3499,13795,13
vesti_dvtrk,ru,2,False,channel,ru,ru,1.0,337,336,336,7,461,5297,1
vesti_kalmykia,ru,2,False,channel,ru,ru,1.0,610,447,447,134,391,2900,11
vesti_khakasia,ru,2,False,channel,ru,ru,1.0,678,453,453,1,3728,11979,6
vesti_kuzbass42,ru,2,False,channel,ru,ru,1.0,616,463,452,2,2956,20151,5
vesti_murman,ru,2,False,channel,ru,ru,1.0,494,446,444,0,462,4074,8
vesti_sakhalin_kurily,ru,2,False,channel,ru,ru,1.0,534,210,206,16,905,7346,5
vesti_zauralie,ru,2,False,channel,ru,ru,1.0,423,293,291,13,232,4060,7
vestiirkutsk,ru,2,False,channel,ru,ru,1.0,1083,819,816,308,3807,28193,7
vestikbr,ru,2,False,channel,ru,ru,0.997,257,238,233,49,1076,11692,11
vestikostroma,ru,2,False,channel,ru,ru,1.0,124,124,121,0,1247,4798,7
vestilipetsk,ru,2,False,channel,ru,ru,1.0,511,459,440,0,487,5061,9
vestiomsk,ru,2,False,channel,ru,ru,1.0,1302,928,884,166,2036,14349,4
vestipomorde,ru,2,False,channel,ru,ru,0.985,274,258,255,62,439,2677,6
vestitatarstan,ru,2,False,channel,ru,ru,1.0,327,251,249,47,1436,6294,7
vestiukr,ru,2,False,empty,unknown,unknown,0.0,0,0,0,0,,1,
vestiuraltv,ru,2,False,channel,ru,ru,1.0,596,387,386,8,631,5410,11
vestiyamal89,ru,2,False,channel,ru,ru,1.0,318,285,277,47,313,2923,6
vestnik_konservatora,ru,2,False,channel,ru,ru,1.0,484,395,378,20,1671,4144,9
vestnikpvo,ru,2,False,channel,ru,ru,0.978,349,197,195,224,1010,4146,18
vestyisrael,ru,2,False,channel,ru,ru,0.997,1461,1461,1428,2,12379,70210,16
veterany_60omsb,ru,2,False,channel,ru,ru,0.982,41,40,40,0,6993,30012,8
vetkavatki,ru,2,False,empty,unknown,unknown,0.0,0,0,0,0,,4055,
vetkavatkichat,ru,2,False,empty,unknown,unknown,0.0,0,0,0,0,,795,
vetland_adoption,ru,2,False,channel,ru,ru,1.0,233,67,67,1,198,1580,8
vettatv,ru,2,False,channel,ru,ru,0.997,134,93,80,10,1786,10623,11
vezhlivo_ru,ru,2,False,channel,ru,ru,0.991,282,197,195,2,26216,74582,8
vezsv,ru,2,False,channel,ru,ru,1.0,133,122,114,70,1305,902,8
vfbsu,ru,2,False,channel,ru,ru,1.0,266,165,161,136,445,1672,5
vga_genichesk,ru,2,False,channel,ru,ru,1.0,291,192,186,210,2239,7472,8
vga_golayapristan,ru,2,False,channel,ru,ru,1.0,362,243,230,275,622,2606,6
vga_kakhovka,ru,2,False,empty,unknown,unknown,0.0,0,0,0,0,,4,
vga_kharkov,ru,2,False,channel,ru,ru,1.0,82,56,56,11,3964,2378,7
vga_kherson,ru,2,False,channel,ru,ru,1.0,751,459,454,622,7766,24613,15
vglush,ru,2,False,channel,ru,ru,1.0,69,69,69,24,2430,2119,4
vgudok,ru,2,False,channel,ru,ru,0.991,412,343,343,150,6421,27979,14
viacheslav_antonov_1977,ru,2,False,channel,ru,ru,0.943,30,11,5,0,547,663,16
vibornaroda,ru,2,False,empty,unknown,unknown,0.0,0,0,0,0,,95,
victorbochkarev,ru,2,False,empty,unknown,unknown,0.0,0,0,0,0,,,
victoria_de_communi_sensu,ru,2,False,channel,ru,ru,1.0,122,116,115,21,8954,24004,12
victoriabembeeva,ru,2,False,empty,unknown,unknown,0.0,0,0,0,0,,16,
victortank79,ru,2,False,channel,ru,ru,1.0,72,48,42,0,3390,7097,8
victorytechnologies,ru,2,False,channel,ru,ru,1.0,87,44,41,40,3470,4031,7
video_languages,ru,2,False,empty,unknown,unknown,0.0,0,0,0,0,,12,
videoeot,ru,2,False,channel,ru,ru,0.857,7,7,1,0,664,51,5
videotca_andrea,ru,2,False,channel,ru,ru,0.986,155,154,140,7,74576,285920,8
videowildlife,ru,2,False,channel,ru,ru,0.994,81,65,65,0,1790,3538,4
viennamissionru,ru,2,False,channel,ru,ru,1.0,156,114,114,99,112,1513,15
vika_korabel_ru,ru,2,False,channel,ru,ru,1.0,789,602,569,299,1203,17537,7
vika_tsyganova63,ru,2,False,channel,ru,ru,1.0,115,113,71,20,5314,58778,14
vikdanilchenko,ru,2,False,empty,unknown,unknown,0.0,0,0,0,0,,3346,
vikiperm,ru,2,False,channel,ru,ru,0.985,1071,406,405,0,5122,29915,4
viktoriyagricay,ru,2,False,channel,ru,ru,1.0,75,26,15,0,110,148,19
viktoriyatsyplenkova,ru,2,False,channel,ru,ru,1.0,15,15,14,2,786,517,16
viktornpetrov,ru,2,False,channel,ru,ru,1.0,96,40,33,0,374,707,9
viktorpelevin,ru,2,False,channel,ru,ru,1.0,75,75,72,6,13777,31542,9
villagenn,ru,2,False,channel,ru,ru,1.0,132,65,65,1,3445,9787,8
vinkolozic,ru,2,False,channel,ru,ru,1.0,117,76,75,3,1088,2651,7
vinogradov74,ru,2,False,channel,ru,ru,1.0,60,60,58,0,14168,26795,8
vip_md,ru,2,False,channel,ru,ru,0.991,99,74,72,19,972,2304,15
viplaty_zp,ru,2,False,empty,unknown,unknown,0.0,0,0,0,0,,8,
viralload,ru,2,False,channel,ru,ru,1.0,14,14,14,0,2848,4291,18
visere,ru,2,False,channel,ru,ru,1.0,2641,2156,2144,351,93,1014,8
visitirkutskregion,ru,2,False,channel,ru,ru,1.0,27,16,14,8,259,1696,9
visitivanovo,ru,2,False,channel,ru,ru,1.0,306,62,62,0,669,6512,9
vitaeque_reddenda,ru,2,False,channel,ru,ru,1.0,173,84,83,50,602,1853,13
vitaly_scout,ru,2,False,channel,ru,ru,1.0,18,12,10,2,1233,691,6
vitteli,ru,2,False,channel,ru,ru,1.0,127,84,79,0,8099,15948,14
viuksidv,ru,2,False,channel,ru,ru,0.997,1741,1366,1142,824,331,21057,22
vivafound,ru,2,False,channel,ru,ru,1.0,59,30,27,17,660,1813,11
viveconesto,ru,2,False,channel,ru,ru,0.983,73,70,69,0,42016,55137,4
vizioner_rf,ru,2,False,channel,ru,ru,1.0,143,135,131,6,14247,80628,11
vkganchev,ru,2,False,channel,ru,ru,1.0,30,20,19,0,15262,924,7
vkhersone,ru,2,False,empty,unknown,unknown,0.0,0,0,0,0,,22,
vkontakte_hq,ru,2,False,channel,ru,ru,1.0,35,18,16,0,5688,15308,14
vkrace,ru,2,False,empty,unknown,unknown,0.0,0,0,0,0,,491,
vkurse22,ru,2,False,channel,ru,ru,0.994,684,506,505,11,27816,101429,11
vkurse66,ru,2,False,channel,ru,ru,1.0,195,117,107,2,4234,16500,5
vkurse_md,ru,2,False,empty,unknown,unknown,0.0,0,0,0,0,,417,
vkurseblg,ru,2,False,empty,unknown,unknown,0.0,0,0,0,0,,1,
vkursecrypto,ru,2,False,channel,ru,ru,1.0,127,118,118,0,1237,492,10
vkursevrn,ru,2,False,channel,ru,ru,1.0,66,65,62,2,1466,3514,13
vl_pro_news,ru,2,False,channel,ru,ru,1.0,297,218,213,0,185,709,2
vlad_ork,ru,2,False,empty,unknown,unknown,0.0,0,0,0,0,,102,
vladik001bot,ru,2,False,empty,unknown,unknown,0.0,0,0,0,0,,,
vladimir12315,ru,2,False,empty,unknown,unknown,0.0,0,0,0,0,,,
vladimir_n_kireev,ru,2,False,channel,ru,ru,1.0,14,9,8,10,2888,2639,18
vladimir_pertsev,ru,2,False,channel,ru,ru,1.0,85,18,18,1,4113,1245,11
vladimir_today,ru,2,False,channel,ru,ru,1.0,34,34,34,0,542,941,13
vladimir_zisman,ru,2,False,channel,ru,ru,1.0,16,16,12,0,547,619,8
vladimirabel,ru,2,False,channel,ru,ru,1.0,8,8,8,0,1775,1053,16
vladimirbidyovka,ru,2,False,channel,ru,ru,1.0,21,16,15,1,3059,527,15
vladimirrzn,ru,2,False,empty,unknown,unknown,0.0,0,0,0,0,,,
vladimirsipyagin,ru,2,False,channel,ru,ru,1.0,26,15,15,7,218,444,6
vladimirtelega,ru,2,False,empty,unknown,unknown,0.0,0,0,0,0,,,
vladislav_2408,ru,2,False,empty,unknown,unknown,0.0,0,0,0,0,,,
vladislav_rytkov,ru,2,False,channel,ru,ru,1.0,4,2,2,0,13154,1802,12
vladivostok_prezidenty,ru,2,False,channel,ru,ru,1.0,46,32,23,8,227,216,3
vlagr,ru,2,False,channel,ru,ru,1.0,20,20,18,0,4939,10202,21
vlast4plus,ru,2,False,channel,ru,ru,1.0,233,196,191,74,688,3774,8
vlasyk_88,ru,2,False,empty,unknown,unknown,0.0,0,0,0,0,,,
vleske,ru,2,False,channel,ru,ru,1.0,318,237,234,259,25,96,7
vmalenko,ru,2,False,channel,ru,ru,1.0,22,22,19,0,4666,16392,7
vmbot24_bot,ru,2,False,empty,unknown,unknown,0.0,0,0,0,0,,,
vmeste_mbm,ru,2,False,channel,ru,ru,1.0,21,21,21,3,2043,18587,11
vmeste_rf,ru,2,False,channel,ru,ru,1.0,245,243,243,3,187,2783,10
vmeste_rus_zo,ru,2,False,channel,ru,ru,1.0,18,9,9,3,3618,2591,8
vmestezarossiyu,ru,2,False,channel,ru,ru,1.0,249,247,246,37,809,1173,8
vmfareast,ru,2,False,channel,ru,ru,1.0,617,441,436,53,3467,17220,9
vmgere,ru,2,False,channel,ru,ru,1.0,299,112,111,12,1864,11997,13
vmizdrenco,ru,2,False,channel,ru,ru,1.0,2,2,2,0,383,65,9
vmo24,ru,2,False,channel,ru,ru,1.0,129,127,127,0,480,3541,5
vn_antonov,ru,2,False,channel,ru,ru,1.0,543,494,494,54,508,1962,9
vn_zhdanov,ru,2,False,channel,ru,ru,1.0,88,28,28,0,4348,4289,12
vnartamonova,ru,2,False,channel,ru,ru,1.0,32,19,19,16,52,89,6
vneplanarus,ru,2,False,channel,ru,ru,1.0,191,173,148,89,2118,30896,11
vninform,ru,2,False,channel,ru,ru,1.0,205,204,196,75,212,2528,9
vnu4ka_jjacobs,ru,2,False,channel,ru,ru,1.0,18,15,15,0,2652,8672,8
vnupol,ru,2,False,empty,unknown,unknown,0.0,0,0,0,0,,16748,
vo_vlasti,ru,2,False,channel,ru,ru,0.994,135,129,126,34,3620,2074,10
voblast,ru,2,False,channel,ru,ru,1.0,127,112,112,45,324,390,8
vodamoskvy,ru,2,False,channel,ru,ru,1.0,76,33,31,35,343,1763,15
voenkor_rusvesnaa,ru,2,False,empty,unknown,unknown,0.0,0,0,0,0,,8,
voenkorkhayrullin,ru,2,False,channel,ru,ru,1.0,25,25,24,19,1309,32062,15
voenndelo,ru,2,False,channel,ru,ru,1.0,133,68,67,0,115162,100071,7
voenzhur,ru,2,False,channel,ru,ru,1.0,1662,1449,1439,1635,170,1718,6
voice_of_russia,ru,2,False,empty,unknown,unknown,0.0,0,0,0,0,,19,
voiceofrightness,ru,2,False,channel,ru,ru,1.0,91,79,69,33,1303,7007,17
voin_vdv,ru,2,False,empty,unknown,unknown,0.0,0,0,0,0,,2,
vokrugsveta1861,ru,2,False,channel,ru,ru,1.0,225,178,170,0,7384,34682,5
volga_live,ru,2,False,channel,ru,ru,1.0,841,663,654,694,566,2418,16
volgabrief,ru,2,False,channel,ru,ru,1.0,57,57,57,0,31076,40693,8
volgafilms,ru,2,False,channel,ru,ru,1.0,65,43,42,17,804,10660,6
volgograd1bot,ru,2,False,empty,unknown,unknown,0.0,0,0,0,0,,,
volgograd_tg,ru,2,False,channel,ru,ru,1.0,120,116,116,14,7743,44169,6
volgosluh,ru,2,False,channel,ru,ru,1.0,691,568,516,507,234,3969,5
volk_007vagner,ru,2,False,group,ru,ru,0.988,940,931,809,43,13955,437,7
volkcinema,ru,2,False,channel,ru,ru,1.0,19,19,19,0,12855,5286,5
volkova_chel,ru,2,False,channel,ru,ru,1.0,111,57,56,14,1515,6240,12
volna_lt,ru,2,False,channel,ru,ru,1.0,154,79,78,4,2343,11814,8
volna_press,ru,2,False,channel,ru,ru,1.0,4,4,4,0,362,21,14
volneleposti,ru,2,False,channel,ru,ru,0.994,420,357,331,238,2076,16986,21
volnovaha_bot,ru,2,False,empty,unknown,unknown,0.0,0,0,0,0,,,
volnovaha_news,ru,2,False,channel,ru,ru,0.997,443,241,235,43,6279,13044,19
volochkova_anastasiya,ru,2,False,channel,unknown,unknown,0.0,11,7,0,0,81443,25352,9
volodin_saratov,ru,2,False,channel,ru,ru,1.0,34,26,23,1,44787,162112,20
volodymyrzolkin,ru,2,False,channel,ru,ru,1.0,578,446,416,17,122007,183251,8
volodyvv,ru,2,False,empty,unknown,unknown,0.0,0,0,0,0,,,
vologdaoblast,ru,2,False,channel,ru,ru,1.0,158,149,149,14,129,4318,12
vologdapoz,ru,2,False,channel,ru,ru,0.991,150,126,124,100,5492,140014,19
vologodskoy_konvoy,ru,2,False,channel,ru,ru,1.0,529,474,464,244,708,9342,11
voloil35,ru,2,False,channel,ru,ru,1.0,71,63,63,42,1033,457,6
volonter_rfvmeste,ru,2,False,channel,ru,ru,1.0,24,10,10,13,1420,1105,14
volotskov,ru,2,False,channel,ru,ru,1.0,204,136,134,72,1803,4018,14
volrota,ru,2,False,channel,ru,ru,1.0,241,106,103,32,1009,9973,9
volt_220_temnikov,ru,2,False,channel,ru,ru,0.997,116,99,68,11,183,287,14
volyavelikaya,ru,2,False,channel,ru,ru,0.979,169,134,131,13,379,1654,6
volynetsvkurse,ru,2,False,channel,ru,ru,1.0,65,49,43,18,617,2458,14
volzskyru,ru,2,False,channel,ru,ru,1.0,499,473,467,6,618,8155,8
voma_center,ru,2,False,channel,ru,ru,1.0,235,163,145,27,3606,9966,17
voma_official_bot,ru,2,False,empty,unknown,unknown,0.0,0,0,0,0,,,
vonifatij,ru,2,False,channel,ru,ru,0.992,1670,1156,949,1454,19,303,15
vontotman,ru,2,False,channel,ru,ru,0.99,115,50,44,0,1440,6237,22
voovboevoebratstvo,ru,2,False,channel,ru,ru,0.991,271,144,144,26,260,2040,14
voprosy_pdt_bot,ru,2,False,empty,unknown,unknown,0.0,0,0,0,0,,,
vorchun44,ru,2,False,channel,ru,ru,1.0,2,2,2,0,874,260,12
vorkuta_po,ru,2,False,channel,ru,ru,0.994,128,91,87,13,3485,14640,16
voronacarlovna,ru,2,False,channel,ru,ru,0.997,68,65,58,11,829,3584,23
voronezhnewsru,ru,2,False,channel,ru,ru,1.0,1146,1140,1138,11,940,8837,7
voronhse,ru,2,False,channel,ru,ru,1.0,99,70,58,3,461,666,20
voronin_oa,ru,2,False,channel,ru,ru,1.0,19,13,13,1,417,243,13
vorontsova63ru,ru,2,False,channel,ru,ru,0.997,179,127,123,29,7674,31180,8
vorotnikovmemory,ru,2,False,channel,ru,ru,1.0,4,4,3,2,778,772,9
voshkov_archive,ru,2,False,channel,ru,ru,0.993,287,241,176,163,255,393,13
vostex24,ru,2,False,channel,ru,ru,1.0,147,144,144,55,1644,9683,9
vostoktoday,ru,2,False,channel,ru,ru,1.0,27,27,27,0,424,1679,4
voteraz,ru,2,False,channel,ru,ru,1.0,72,54,45,26,736,8298,6
votingrights,ru,2,False,empty,unknown,unknown,0.0,0,0,0,0,,7,
votingrights_bot,ru,2,False,empty,unknown,unknown,0.0,0,0,0,0,,,
vottaktv,ru,2,False,channel,ru,ru,1.0,1151,956,956,2,2655,28992,16
vovknn,ru,2,False,channel,ru,ru,1.0,121,103,102,50,2776,10371,7
vox_amandi,ru,2,False,channel,ru,ru,1.0,4,4,4,3,128,195,11
voynazadushi,ru,2,False,channel,ru,ru,1.0,27,27,26,0,2213,1373,6
voz_mut,ru,2,False,channel,ru,ru,1.0,444,399,399,0,1452,1720,16
vozbash,ru,2,False,channel,ru,ru,1.0,42,33,33,33,527,976,6
vpcha,ru,2,False,group,ru,ru,0.99,107,107,75,4,40072,236,6
vpervieruki,ru,2,False,channel,ru,ru,1.0,31,27,25,1,2236,1366,17
vpkchannel,ru,2,False,channel,ru,ru,1.0,10,10,9,0,6210,1471,16
vpoiskahroda,ru,2,False,channel,ru,ru,1.0,4,4,1,0,1449,728,9
vpolezreniyaproekt,ru,2,False,channel,ru,ru,1.0,197,54,47,1,3939,7489,23
vpp34,ru,2,False,channel,ru,ru,0.997,616,414,396,428,54,833,7
vppravda,ru,2,False,channel,ru,ru,1.0,292,173,169,31,605,2237,6
vprorok,ru,2,False,channel,ru,ru,0.997,226,220,184,37,1302,18398,17
vrachivyneodni,ru,2,False,group,ru,ru,0.988,5065,4936,4728,293,3045,4056,20
vrakurse,ru,2,False,channel,ru,ru,0.98,8,8,8,1,151,119,11
vrednayatuvinka,ru,2,False,channel,ru,ru,0.997,884,881,831,88,1622,1900,5
vremya_pervikh,ru,2,False,channel,ru,ru,1.0,341,214,212,1,524,265,8
vrn_karaulny,ru,2,False,channel,ru,ru,1.0,1911,1492,1472,1907,668,5493,5
vrntrans,ru,2,False,channel,ru,ru,0.993,70,41,32,40,1018,2682,12
vrnzhlob,ru,2,False,channel,ru,ru,1.0,17,17,17,7,1379,898,14
vrsamoylov,ru,2,False,channel,ru,ru,0.964,8,8,8,0,8907,8830,11
vrulinskiy,ru,2,False,channel,ru,ru,1.0,44,19,19,29,414,853,20
vse42,ru,2,False,channel,ru,ru,1.0,190,176,176,0,1926,6692,5
vsednrru,ru,2,False,channel,ru,ru,1.0,664,452,451,139,1396,6576,8
vsem0vsem,ru,2,False,channel,ru,ru,1.0,1232,1094,1045,0,229,241,8
vsemyr_news,ru,2,False,empty,unknown,unknown,0.0,0,0,0,0,,4,
vsenashietomy,ru,2,False,channel,ru,ru,1.0,45,33,32,5,546,675,9
vsenavybory,ru,2,False,channel,ru,ru,1.0,69,69,69,0,32,509,7
vsepolitiki,ru,2,False,channel,ru,ru,1.0,3326,2866,2892,0,2,10,12
vsezapobedu,ru,2,False,empty,unknown,unknown,0.0,0,0,0,0,,236,
vshature,ru,2,False,channel,ru,ru,1.0,137,61,60,0,5568,22322,9
vskinsur,ru,2,False,channel,ru,ru,1.0,51,51,45,0,1628,42482,7
vskmo,ru,2,False,channel,ru,ru,1.0,123,68,65,17,2695,6928,14
vslov,ru,2,False,channel,ru,ru,1.0,37,12,12,0,750,2562,7
vslov_help,ru,2,False,channel,ru,ru,0.974,108,80,73,69,485,1397,9
vsluh_ru,ru,2,False,empty,unknown,unknown,0.0,0,0,0,0,,99,
vsmolenske,ru,2,False,channel,ru,ru,1.0,407,369,368,19,3716,44037,9
vsmpo_avisma_official,ru,2,False,channel,ru,ru,1.0,25,11,11,1,634,2199,9
vsratue,ru,2,False,empty,unknown,unknown,0.0,0,0,0,0,,1,
vsvetesobytij,ru,2,False,channel,ru,ru,1.0,509,471,428,39,792,3734,18
vsy20,ru,2,False,empty,unknown,unknown,0.0,0,0,0,0,,0,
vsya_korea,ru,2,False,channel,ru,ru,1.0,141,141,141,0,25524,62633,11
vsyatakayamongayt,ru,2,False,channel,ru,ru,0.997,78,74,69,28,19970,33659,16
vsyaufa,ru,2,False,channel,ru,ru,1.0,807,517,511,130,1232,15028,7
vtb_main_bot,ru,2,False,empty,unknown,unknown,0.0,0,0,0,0,,,
vtoroy2front,ru,2,False,group,ru,ru,0.997,443,422,392,28,9282,170,16
vtoryakvdk,ru,2,False,empty,unknown,unknown,0.0,0,0,0,0,,55,
vtretyakov1953,ru,2,False,channel,ru,ru,0.996,105,99,62,5,2670,4432,15
vturisme,ru,2,False,channel,ru,ru,1.0,418,381,381,0,20230,80041,17
vturniketz,ru,2,False,channel,ru,ru,1.0,16,12,6,0,1037,185,15
vvakaev,ru,2,False,channel,ru,ru,1.0,18,13,9,0,1631,868,8
vvezhikov_dnr,ru,2,False,channel,ru,ru,1.0,42,23,20,4,3967,768,13
vvhelp,ru,2,False,channel,ru,ru,1.0,19,19,16,0,14148,19585,11
vvnoskov,ru,2,False,channel,ru,ru,1.0,15,5,5,6,146,364,20
vvobandito,ru,2,False,channel,ru,ru,0.997,498,415,405,193,5003,20149,2
vvobanditos,ru,2,False,channel,unknown,ru,0.0,3,3,2,1,1778,31,11
vwordmedia,ru,2,False,empty,unknown,unknown,0.0,0,0,0,0,,30,
vyatkawalks,ru,2,False,channel,ru,ru,0.994,129,113,112,0,1268,4234,12
vyatkindf,ru,2,False,channel,ru,ru,1.0,35,18,14,0,215,426,10
vyvorot,ru,2,False,channel,ru,ru,0.994,124,117,116,43,1765,3174,15
vz_lyotnaya,ru,2,False,channel,ru,ru,1.0,4,4,2,1,106,11,6
vzglyadmalakhova,ru,2,False,channel,ru,ru,0.999,9,9,8,0,251,149,3
vzor22,ru,2,False,channel,ru,ru,1.0,697,576,565,174,130,473,13
vzoreast,ru,2,False,channel,ru,ru,1.0,111,110,110,4,1488,5357,10
wallet_business,ru,2,False,channel,ru,ru,1.0,17,17,17,0,5449,6264,13
waltp38,ru,2,False,channel,ru,ru,1.0,164,153,149,6,2514,2175,7
wanderquest_bot,ru,2,False,empty,unknown,unknown,0.0,0,0,0,0,,,
want_to_give_up_bot,ru,2,False,empty,unknown,unknown,0.0,0,0,0,0,,,
war13z,ru,2,False,empty,unknown,unknown,0.0,0,0,0,0,,66,
war_batka,ru,2,False,empty,unknown,unknown,0.0,0,0,0,0,,15,
war_memez,ru,2,False,channel,ru,ru,0.907,216,207,172,62,1570,7256,19
war_monitor,ru,2,False,channel,uk,uk,0.997,473,473,471,4,141168,954213,7
war_politics_propaganda,ru,2,False,channel,ru,ru,1.0,1042,823,810,851,54,217,16
wardraw,ru,2,False,empty,unknown,unknown,0.0,0,0,0,0,,179,
wareconomic,ru,2,False,channel,ru,ru,1.0,81,81,76,5,3295,12067,6
warlib_site,ru,2,False,channel,ru,ru,1.0,54,54,53,8,496,4204,6
warlife,ru,2,False,empty,unknown,unknown,0.0,0,0,0,0,,4361,
warningpromolex,ru,2,False,channel,ru,ru,1.0,14,14,12,5,49,94,7
warofnewrussia,ru,2,False,channel,ru,ru,1.0,404,384,351,90,216,1012,7
wartearsorg,ru,2,False,channel,ru,ru,1.0,33,33,32,0,3292,5151,10
wartrue,ru,2,False,empty,unknown,unknown,0.0,0,0,0,0,,5,
warzchannel,ru,2,False,channel,ru,ru,0.964,38,18,18,8,680,357,8
warzov22,ru,2,False,empty,unknown,unknown,0.0,0,0,0,0,,367,
wasserman_anatoliy,ru,2,False,channel,ru,ru,1.0,9,5,5,1,6914,7615,12
water_match,ru,2,False,channel,ru,ru,0.997,96,67,66,0,2575,21975,13
way_lomonosoff,ru,2,False,channel,ru,ru,1.0,3,3,3,2,68,78,13
wbsellerofficial,ru,2,False,channel,ru,ru,1.0,63,62,59,3,65743,181852,14
wc_guide,ru,2,False,channel,ru,ru,1.0,10,3,3,0,1854,234,10
wciomofficial,ru,2,False,channel,ru,ru,1.0,188,122,119,119,1167,16958,11
wdinform,ru,2,False,channel,ru,ru,1.0,3,3,3,2,707,1336,8
we_and_they,ru,2,False,empty,unknown,unknown,0.0,0,0,0,0,,2,
we_cidreria,ru,2,False,channel,ru,ru,1.0,26,18,18,0,1046,3549,13
we_wont_forget,ru,2,False,empty,unknown,unknown,0.0,0,0,0,0,,229,
wearfeelings,ru,2,False,channel,ru,ru,0.988,504,124,121,0,17395,70663,7
weather_from_chief,ru,2,False,empty,unknown,unknown,0.0,0,0,0,0,,2943,
weathersbot,ru,2,False,empty,unknown,unknown,0.0,0,0,0,0,,,
webinarforhr,ru,2,False,channel,ru,ru,0.981,34,26,23,0,1543,15575,5
webmoriginal,ru,2,False,channel,de,de,1.0,281,281,281,0,5205,16461,5
webms_4chan,ru,2,False,channel,en,en,1.0,196,196,196,0,6064,14678,14
welcome_to_israel,ru,2,False,channel,ru,ru,1.0,3,3,3,1,10520,3099,7
welcomenovosibirsk,ru,2,False,channel,ru,ru,0.991,132,49,47,0,544,3163,9
weshallovercomb,ru,2,False,empty,unknown,unknown,0.0,0,0,0,0,,54,
wethemedia,ru,2,False,channel,en,en,0.985,1252,1127,1003,1172,31444,148642,17
wgcstikers,ru,2,False,channel,uk,ru,1.0,14,14,10,9,692,389,10
whackdoor,ru,2,False,channel,ru,ru,1.0,378,238,238,1,64465,1697350,9
whalesgohigh,ru,2,False,channel,ru,ru,1.0,13,13,13,0,47145,61698,14
whatdontyouloveusanymore,ru,2,False,channel,ru,ru,0.985,310,283,235,100,2502,7769,17
wheretogonsk,ru,2,False,channel,ru,ru,1.0,10,10,10,0,6244,65158,7
whisky_at_the_jar,ru,2,False,channel,ru,ru,0.952,110,110,100,2,1911,5687,19
whitechum,ru,2,False,channel,ru,ru,1.0,5,5,5,3,648,472,9
whitenightsyanao,ru,2,False,channel,ru,ru,1.0,529,294,281,11,3728,15605,6
whitewilldubai,ru,2,False,channel,ru,ru,1.0,293,78,73,0,2322,30048,7
why_not_realty,ru,2,False,channel,ru,ru,0.978,29,25,13,0,206,2947,13
wikileaks_md,ru,2,False,channel,ru,ru,0.98,27,23,23,17,114,215,13
wikimason,ru,2,False,channel,ru,ru,1.0,81,19,16,2,8735,8719,9
wild_duck62,ru,2,False,channel,ru,ru,1.0,2,2,2,0,13353,901,8
wildfield,ru,2,False,channel,ru,ru,1.0,44,41,41,8,4927,8335,11
wildgooseinfly,ru,2,False,channel,ru,ru,0.994,220,200,178,74,977,8051,9
winelab_ru,ru,2,False,channel,ru,ru,1.0,41,35,28,0,6059,26247,10
winerussiatravel,ru,2,False,channel,ru,ru,1.0,9,9,7,0,344,3054,6
winkrussia,ru,2,False,channel,ru,ru,0.997,264,156,127,0,1035,71653,13
withmyowneyess,ru,2,False,channel,ru,ru,1.0,125,79,76,70,3545,5347,6
withothers,ru,2,False,channel,ru,ru,1.0,11,9,9,0,7139,4406,9
wjobsw,ru,2,False,empty,unknown,unknown,0.0,0,0,0,0,,,
wlm_eu_russia,ru,2,False,channel,unknown,en,0.0,1,1,1,1,596,466,12
wlm_eu_russia_chat,ru,2,False,empty,unknown,unknown,0.0,0,0,0,0,,219,
woina1,ru,2,False,empty,unknown,unknown,0.0,0,0,0,0,,,
women_on_top,ru,2,False,channel,ru,ru,0.994,34,31,31,6,2543,1384,16
womenprolife,ru,2,False,channel,ru,ru,1.0,104,44,44,8,373,2469,9
wondermoscow,ru,2,False,channel,ru,ru,0.965,1141,214,213,2,16261,79829,17
workfulltime,ru,2,False,channel,ru,ru,1.0,36,31,28,1,1534,2451,11
worldprotest,ru,2,False,channel,ru,ru,1.0,546,458,454,1,36208,61643,9
wow_startup,ru,2,False,channel,ru,ru,1.0,39,28,28,0,5435,1451,15
wrenjapan,ru,2,False,channel,ru,ru,1.0,125,80,79,3,11977,107297,7
wwg1wgaworldwide,ru,2,False,channel,de,de,0.997,1510,1393,1352,335,3274,12031,19
x_azia,ru,2,False,channel,ru,ru,0.898,17,17,16,0,1264,1490,10
x_military,ru,2,False,empty,unknown,unknown,0.0,0,0,0,0,,89,
xarlamov92,ru,2,False,channel,ru,ru,1.0,12,7,6,0,438,384,14
xmapa_com,ru,2,False,channel,uk,uk,0.903,523,425,400,2,1163,5897,14
xnrrussia,ru,2,False,channel,ru,ru,0.997,633,546,517,114,2047,25500,6
xobostushki,ru,2,False,channel,ru,ru,0.997,1770,1671,1660,1642,71,312,6
xoceagitprop,ru,2,False,channel,ru,ru,0.974,18,18,15,4,2577,4216,19
xsport24,ru,2,False,channel,ru,ru,1.0,214,196,194,19,8015,35980,16
xstaziki,ru,2,False,channel,ru,ru,1.0,15,11,11,7,671,4236,8
xydessa,ru,2,False,channel,ru,ru,1.0,636,458,456,0,322636,933949,19
xydmin,ru,2,False,empty,unknown,unknown,0.0,0,0,0,0,,,
xyz_art,ru,2,False,channel,ru,ru,0.857,1,1,1,0,5740,867,16
y555142,ru,2,False,channel,ru,ru,0.983,166,145,144,66,443,1259,9
ya_lublu_tebya_zhizn,ru,2,False,channel,ru,ru,1.0,2,2,2,1,1625,853,10
yahoo,ru,2,False,empty,unknown,unknown,0.0,0,0,0,0,,2061,
yainfo,ru,2,False,channel,ru,ru,1.0,370,304,294,113,393,3476,6
yakemenko,ru,2,False,channel,ru,ru,1.0,304,180,177,73,7554,30769,9
yakovlevnews,ru,2,False,channel,ru,ru,0.997,56,53,52,3,1843,3235,11
yakubovsky_live,ru,2,False,channel,ru,ru,1.0,35,24,24,5,1036,2422,6
yakutia_aero,ru,2,False,channel,ru,ru,1.0,33,33,23,0,3593,15464,6
yakutiamedianews,ru,2,False,channel,ru,ru,1.0,551,551,551,33,105,562,2
yakutiaoneday,ru,2,False,empty,unknown,unknown,0.0,0,0,0,0,,143,
yakutsk_newss,ru,2,False,empty,unknown,unknown,0.0,0,0,0,0,,12335,
yallabala,ru,2,False,channel,ru,ru,1.0,90,61,53,35,1096,3660,7
yalta24tv,ru,2,False,channel,ru,ru,1.0,147,116,116,76,281,3483,15
yalta_news_media,ru,2,False,channel,ru,ru,1.0,182,87,81,45,932,1492,14
yamal_airlines,ru,2,False,channel,ru,ru,1.0,27,19,18,6,2655,12895,8
yamal_corona,ru,2,False,channel,ru,ru,0.996,66,50,50,17,277,1094,10
yamal_reg,ru,2,False,empty,unknown,unknown,0.0,0,0,0,0,,11,
yampolskayaea,ru,2,False,channel,ru,ru,1.0,36,36,31,2,1383,,11
yamskaya_telega,ru,2,False,channel,ru,ru,1.0,74,70,70,24,1682,1256,11
yanaonews,ru,2,False,empty,unknown,unknown,0.0,0,0,0,0,,,
yanchukova_elena,ru,2,False,empty,unknown,unknown,0.0,0,0,0,0,,,
yandexmusic_live,ru,2,False,channel,ru,ru,1.0,167,117,79,2,47900,472036,15
yanina_pavlenko,ru,2,False,channel,ru,ru,1.0,201,67,62,11,3799,15604,14
yapnews,ru,2,False,channel,ru,ru,1.0,562,462,462,0,14570,34351,7
yarkompot,ru,2,False,channel,ru,ru,1.0,25,14,14,0,2008,1571,11
yarmedved,ru,2,False,channel,ru,ru,1.0,31,30,30,9,1369,2323,5
yaroshukag,ru,2,False,channel,ru,ru,0.952,25,7,6,0,317,478,12
yaroslav_belousov,ru,2,False,channel,ru,ru,1.0,55,54,54,2,2482,5391,8
yaroslavtsev_official,ru,2,False,empty,unknown,unknown,0.0,0,0,0,0,,,
yarpolitika,ru,2,False,channel,ru,ru,1.0,41,36,33,6,1986,1501,8
yarusskimgovoryu,ru,2,False,channel,ru,ru,1.0,8,8,4,0,35,9,14
yasno123,ru,2,False,channel,ru,ru,1.0,57,55,55,13,267,1213,7
yasnosekirskaya,ru,2,False,empty,unknown,unknown,0.0,0,0,0,0,,,
yauspeshencom,ru,2,False,channel,ru,ru,1.0,49,49,35,29,82,380,11
yayamal,ru,2,False,channel,ru,ru,1.0,12,12,12,0,1218,9766,13
yaznt_sidejob,ru,2,False,channel,ru,ru,1.0,8,8,8,0,395,340,13
ybaranovskaya_tv,ru,2,False,channel,ru,ru,1.0,23,14,14,0,34611,47168,15
ycbl_yca,ru,2,False,channel,ru,ru,1.0,58,55,55,15,1356,1546,10
ychebnoopitnoe_lesnichestvo,ru,2,False,group,ru,ru,1.0,39,24,13,1,1508,307,8
yellow_sky_policy,ru,2,False,channel,ru,ru,1.0,15,15,15,0,6468,10152,8
yerevanch,ru,2,False,channel,ru,ru,0.985,287,242,242,12,2494,18896,12
yerevantower,ru,2,False,channel,ru,ru,1.0,2210,2172,2152,29,527,8028,9
yerkirnairyan,ru,2,False,channel,ru,ru,1.0,391,325,294,60,84,274,8
yesterdayfrom,ru,2,False,channel,ru,ru,1.0,11,9,9,7,359,139,15
ygolokvitali,ru,2,False,channel,ru,ru,0.989,608,542,251,106,68,102,11
yk24ru,ru,2,False,channel,ru,ru,1.0,964,840,830,91,2530,9557,6
ykt2100,ru,2,False,channel,ru,ru,1.0,68,65,65,24,1253,8242,9
ykt_novosty,ru,2,False,empty,unknown,unknown,0.0,0,0,0,0,,2249,
ykt_sun,ru,2,False,channel,ru,ru,1.0,72,71,70,32,2240,1836,11
yktpublicofficial,ru,2,False,empty,unknown,unknown,0.0,0,0,0,0,,228,
yopstoodaykhv,ru,2,False,channel,ru,ru,1.0,216,162,161,164,1423,5236,2
youdigit,ru,2,False,channel,ru,ru,1.0,84,84,84,0,576,3687,4
yougyes,ru,2,False,channel,ru,ru,1.0,14,14,10,1,2349,,13
youngsquids,ru,2,False,channel,ru,ru,1.0,5,5,5,0,74775,47940,10
yourvaccinez,ru,2,False,channel,ru,ru,0.991,167,87,81,6,2243,4907,11
youthpolicy,ru,2,False,channel,ru,ru,1.0,120,112,108,51,2146,11118,7
ypronko,ru,2,False,empty,unknown,unknown,0.0,0,0,0,0,,15234,
yrysbekosmonov,ru,2,False,channel,ru,ru,1.0,88,87,87,5,195,5521,11
ysakhalinsk,ru,2,False,channel,ru,ru,1.0,950,582,557,411,1669,25482,1
yshkyinik,ru,2,False,channel,ru,ru,1.0,44,36,36,3,1512,1673,9
ysiaru,ru,2,False,empty,unknown,unknown,0.0,0,0,0,0,,13378,
ytekay,ru,2,False,channel,ru,ru,1.0,66,63,63,14,1066,1405,9
ytoml_sochi,ru,2,False,channel,ru,ru,1.0,996,770,748,635,240,3839,19
yudenich,ru,2,False,channel,ru,ru,1.0,7,7,7,1,30534,40206,10
yudinvladislav,ru,2,False,channel,ru,ru,1.0,222,70,70,5,2088,3199,12
yug_mopedi_bot,ru,2,False,empty,unknown,unknown,0.0,0,0,0,0,,,
yugmolodoj,ru,2,False,channel,ru,ru,1.0,499,147,146,98,1648,5807,15
yukhinairina,ru,2,False,channel,ru,ru,1.0,27,23,19,2,601,544,10
yulia_andrienko,ru,2,False,channel,ru,ru,1.0,211,105,100,22,1878,3150,19
yulia_guslyakova,ru,2,False,channel,unknown,unknown,0.0,8,1,1,0,1886,6188,19
yuliaspb,ru,2,False,empty,unknown,unknown,0.0,0,0,0,0,,,
yunapuga,ru,2,False,empty,unknown,unknown,0.0,0,0,0,0,,8,
yunarmiaherson,ru,2,False,channel,ru,ru,1.0,43,36,35,39,146,277,14
yunarmya,ru,2,False,channel,ru,ru,1.0,159,82,81,5,3415,18503,12
yunnamorits,ru,2,False,channel,ru,ru,1.0,85,84,81,0,4613,13865,11
yuradolgoruk,ru,2,False,channel,ru,ru,1.0,32,32,29,4,15353,72947,14
yuribarbashov,ru,2,False,channel,ru,ru,1.0,8,7,7,1,3039,1408,20
yuribudkin,ru,2,False,channel,ru,ru,1.0,401,401,376,25,168,354,9
yurii_yurov_xxi,ru,2,False,channel,ru,ru,1.0,8,8,7,2,4788,1543,21
yurist_group31,ru,2,False,channel,ru,ru,1.0,69,54,48,18,10715,35762,11
yuriy_shalabaev,ru,2,False,channel,ru,ru,1.0,68,38,29,0,4814,10385,12
yurybudnik,ru,2,False,empty,unknown,unknown,0.0,0,0,0,0,,,
yurystankevich,ru,2,False,channel,ru,ru,1.0,72,45,43,47,1849,7163,6
yuzhno_sakhalinsko,ru,2,False,channel,ru,ru,1.0,707,646,644,2,182,5864,10
yuzhnocity,ru,2,False,channel,ru,ru,1.0,126,78,77,95,81,943,3
yuziktalk,ru,2,False,channel,ru,ru,1.0,12,11,11,2,4618,5884,21
yxyeli,ru,2,False,channel,ru,ru,1.0,77,54,53,49,1315,3743,10
z_art_ru,ru,2,False,empty,unknown,unknown,0.0,0,0,0,0,,5,
z_komitet_chat,ru,2,False,group,ru,ru,1.0,1011,864,325,138,3193,134,0
z_kvartaly,ru,2,False,channel,ru,ru,1.0,70,36,33,0,901,6567,15
z_paket,ru,2,False,channel,ru,ru,0.997,220,208,208,7,5321,9166,19
z_vorchun,ru,2,False,channel,ru,ru,0.991,574,339,334,121,1672,11657,7
za_4_morya,ru,2,False,channel,ru,ru,1.0,4,4,2,0,14069,8245,8
za_derjavy,ru,2,False,channel,ru,ru,1.0,663,569,551,212,6771,11575,16
za_ecology_you,ru,2,False,channel,ru,ru,1.0,119,84,82,2,657,1005,8
za_grany,ru,2,False,channel,ru,ru,1.0,557,275,275,0,25807,13742,11
za_mir_khv,ru,2,False,empty,unknown,unknown,0.0,0,0,0,0,,5,
za_rycckux,ru,2,False,channel,ru,ru,0.994,569,515,482,7,17239,12230,13
zabelinm,ru,2,False,channel,ru,ru,1.0,55,16,16,2,703,3677,13
zabilyaka,ru,2,False,channel,ru,ru,1.0,18,12,12,2,514,382,16
zabkrai75,ru,2,False,channel,ru,ru,1.0,759,441,434,249,788,10862,6
zabnews_ru,ru,2,False,channel,ru,ru,1.0,967,806,784,17,1608,10078,2
zabrtk,ru,2,False,channel,ru,ru,1.0,413,346,340,9,342,6706,8
zabru_chita,ru,2,False,channel,ru,ru,0.995,505,476,428,9,3516,23224,3
zadagestan,ru,2,False,channel,ru,ru,1.0,651,615,615,17,1567,,9
zadesaatnikov,ru,2,False,channel,ru,ru,1.0,371,250,235,293,1071,3060,12
zadrugisvoya_zov,ru,2,False,channel,ru,ru,0.997,680,552,541,70,1306,1993,19
zaecology,ru,2,False,channel,ru,ru,0.99,62,51,45,1,207,969,14
zagadki_kazani,ru,2,False,channel,ru,ru,1.0,138,37,20,0,528,4415,18
zagranju_21,ru,2,False,channel,ru,ru,1.0,311,199,195,14,467,1685,11
zahealth3d,ru,2,False,group,ru,ru,1.0,65,49,49,0,,787,17
zahvatmira,ru,2,False,channel,ru,ru,1.0,21,20,20,14,1485,1511,6
zajnyatost,ru,2,False,channel,ru,ru,1.0,14,14,14,9,505,395,14
zakonkz,ru,2,False,channel,ru,ru,0.997,1143,1050,1046,23,34371,204164,5
zakupki_time,ru,2,False,channel,ru,ru,1.0,751,728,726,137,1019,24404,7
zakvas43,ru,2,False,channel,ru,ru,1.0,163,141,141,133,533,446,18
zalatvi,ru,2,False,channel,ru,ru,0.989,141,141,130,0,88,50,11
zalesje,ru,2,False,channel,ru,ru,1.0,22,15,15,14,1798,6842,17
zalog100,ru,2,False,empty,unknown,unknown,0.0,0,0,0,0,,31,
zamechatelnye_lyudi,ru,2,False,channel,ru,ru,0.979,36,36,34,0,3502,1401,5
zametkivolanda,ru,2,False,channel,ru,ru,0.996,38,38,37,0,1654,3453,10
zametky_s_peredovoy,ru,2,False,channel,ru,ru,0.997,131,124,123,72,786,998,6
zamkadye_new,ru,2,False,channel,ru,ru,1.0,634,310,308,27,7371,32703,6
zampolitcom,ru,2,False,channel,ru,ru,1.0,4,4,4,3,6104,978,15
zamshev,ru,2,False,channel,ru,ru,1.0,40,40,40,1,912,985,21
zanamiviehali,ru,2,False,channel,ru,ru,0.988,146,135,134,76,31657,64675,4
zanaryanmarinao,ru,2,False,channel,ru,ru,0.997,496,367,362,118,1087,7850,4
zanashihrus,ru,2,False,empty,unknown,unknown,0.0,0,0,0,0,,,
zangezuravtonomia,ru,2,False,channel,ru,ru,0.991,705,578,575,211,1682,5490,10
zapashnyru,ru,2,False,channel,ru,ru,0.994,286,238,222,98,24783,38159,12
zapasnayaplaneta,ru,2,False,channel,ru,ru,1.0,64,56,56,8,90,253,9
zapiski116,ru,2,False,channel,ru,ru,1.0,16,13,11,0,339,117,19
zapiski_svo,ru,2,False,channel,ru,ru,1.0,12,12,11,0,6249,764,18
zapiskistranika,ru,2,False,channel,ru,ru,1.0,130,95,93,18,2589,17890,15
zapiskivzletogolikov,ru,2,False,channel,ru,ru,1.0,142,67,67,29,1434,4161,18
zapmanjeta,ru,2,False,channel,ru,ru,1.0,310,300,297,26,1246,290,15
zapobedu_ru,ru,2,False,channel,ru,ru,1.0,242,115,111,16,1435,12202,15
zaporizka_sish,ru,2,False,channel,uk,uk,0.991,2016,1338,1337,35,4413,25362,12
zaporozhittu,ru,2,False,channel,ru,ru,1.0,543,343,343,22,666,653,16
zaporozhskayaafisha,ru,2,False,channel,ru,ru,0.997,354,177,176,53,105,92,12
zapovednoe_podlemorye,ru,2,False,channel,ru,ru,1.0,158,52,51,8,472,2882,0
zapravduzp,ru,2,False,channel,ru,ru,1.0,454,314,313,106,651,11994,16
zarkovaira,ru,2,False,channel,ru,ru,1.0,260,91,88,10,6975,37527,15
zartnir,ru,2,False,empty,unknown,unknown,0.0,0,0,0,0,,131,
zarusskiymir,ru,2,False,empty,unknown,unknown,0.0,0,0,0,0,,,
zasaima,ru,2,False,empty,unknown,unknown,0.0,0,0,0,0,,189,
zasekinru,ru,2,False,channel,ru,ru,1.0,131,128,128,0,1528,5599,6
zaslavskaja,ru,2,False,channel,ru,ru,0.993,149,120,116,57,346,1454,14
zaspecnaz_26,ru,2,False,group,ru,ru,0.996,1884,1852,1305,301,490,1096,17
zatelecom,ru,2,False,channel,ru,ru,0.997,268,229,212,85,14465,64589,11
zavalili,ru,2,False,empty,unknown,unknown,0.0,0,0,0,0,,76,
zavtracast,ru,2,False,channel,ru,ru,0.985,236,217,215,2,4988,14458,14
zdrxerson,ru,2,False,channel,ru,ru,1.0,944,628,625,190,2457,57400,7
zebratv,ru,2,False,channel,ru,ru,1.0,322,306,306,0,3556,15024,9
zedigital,ru,2,False,channel,uk,uk,1.0,83,74,69,11,63843,257669,10
zelenograd_nvp,ru,2,False,group,ru,ru,0.981,1031,984,870,51,34804,515,17
zemadmin,ru,2,False,channel,ru,ru,1.0,205,91,75,40,104,406,14
zemlyaki44,ru,2,False,channel,ru,ru,1.0,108,55,52,86,113,197,10
zemlyanea,ru,2,False,empty,unknown,unknown,0.0,0,0,0,0,,47,
zemshina,ru,2,False,channel,ru,ru,1.0,4,4,4,0,1759,338,10
zerkalo_io,ru,2,False,channel,ru,ru,0.997,2157,2035,2025,56,155812,106683,11
zernytsky_navigator,ru,2,False,channel,ru,ru,1.0,426,323,310,0,684,15894,18
zestkomi,ru,2,False,channel,ru,ru,0.991,98,69,66,0,132,283,18
zhabenok_bot,ru,2,False,empty,unknown,unknown,0.0,0,0,0,0,,,
zharikovru,ru,2,False,channel,ru,ru,0.997,200,186,183,36,3108,1786,15
zhdemdomoj,ru,2,False,channel,ru,ru,0.997,151,64,51,42,94,228,17
zheleznoe_pero,ru,2,False,empty,unknown,unknown,0.0,0,0,0,0,,,
zheleznogorskgovorun,ru,2,False,channel,ru,ru,0.99,42,39,37,25,721,1763,9
zhemchuzhina_yuga,ru,2,False,channel,ru,ru,0.997,346,278,268,9,3541,17773,11
zhest_29,ru,2,False,channel,ru,ru,1.0,138,112,102,0,1636,6835,12
zhingalovhach,ru,2,False,channel,ru,ru,0.987,25,24,24,0,1753,1221,17
zhirinovskylive,ru,2,False,channel,ru,ru,1.0,61,31,31,26,6640,21575,12
zhitvnorilske,ru,2,False,channel,ru,ru,0.997,293,180,180,4,11632,49286,6
zhivetzhebelarus,ru,2,False,channel,ru,ru,0.986,659,484,484,244,976,14882,15
zhivof,ru,2,False,empty,unknown,unknown,0.0,0,0,0,0,,,
zhizn_fm_chat,ru,2,False,group,ru,ru,0.99,8634,8057,7366,2355,0,326,15
zhkhdigital,ru,2,False,channel,ru,ru,1.0,61,61,61,30,50,138,7
zholobok_rebbe,ru,2,False,channel,ru,ru,0.99,476,416,269,222,1059,2148,15
zhovta_strichka_bot,ru,2,False,empty,unknown,unknown,0.0,0,0,0,0,,,
zhurbomba,ru,2,False,channel,ru,ru,1.0,17,17,16,4,1700,2997,7
zhurnalistka_z,ru,2,False,channel,ru,ru,1.0,199,120,115,80,1899,10826,14
zhurvesti,ru,2,False,channel,ru,ru,1.0,25,25,25,1,71,86,17
zidfan,ru,2,False,empty,unknown,unknown,0.0,0,0,0,0,,,
zilinfo,ru,2,False,channel,ru,ru,1.0,103,82,80,36,353,468,7
zimablizko,ru,2,False,empty,unknown,unknown,0.0,0,0,0,0,,,
zinaidapronchenko,ru,2,False,channel,ru,ru,1.0,19,19,18,0,44116,75297,8
zion_voice,ru,2,False,channel,ru,ru,0.997,52,52,48,3,475,4208,11
zlenkoelena,ru,2,False,channel,unknown,ru,0.0,6,6,5,5,100,79,9
zloy_kotik_mmg,ru,2,False,empty,unknown,unknown,0.0,0,0,0,0,,,
zloy_shevchen,ru,2,False,empty,unknown,unknown,0.0,0,0,0,0,,,
zloyaborigen65,ru,2,False,empty,unknown,unknown,0.0,0,0,0,0,,,
zloydos,ru,2,False,channel,ru,ru,1.0,109,92,92,4,4289,19307,13
zloyhudozhnik,ru,2,False,channel,bg,bg,0.571,2,2,2,0,2387,450,15
zloyhudoznik,ru,2,False,channel,ru,ru,1.0,6,5,5,0,32,13,15
zloysamarityanin,ru,2,False,channel,ru,ru,1.0,77,74,74,10,3450,34976,7
zlushavi,ru,2,False,empty,unknown,unknown,0.0,0,0,0,0,,20,
zmeypoh,ru,2,False,channel,ru,ru,1.0,119,108,105,42,642,3243,14
znaempravdy,ru,2,False,channel,ru,ru,1.0,1093,931,926,15,6042,9235,20
znakcity,ru,2,False,channel,ru,ru,1.0,97,65,65,2,1769,11233,14
znanie_russia,ru,2,False,channel,ru,ru,1.0,116,74,66,2,2496,42306,7
zo_telegraf,ru,2,False,channel,ru,ru,1.0,250,224,224,8,13621,41145,11
zola_prilozhenia,ru,2,False,channel,unknown,unknown,0.0,3,3,0,0,10661,286,8
zombi_teh,ru,2,False,channel,ru,ru,0.996,61,56,55,21,1428,900,16
zona54,ru,2,False,channel,ru,ru,1.0,67,66,66,6,4258,33927,1
zonaosoboho,ru,2,False,channel,ru,ru,1.0,989,888,884,281,6507,145681,20
zoomir_k,ru,2,False,empty,unknown,unknown,0.0,0,0,0,0,,54,
zoopark_ru,ru,2,False,channel,ru,ru,0.987,26,26,25,3,2174,1400,17
zoperation,ru,2,False,channel,ru,ru,1.0,969,720,709,311,4017,9242,20
zoperationzzv,ru,2,False,empty,unknown,unknown,0.0,0,0,0,0,,,
zoricwardesign,ru,2,False,empty,unknown,unknown,0.0,0,0,0,0,,468,
zorinvy,ru,2,False,channel,ru,ru,0.994,66,51,39,20,142,566,6
zov_164,ru,2,False,empty,unknown,unknown,0.0,0,0,0,0,,,
zov_dvina,ru,2,False,empty,unknown,unknown,0.0,0,0,0,0,,,
zov_live,ru,2,False,empty,unknown,unknown,0.0,0,0,0,0,,2,
zov_noy,ru,2,False,empty,unknown,unknown,0.0,0,0,0,0,,,
zov_orcs,ru,2,False,channel,ru,ru,1.0,398,378,346,28,3143,10842,6
zov_otchet,ru,2,False,channel,ru,ru,1.0,61,39,39,2,375,260,12
zov_rostov,ru,2,False,empty,unknown,unknown,0.0,0,0,0,0,,3,
zov_sirius_bot,ru,2,False,empty,unknown,unknown,0.0,0,0,0,0,,,
zov_uss,ru,2,False,channel,ru,ru,0.994,226,198,194,163,292,1965,22
zovcrimea,ru,2,False,channel,ru,ru,1.0,3314,2846,2740,650,6210,64474,7
zovofcrimea,ru,2,False,empty,unknown,unknown,0.0,0,0,0,0,,2,
zovsag,ru,2,False,group,ru,ru,0.997,22216,22199,17581,64,31725,5806,17
zovsd,ru,2,False,empty,unknown,unknown,0.0,0,0,0,0,,15,
zp_govorit,ru,2,False,channel,ru,ru,1.0,780,604,602,250,588,299,11
zpravda,ru,2,False,channel,ru,ru,1.0,1172,604,572,119,1277,9481,15
zprognozb,ru,2,False,empty,unknown,unknown,0.0,0,0,0,0,,15,
zpspasibot,ru,2,False,empty,unknown,unknown,0.0,0,0,0,0,,,
zpvestnik,ru,2,False,channel,ru,ru,1.0,294,204,203,78,19049,57917,8
zr_ru,ru,2,False,channel,ru,ru,1.0,152,152,146,2,17762,73421,16
zradio1000telegram,ru,2,False,channel,ru,ru,1.0,410,379,378,2,3595,6476,8
zradnykyglpr,ru,2,False,channel,uk,uk,1.0,88,54,53,2,19997,3983,18
zubarevich,ru,2,False,channel,ru,ru,1.0,329,327,325,1,13448,8443,9
zumerizoko,ru,2,False,channel,ru,ru,0.967,18,18,17,1,571,2980,17
zverg2022,ru,2,False,empty,unknown,unknown,0.0,0,0,0,0,,,
zverorok,ru,2,False,channel,ru,ru,0.984,80,73,71,21,896,3141,7
zvezda_analytics,ru,2,False,channel,ru,ru,1.0,556,540,424,15,2150,12225,13
zvoboz,ru,2,False,channel,ru,ru,0.999,140,124,124,17,1801,2200,9
zvoenhelp,ru,2,False,channel,ru,ru,1.0,81,57,50,1,593,1145,7
zvoinaukraina,ru,2,False,empty,unknown,unknown,0.0,0,0,0,0,,943,
zvonarra,ru,2,False,channel,ru,ru,1.0,10,8,4,0,503,479,0
zvonko_digital,ru,2,False,channel,ru,ru,1.0,68,13,13,0,696,5527,10
zyuganov,ru,2,False,channel,ru,ru,1.0,83,50,49,36,2087,8325,19
aenewsfull,cz,2,False,channel,cs,cs,1.0,211,115,115,0,222,2501,21
awakenedspecies,cz,2,False,channel,en,en,1.0,26,15,15,0,128831,144278,13
c19expertchannel,cz,2,False,empty,unknown,unknown,0.0,0,0,0,0,,12,
cesi_a_slovaci_na_telegramu,cz,2,False,channel,cs,cs,1.0,19,18,18,6,2857,4068,10
childcovidvaccineinjuriesuk,cz,2,False,channel,en,en,1.0,81,80,80,8,15725,19603,9
cnconspiracynewsroom,cz,2,False,channel,de,de,0.955,2226,1721,1605,933,4251,27130,19
covidlogika,cz,2,False,channel,cs,cs,1.0,59,56,53,9,2672,4361,6
czuso,cz,1,False,empty,unknown,unknown,0.0,0,0,0,0,,1,
delfini2022,cz,2,False,channel,ru,ru,1.0,82,66,34,33,195,346,16
deponativ,cz,2,False,channel,cs,cs,1.0,59,57,54,21,981,92,15
disclosurehub,cz,2,False,channel,en,en,0.988,233,208,204,36,30911,76674,6
dkfansadiskusie,cz,2,False,group,sk,sk,0.959,9440,9388,8753,97,7349,11547,21
dnipropetrovskaoda,cz,2,False,channel,uk,uk,0.991,259,128,126,79,105250,44984,5
drelidavid,cz,2,False,channel,en,en,1.0,3,3,3,0,2906,977,14
drhenryealy,cz,2,False,channel,en,en,1.0,194,175,161,93,2788,6740,18
drpaulalexander,cz,2,False,channel,en,en,1.0,289,289,289,0,2426,8632,22
endilluminati,cz,2,False,channel,en,en,0.93,462,426,403,121,12608,27701,7
energiediy,cz,2,False,group,sk,sk,1.0,312,310,34,1,1763,117,7
enplenaluz,cz,2,False,empty,unknown,unknown,0.0,0,0,0,0,,122,
flatearthandmore,cz,2,False,channel,en,en,1.0,468,310,304,60,13950,31366,15
gatewaypundit,cz,2,False,channel,unknown,en,0.0,21,10,6,20,79,406,13
germ_fraud,cz,2,False,channel,cs,cs,1.0,18,18,17,1,2268,888,20
govoritfursov,cz,2,False,channel,ru,ru,1.0,95,95,94,2,40061,131116,15
grodno_specnaz2,cz,2,False,channel,ru,ru,0.994,2452,1525,1456,2147,242,214,17
harveyrisch,cz,2,False,channel,en,en,1.0,58,57,57,11,2132,5224,12
huxley21,cz,2,False,empty,unknown,unknown,0.0,0,0,0,0,,,
infodefarab,cz,2,False,channel,ar,ar,1.0,160,152,151,10,217,5541,18
infodefchina,cz,2,False,channel,zh-cn,zh-cn,1.0,3,3,3,0,454,777,6
infodefensecze,cz,1,False,channel,cs,cs,1.0,1029,953,953,0,266,3421,13
infodefenseisr,cz,2,False,empty,unknown,unknown,0.0,0,0,0,0,,598,
infodefensejpn,cz,2,False,empty,unknown,unknown,0.0,0,0,0,0,,693,
infodefenselit,cz,2,False,channel,lt,lt,0.997,206,190,184,14,294,2357,7
infodefensemailbot,cz,2,False,empty,unknown,unknown,0.0,0,0,0,0,,,
infodefensened,cz,2,False,empty,unknown,unknown,0.0,0,0,0,0,,1459,
infodefensepers,cz,2,False,empty,unknown,unknown,0.0,0,0,0,0,,629,
infodefenserum,cz,2,False,channel,ro,ro,1.0,178,171,169,32,197,7056,19
infodefestonia,cz,2,False,channel,et,et,0.997,186,168,168,1,108,975,11
infodefgreece,cz,2,False,channel,el,el,1.0,244,184,176,16,169,2394,10
infodefitaly,cz,2,False,channel,it,it,0.997,837,632,599,129,3089,47817,6
infodefpoland,cz,2,False,channel,pl,pl,1.0,498,416,407,1,254,2079,19
infodefportugal,cz,2,False,channel,pt,pt,1.0,239,187,187,2,616,9374,20
infodefscandinavia,cz,2,False,channel,da,da,0.997,72,59,56,0,178,1437,7
infodefserbia,cz,2,False,channel,mk,mk,0.988,410,366,356,56,1446,19720,9
infodefspain,cz,2,False,channel,es,es,1.0,538,425,425,133,4342,30319,20
infodefturkey,cz,2,False,channel,tr,tr,1.0,16,10,10,0,690,1650,19
invictachannel,cz,2,False,empty,unknown,unknown,0.0,0,0,0,0,,2,
it6neg,cz,2,False,channel,ru,ru,1.0,16,14,14,0,539,173,16
jiznimorava,cz,2,False,empty,unknown,unknown,0.0,0,0,0,0,,6623,
kapitannormalnost,cz,2,False,channel,sk,sk,1.0,4,4,4,0,3135,1288,18
karilake,cz,2,False,empty,unknown,unknown,0.0,0,0,0,0,,,
kartografo,cz,2,False,channel,ru,ru,0.994,78,75,75,9,1022,5320,6
katiehobbs,cz,2,False,empty,unknown,unknown,0.0,0,0,0,0,,1,
ludazhors,cz,2,False,channel,ru,ru,1.0,93,84,83,1,2166,2802,7
marienmarien14,cz,2,False,empty,unknown,unknown,0.0,0,0,0,0,,167,
michalapetr,cz,1,False,empty,unknown,unknown,0.0,0,0,0,0,,6822,
miguelifornia,cz,2,False,empty,unknown,unknown,0.0,0,0,0,0,,,
mistyg17,cz,2,False,channel,en,en,0.985,326,318,288,190,6299,16426,17
naomirwolf,cz,2,False,channel,en,en,1.0,49,48,48,2,331,955,18
nashpresidentusa,cz,2,False,channel,ru,ru,1.0,19,19,19,0,829,840,7
nespime,cz,2,False,channel,cs,cs,1.0,416,403,376,33,88,698,20
newsfrontsk,cz,2,False,empty,unknown,unknown,0.0,0,0,0,0,,12771,
nolito_now,cz,2,False,channel,ru,ru,1.0,16,16,16,3,10976,7936,6
nunky_sasha,cz,2,False,channel,ru,ru,1.0,144,83,76,10,880,1135,5
ockoossr,cz,2,False,channel,sk,sk,0.978,56,55,46,12,904,803,8
olginokremlebots,cz,2,False,channel,ru,ru,0.997,358,340,330,32,1553,4799,7
p_mcculloughmd,cz,2,False,channel,en,en,1.0,539,472,472,4,10620,15618,23
pairexlandia,cz,2,False,channel,cs,cs,0.98,179,152,143,130,26,394,15
patri0tsareincontr0l,cz,2,False,channel,en,en,1.0,147,144,139,77,8363,20710,17
patriotartsfarm,cz,2,False,channel,en,en,0.983,343,333,235,211,885,3541,14
patriotsocieties,cz,2,False,empty,unknown,unknown,0.0,0,0,0,0,,7239,
pbrealstories,cz,2,False,channel,ru,ru,0.977,44,44,19,0,3254,9409,15
peachblossomchat,cz,2,False,group,ru,ru,0.997,16352,16081,12243,640,19950,8994,20
peachblossomtalks,cz,2,False,channel,ru,ru,0.992,67,65,65,30,8155,12677,17
politicalmoonshine,cz,2,False,channel,en,en,0.997,209,204,192,114,1937,5847,22
proru_by,cz,2,False,empty,unknown,unknown,0.0,0,0,0,0,,8,
proudnarodnihrdosti,cz,2,False,channel,cs,cs,0.994,53,53,53,0,4060,8482,9
qparadise,cz,2,False,channel,de,de,0.984,358,300,149,9,17717,23066,21
realcanadiannews,cz,2,False,empty,unknown,unknown,0.0,0,0,0,0,,88,
realskeshel,cz,2,False,empty,unknown,unknown,0.0,0,0,0,0,,168,
realx22report,cz,2,False,channel,en,en,0.946,185,183,180,22,88211,166166,23
reconquistask,cz,1,False,channel,sk,sk,1.0,60,44,42,0,328,699,19
redvoicemedia,cz,2,False,empty,unknown,unknown,0.0,0,0,0,0,,7,
resetheus,cz,2,False,channel,cs,cs,1.0,9,9,9,1,3126,2474,16
rodacirodakom,cz,2,False,channel,sk,sk,1.0,33,33,32,0,2450,1431,14
rozsirenevedomi,cz,2,False,empty,unknown,unknown,0.0,0,0,0,0,,3557,
rusleto,cz,2,False,channel,ru,ru,1.0,426,400,400,0,222,517,10
sarisskadrzava,cz,2,False,group,sk,sk,0.978,514,486,410,200,4437,3,16
starukhofficial,cz,2,False,channel,uk,uk,1.0,118,69,67,1,44825,11924,12
svetkolemnas,cz,2,False,channel,cs,cs,1.0,667,587,527,218,231,3015,7
temnayab,cz,2,False,channel,ru,ru,1.0,148,138,138,0,645,417,5
texaslindsay,cz,2,False,channel,en,en,1.0,18,18,17,13,3790,2486,0
thewellnesscompany,cz,2,False,channel,en,en,1.0,36,36,36,1,69354,14634,0
thexyztelegram,cz,2,False,channel,unknown,unknown,0.0,10,10,0,0,,4925,10
truthstreetjournal,cz,2,False,channel,ru,ru,1.0,82,82,82,0,28874,5587,11
us_today,cz,2,False,channel,ru,ru,1.0,10,10,10,1,3632,3454,7
usmortality,cz,2,False,channel,en,en,1.0,15,9,9,0,26758,6844,5
v_efir,cz,1,False,channel,ru,ru,1.0,1533,1330,1297,71,1731,5477,14
vadimavva,cz,2,False,empty,unknown,unknown,0.0,0,0,0,0,,,
vk_minsk,cz,2,False,channel,ru,ru,1.0,171,36,35,9,927,1574,17
wise2see,cz,2,False,channel,cs,cs,1.0,19,19,18,2,292,280,7
wokesocieties,cz,2,False,channel,en,en,0.997,480,462,444,169,6560,26675,18
zbrodnie_kryminal_afery_chat,cz,2,False,group,pl,pl,1.0,1795,1607,1387,1202,270,1798,18
zlom221,cz,2,False,group,cs,cs,0.97,2176,2164,2062,149,5721,2070,12
zvtvsk,cz,2,False,group,sk,sk,1.0,600,583,417,199,4972,2443,18
abnspravodajstvo,cz,2,False,channel,sk,sk,1.0,95,74,74,7,528,949,11
abysanezabudlo,cz,2,False,channel,sk,sk,0.961,42,42,41,1,843,1120,18
ak3y3,cz,2,False,empty,unknown,unknown,0.0,0,0,0,0,,,
aliancenarodnichsil,cz,2,False,channel,cs,cs,1.0,1354,1226,1152,1102,186,1483,8
ambasadarus,cz,2,False,channel,sk,sk,0.991,639,479,469,302,1878,2655,20
analyse_politique_ftc,cz,2,False,channel,fr,fr,0.976,10,10,8,1,237,97,9
bezuzdi,cz,2,False,channel,ru,ru,0.987,121,109,103,57,1324,4515,19
c3pmeme,cz,2,False,empty,unknown,unknown,0.0,0,0,0,0,,,
cervenopilulkovaneprojevy,cz,2,False,empty,unknown,unknown,0.0,0,0,0,0,,169,
covidvaccinevictims,cz,2,False,channel,en,en,1.0,59,12,12,0,19241,60406,1
covidvaccinevictimschat,cz,2,False,group,en,en,0.982,731,680,641,59,19241,8109,16
daadulka,cz,2,False,empty,unknown,unknown,0.0,0,0,0,0,,11,
davidicke,cz,2,False,channel,en,en,0.984,525,476,445,359,3420,20210,22
deniskopsst,cz,2,False,channel,sk,sk,1.0,11,11,9,2,425,375,7
dr_judymikovitss,cz,2,False,channel,en,en,1.0,57,57,57,0,9898,25908,14
drakmdh,cz,2,False,empty,unknown,unknown,0.0,0,0,0,0,,,
drbretweinstein,cz,2,False,empty,unknown,unknown,0.0,0,0,0,0,,592,
eaaiioa,cz,2,False,empty,unknown,unknown,0.0,0,0,0,0,,,
emmanuelgoldstein,cz,2,False,empty,unknown,unknown,0.0,0,0,0,0,,,
folgedemplan,cz,2,False,channel,de,de,0.99,2495,2311,1696,435,3206,21697,16
hfn7borv1bbjn2u8,cz,2,False,group,sk,sk,0.953,1887,1801,1604,904,3189,2637,22
hnutie_republika,cz,2,False,group,unknown,sk,0.0,13,13,1,1,5678,305,19
infinity_hackers_group,cz,2,False,channel,ru,ru,0.893,20,12,11,6,46477,1280,8
infodefarm,cz,2,False,empty,unknown,unknown,0.0,0,0,0,0,,523,
infodefaz,cz,2,False,empty,unknown,unknown,0.0,0,0,0,0,,593,
infodefensefrreserve,cz,2,False,empty,unknown,unknown,0.0,0,0,0,0,,28325,
infodefenseuz,cz,2,False,empty,unknown,unknown,0.0,0,0,0,0,,504,
infodeffrance1,cz,2,False,channel,fr,fr,1.0,472,344,341,28,4045,24633,6
infodefmagyarok,cz,2,False,empty,unknown,unknown,0.0,0,0,0,0,,3763,
infodefslo,cz,2,False,empty,unknown,unknown,0.0,0,0,0,0,,662,
infovojnaarchiv,cz,2,False,channel,sk,sk,1.0,14,14,14,0,5179,2687,13
jermwarfare,cz,2,False,channel,en,en,0.986,427,392,371,29,10516,23007,5
jozinekzbazinek,cz,2,False,channel,cs,cs,1.0,29,22,21,2,1118,869,20
kabala2komplet,cz,2,False,empty,unknown,unknown,0.0,0,0,0,0,,417,
karlshuman,cz,2,False,channel,ru,ru,1.0,26,26,25,4,1369,1083,11
katarinabokova,cz,2,False,channel,sk,sk,1.0,5,5,5,1,1199,819,21
komentuj,cz,2,False,group,sk,sk,0.987,1673,1639,1547,612,1835,247,20
ksbkposlechufordastalin,cz,2,False,empty,unknown,unknown,0.0,0,0,0,0,,259,
lendisk,cz,2,False,empty,unknown,unknown,0.0,0,0,0,0,,,
leryk,cz,2,False,empty,unknown,unknown,0.0,0,0,0,0,,,
lifeytnews,cz,2,False,empty,unknown,unknown,0.0,0,0,0,0,,54,
liontvnezavislamedia,cz,2,False,channel,cs,cs,0.995,178,124,110,52,440,285,23
lisamarie1222,cz,2,False,empty,unknown,unknown,0.0,0,0,0,0,,,
maiya,cz,2,False,empty,unknown,unknown,0.0,0,0,0,0,,,
makslifeoff,cz,2,False,channel,ru,ru,1.0,782,637,630,15,879,87948,7
manucharovofficial,cz,2,False,channel,ru,ru,0.997,96,81,77,30,6225,14160,9
mokassab_rt,cz,2,False,channel,ar,ar,1.0,207,207,205,2,1239,3275,8
mrdaam,cz,2,False,empty,unknown,unknown,0.0,0,0,0,0,,,
nestorshilo,cz,2,False,channel,ru,ru,1.0,14,10,8,0,6123,3083,4
nk_economy,cz,2,False,channel,sk,sk,0.976,54,54,50,41,246,266,17
nocommentsk,cz,2,False,channel,sk,sk,1.0,91,91,14,0,5390,7027,14
oamakeeva,cz,2,False,channel,ru,ru,1.0,143,75,75,73,161,497,8
ochrana_prav,cz,2,False,group,sk,sk,0.953,124,122,101,56,5607,369,8
odborneproti5g,cz,2,False,channel,sk,sk,1.0,4,4,4,0,740,128,7
omonby2,cz,2,False,channel,ru,ru,1.0,1814,1368,1340,536,531,3745,15
patriotseire,cz,2,False,empty,unknown,unknown,0.0,0,0,0,0,,2390,
patriotsinneed,cz,2,False,channel,en,en,1.0,3,3,3,2,135,22,3
pavo18,cz,2,False,empty,unknown,unknown,0.0,0,0,0,0,,,
pbhttp5,cz,2,False,channel,unknown,ru,0.0,2,2,1,1,1082,197,1
pblos_bot,cz,2,False,empty,unknown,unknown,0.0,0,0,0,0,,,
pbstories_bot,cz,2,False,empty,unknown,unknown,0.0,0,0,0,0,,,
planetlockdown,cz,2,False,empty,unknown,unknown,0.0,0,0,0,0,,4529,
prateleruska,cz,2,False,channel,cs,cs,0.997,174,104,104,1,394,443,17
pravoslavie24h,cz,2,False,empty,unknown,unknown,0.0,0,0,0,0,,6,
qanonczsk,cz,2,False,channel,cs,cs,0.893,6,6,6,1,682,147,11
radiouniversum,cz,2,False,channel,cs,cs,0.939,27,27,27,0,1762,3015,5
ramon,cz,2,False,empty,unknown,unknown,0.0,0,0,0,0,,,
ramon13x,cz,2,False,empty,unknown,unknown,0.0,0,0,0,0,,,
resident_ua,cz,2,False,empty,unknown,unknown,0.0,0,0,0,0,,,
rudohuliak,cz,2,False,channel,sl,sl,0.714,10,10,10,0,6241,6258,18
rudolfvavra,cz,2,False,empty,unknown,unknown,0.0,0,0,0,0,,,
ruskistatek,cz,2,False,channel,pl,pl,1.0,2325,1836,1797,22,579,4506,14
rzndrama,cz,2,False,channel,ru,ru,1.0,28,28,25,0,1120,2015,10
s4illimati,cz,2,False,channel,sk,sk,1.0,383,371,371,14,2808,7654,18
senronjohnsonus,cz,2,False,channel,en,en,1.0,32,32,32,1,4969,7496,18
shankarachetty,cz,2,False,channel,en,en,1.0,57,55,55,14,2024,5250,13
shoskupina,cz,2,False,group,sk,sk,0.977,115,115,112,59,411,170,11
shoslovensko,cz,2,False,channel,sk,sk,1.0,57,57,55,0,411,928,11
slobodavockovani,cz,2,False,channel,sk,sk,0.995,71,71,67,11,1415,3219,15
slobodavockovanidiskusia,cz,2,False,group,sk,sk,0.977,954,946,850,151,2014,550,20
slobodnyinternet,cz,2,False,channel,sk,sk,1.0,9,9,9,0,1512,695,17
sonuskaa16,cz,2,False,empty,unknown,unknown,0.0,0,0,0,0,,,
spainvlc,cz,2,False,channel,ru,ru,1.0,135,133,133,5,4306,10802,7
supremecourtofbelarus,cz,2,False,channel,ru,ru,1.0,31,20,18,1,2095,4591,14
svedominaroda,cz,2,False,channel,cs,cs,1.0,4,4,4,0,2287,1678,8
televiziaslovan,cz,2,False,channel,sk,sk,0.991,19,19,19,1,23190,13728,12
thegreateststorynevertoldcz,cz,2,False,empty,unknown,unknown,0.0,0,0,0,0,,43,
tom_po,cz,2,False,empty,unknown,unknown,0.0,0,0,0,0,,,
toparmyrus,cz,2,False,channel,ru,ru,1.0,215,193,175,38,4964,7292,16
torden_sk,cz,2,False,channel,sk,sk,1.0,12,12,12,1,715,1724,8
tvotv_sk,cz,2,False,channel,sk,sk,1.0,245,245,230,47,747,7969,11
ulandyfamily,cz,2,False,channel,ru,ru,1.0,17,10,10,0,658,362,9
unvaccinatedmedia,cz,2,False,channel,en,en,1.0,29,24,23,4,2300,2057,6
upday,cz,2,False,empty,unknown,unknown,0.0,0,0,0,0,,,
viktorvonflorida,cz,2,False,empty,unknown,unknown,0.0,0,0,0,0,,,
vlnovagenetika_cz,cz,2,False,channel,cs,cs,1.0,11,8,8,7,1174,1467,10
voen_producer,cz,2,False,channel,ru,ru,1.0,28,12,12,0,1353,23239,8
voice4mrussia,cz,2,False,channel,ru,ru,0.979,30,30,28,7,12,17,17
vzbura,cz,2,False,channel,sk,sk,0.964,16,16,10,0,707,610,9
wikileakspublishers,cz,2,False,empty,unknown,unknown,0.0,0,0,0,0,,131,
yastas_blr,cz,2,False,empty,unknown,unknown,0.0,0,0,0,0,,,
yurasumychat,cz,2,False,group,unknown,ru,0.0,450,413,408,450,1925840,61872,7
zdruzenieslovenskejinteligencie,cz,2,False,channel,sk,sk,0.905,18,18,17,3,300,381,8
zitrek_tvoris_ty,cz,2,False,channel,cs,cs,1.0,5,5,5,3,686,263,22
znovuspolu,cz,2,False,channel,sk,sk,0.992,19,19,19,0,2105,1243,9
zov_viking,cz,2,False,empty,unknown,unknown,0.0,0,0,0,0,,,
zradaxxii,cz,2,False,channel,en,en,1.0,1498,1170,1153,99,921,5422,19
